2026-01-02 08:22:18,528 ml_service_v2 INFO 🚀 ML Service initialized on device: cuda 
2026-01-02 08:22:19,054 ml_service_v2 INFO 🚀 ML Service initialized on device: cuda 
2026-01-02 08:22:19,054 ml_service_v2 INFO Loading models for BTCUSDT... 
2026-01-02 08:22:19,115 EnsembleManager WARNING ⚠️ Weights config not found at /home/jasan/Develop/trading_system/models/v2_ensemble/ensemble_weights.json, using defaults
/home/jasan/Develop/trading_system/.venv_cuda/lib/python3.12/site-packages/sklearn/base.py:463: InconsistentVersionWarning: Trying to unpickle estimator RobustScaler from version 1.7.2 when using version 1.8.0. This might lead to breaking code or invalid results. Use at your own risk. For more info please refer to:
https://scikit-learn.org/stable/model_persistence.html#security-maintainability-limitations
  warnings.warn(
2026-01-02 08:22:19,189 EnsembleManager WARNING ⚠️ Weights config not found at /home/jasan/Develop/trading_system/models/v2_ensemble/ensemble_weights.json, using defaults
/home/jasan/Develop/trading_system/.venv_cuda/lib/python3.12/site-packages/torch/nn/utils/weight_norm.py:143: FutureWarning: `torch.nn.utils.weight_norm` is deprecated in favor of `torch.nn.utils.parametrizations.weight_norm`.
  WeightNorm.apply(module, name, dim)
2026-01-02 08:22:21,544 EnsembleManager INFO ✅ Loaded tcn_v2 (tcn) - Weight: 1.0
2026-01-02 08:22:22,340 EnsembleManager INFO ✅ Loaded xgb_v2 (xgboost) - Weight: 1.0
/home/jasan/Develop/trading_system/.venv_cuda/lib/python3.12/site-packages/torch/nn/modules/transformer.py:385: UserWarning: enable_nested_tensor is True, but self.use_nested_tensor is False because encoder_layer.norm_first was True
  warnings.warn(
2026-01-02 08:22:23,439 EnsembleManager INFO ✅ Loaded transformer_v2 (transformer) - Weight: 1.0
2026-01-02 08:22:23,439 ml_service_v2 INFO ✅ Loaded BTCUSDT ensemble. 
2026-01-02 08:22:23,439 BacktesterV2 INFO 📥 Cargando últimos 7 días y 0 horas de datos para BTCUSDT...
2026-01-02 08:22:35,366 BacktesterV2 INFO ✅ Cargados 40446 registros.
2026-01-02 08:22:35,367 BacktesterV2 INFO 🚀 Iniciando simulación...
2026-01-02 08:22:35,486 ml_service_v2 INFO 🧙 Consejo v2.1: Calculated meta-features for BTCUSDT (19 features) 
2026-01-02 08:22:52,704 ml_service_v2 INFO 🧙 Consejo v2.1: Calculated meta-features for BTCUSDT (19 features) 
2026-01-02 08:22:52,719 ml_service_v2 INFO 🧙 Consejo v2.1: Calculated meta-features for BTCUSDT (19 features) 
2026-01-02 08:22:52,732 ml_service_v2 INFO 🧙 Consejo v2.1: Calculated meta-features for BTCUSDT (19 features) 
2026-01-02 08:22:52,757 ml_service_v2 INFO 🧙 Consejo v2.1: Calculated meta-features for BTCUSDT (19 features) 
2026-01-02 08:22:52,769 ml_service_v2 INFO 🧙 Consejo v2.1: Calculated meta-features for BTCUSDT (19 features) 
2026-01-02 08:22:52,798 ml_service_v2 INFO 🧙 Consejo v2.1: Calculated meta-features for BTCUSDT (19 features) 
2026-01-02 08:22:52,815 ml_service_v2 INFO 🧙 Consejo v2.1: Calculated meta-features for BTCUSDT (19 features) 
2026-01-02 08:22:52,837 ml_service_v2 INFO 🧙 Consejo v2.1: Calculated meta-features for BTCUSDT (19 features) 
2026-01-02 08:22:52,849 ml_service_v2 INFO 🧙 Consejo v2.1: Calculated meta-features for BTCUSDT (19 features) 
2026-01-02 08:22:52,876 ml_service_v2 INFO 🧙 Consejo v2.1: Calculated meta-features for BTCUSDT (19 features) 
2026-01-02 08:22:52,888 ml_service_v2 INFO 🧙 Consejo v2.1: Calculated meta-features for BTCUSDT (19 features) 
2026-01-02 08:22:52,912 ml_service_v2 INFO 🧙 Consejo v2.1: Calculated meta-features for BTCUSDT (19 features) 
2026-01-02 08:22:52,926 ml_service_v2 INFO 🧙 Consejo v2.1: Calculated meta-features for BTCUSDT (19 features) 
2026-01-02 08:22:52,939 ml_service_v2 INFO 🧙 Consejo v2.1: Calculated meta-features for BTCUSDT (19 features) 
2026-01-02 08:22:52,958 ml_service_v2 INFO 🧙 Consejo v2.1: Calculated meta-features for BTCUSDT (19 features) 
2026-01-02 08:22:52,970 ml_service_v2 INFO 🧙 Consejo v2.1: Calculated meta-features for BTCUSDT (19 features) 
2026-01-02 08:22:52,997 ml_service_v2 INFO 🧙 Consejo v2.1: Calculated meta-features for BTCUSDT (19 features) 
2026-01-02 08:22:53,009 ml_service_v2 INFO 🧙 Consejo v2.1: Calculated meta-features for BTCUSDT (19 features) 
2026-01-02 08:22:53,038 ml_service_v2 INFO 🧙 Consejo v2.1: Calculated meta-features for BTCUSDT (19 features) 
2026-01-02 08:22:53,055 ml_service_v2 INFO 🧙 Consejo v2.1: Calculated meta-features for BTCUSDT (19 features) 
2026-01-02 08:22:53,078 ml_service_v2 INFO 🧙 Consejo v2.1: Calculated meta-features for BTCUSDT (19 features) 
2026-01-02 08:22:53,089 ml_service_v2 INFO 🧙 Consejo v2.1: Calculated meta-features for BTCUSDT (19 features) 
2026-01-02 08:22:53,116 ml_service_v2 INFO 🧙 Consejo v2.1: Calculated meta-features for BTCUSDT (19 features) 
2026-01-02 08:22:53,128 ml_service_v2 INFO 🧙 Consejo v2.1: Calculated meta-features for BTCUSDT (19 features) 
2026-01-02 08:22:53,152 ml_service_v2 INFO 🧙 Consejo v2.1: Calculated meta-features for BTCUSDT (19 features) 
2026-01-02 08:22:53,166 ml_service_v2 INFO 🧙 Consejo v2.1: Calculated meta-features for BTCUSDT (19 features) 
2026-01-02 08:22:53,179 ml_service_v2 INFO 🧙 Consejo v2.1: Calculated meta-features for BTCUSDT (19 features) 
2026-01-02 08:22:53,198 ml_service_v2 INFO 🧙 Consejo v2.1: Calculated meta-features for BTCUSDT (19 features) 
2026-01-02 08:22:53,209 ml_service_v2 INFO 🧙 Consejo v2.1: Calculated meta-features for BTCUSDT (19 features) 
2026-01-02 08:22:53,237 ml_service_v2 INFO 🧙 Consejo v2.1: Calculated meta-features for BTCUSDT (19 features) 
2026-01-02 08:22:53,248 ml_service_v2 INFO 🧙 Consejo v2.1: Calculated meta-features for BTCUSDT (19 features) 
2026-01-02 08:22:53,271 ml_service_v2 INFO 🧙 Consejo v2.1: Calculated meta-features for BTCUSDT (19 features) 
2026-01-02 08:22:53,285 ml_service_v2 INFO 🧙 Consejo v2.1: Calculated meta-features for BTCUSDT (19 features) 
2026-01-02 08:22:53,296 ml_service_v2 INFO 🧙 Consejo v2.1: Calculated meta-features for BTCUSDT (19 features) 
2026-01-02 08:22:53,320 ml_service_v2 INFO 🧙 Consejo v2.1: Calculated meta-features for BTCUSDT (19 features) 
2026-01-02 08:22:53,332 ml_service_v2 INFO 🧙 Consejo v2.1: Calculated meta-features for BTCUSDT (19 features) 
2026-01-02 08:22:53,357 ml_service_v2 INFO 🧙 Consejo v2.1: Calculated meta-features for BTCUSDT (19 features) 
2026-01-02 08:22:53,368 ml_service_v2 INFO 🧙 Consejo v2.1: Calculated meta-features for BTCUSDT (19 features) 
2026-01-02 08:22:53,391 ml_service_v2 INFO 🧙 Consejo v2.1: Calculated meta-features for BTCUSDT (19 features) 
2026-01-02 08:22:53,406 ml_service_v2 INFO 🧙 Consejo v2.1: Calculated meta-features for BTCUSDT (19 features) 
2026-01-02 08:22:53,418 ml_service_v2 INFO 🧙 Consejo v2.1: Calculated meta-features for BTCUSDT (19 features) 
2026-01-02 08:22:53,438 ml_service_v2 INFO 🧙 Consejo v2.1: Calculated meta-features for BTCUSDT (19 features) 
2026-01-02 08:22:53,450 ml_service_v2 INFO 🧙 Consejo v2.1: Calculated meta-features for BTCUSDT (19 features) 
2026-01-02 08:22:53,477 ml_service_v2 INFO 🧙 Consejo v2.1: Calculated meta-features for BTCUSDT (19 features) 
2026-01-02 08:22:53,488 ml_service_v2 INFO 🧙 Consejo v2.1: Calculated meta-features for BTCUSDT (19 features) 
2026-01-02 08:22:53,512 ml_service_v2 INFO 🧙 Consejo v2.1: Calculated meta-features for BTCUSDT (19 features) 
2026-01-02 08:22:53,527 ml_service_v2 INFO 🧙 Consejo v2.1: Calculated meta-features for BTCUSDT (19 features) 
2026-01-02 08:22:53,545 ml_service_v2 INFO 🧙 Consejo v2.1: Calculated meta-features for BTCUSDT (19 features) 
2026-01-02 08:22:53,562 ml_service_v2 INFO 🧙 Consejo v2.1: Calculated meta-features for BTCUSDT (19 features) 
2026-01-02 08:22:53,577 ml_service_v2 INFO 🧙 Consejo v2.1: Calculated meta-features for BTCUSDT (19 features) 
2026-01-02 08:22:53,598 ml_service_v2 INFO 🧙 Consejo v2.1: Calculated meta-features for BTCUSDT (19 features) 
2026-01-02 08:22:53,610 ml_service_v2 INFO 🧙 Consejo v2.1: Calculated meta-features for BTCUSDT (19 features) 
2026-01-02 08:22:53,633 ml_service_v2 INFO 🧙 Consejo v2.1: Calculated meta-features for BTCUSDT (19 features) 
2026-01-02 08:22:53,645 ml_service_v2 INFO 🧙 Consejo v2.1: Calculated meta-features for BTCUSDT (19 features) 
2026-01-02 08:22:53,658 ml_service_v2 INFO 🧙 Consejo v2.1: Calculated meta-features for BTCUSDT (19 features) 
2026-01-02 08:22:53,678 ml_service_v2 INFO 🧙 Consejo v2.1: Calculated meta-features for BTCUSDT (19 features) 
2026-01-02 08:22:53,691 ml_service_v2 INFO 🧙 Consejo v2.1: Calculated meta-features for BTCUSDT (19 features) 
2026-01-02 08:22:53,717 ml_service_v2 INFO 🧙 Consejo v2.1: Calculated meta-features for BTCUSDT (19 features) 
2026-01-02 08:22:53,731 ml_service_v2 INFO 🧙 Consejo v2.1: Calculated meta-features for BTCUSDT (19 features) 
2026-01-02 08:22:53,758 ml_service_v2 INFO 🧙 Consejo v2.1: Calculated meta-features for BTCUSDT (19 features) 
2026-01-02 08:22:53,769 ml_service_v2 INFO 🧙 Consejo v2.1: Calculated meta-features for BTCUSDT (19 features) 
2026-01-02 08:22:53,784 ml_service_v2 INFO 🧙 Consejo v2.1: Calculated meta-features for BTCUSDT (19 features) 
2026-01-02 08:22:53,802 ml_service_v2 INFO 🧙 Consejo v2.1: Calculated meta-features for BTCUSDT (19 features) 
2026-01-02 08:22:53,814 ml_service_v2 INFO 🧙 Consejo v2.1: Calculated meta-features for BTCUSDT (19 features) 
2026-01-02 08:22:53,833 ml_service_v2 INFO 🧙 Consejo v2.1: Calculated meta-features for BTCUSDT (19 features) 
2026-01-02 08:22:53,846 ml_service_v2 INFO 🧙 Consejo v2.1: Calculated meta-features for BTCUSDT (19 features) 
2026-01-02 08:22:53,859 ml_service_v2 INFO 🧙 Consejo v2.1: Calculated meta-features for BTCUSDT (19 features) 
2026-01-02 08:22:53,883 ml_service_v2 INFO 🧙 Consejo v2.1: Calculated meta-features for BTCUSDT (19 features) 
2026-01-02 08:22:53,895 ml_service_v2 INFO 🧙 Consejo v2.1: Calculated meta-features for BTCUSDT (19 features) 
2026-01-02 08:22:53,915 ml_service_v2 INFO 🧙 Consejo v2.1: Calculated meta-features for BTCUSDT (19 features) 
2026-01-02 08:22:53,928 ml_service_v2 INFO 🧙 Consejo v2.1: Calculated meta-features for BTCUSDT (19 features) 
2026-01-02 08:22:53,944 ml_service_v2 INFO 🧙 Consejo v2.1: Calculated meta-features for BTCUSDT (19 features) 
2026-01-02 08:22:53,963 ml_service_v2 INFO 🧙 Consejo v2.1: Calculated meta-features for BTCUSDT (19 features) 
2026-01-02 08:22:53,981 ml_service_v2 INFO 🧙 Consejo v2.1: Calculated meta-features for BTCUSDT (19 features) 
2026-01-02 08:22:54,003 ml_service_v2 INFO 🧙 Consejo v2.1: Calculated meta-features for BTCUSDT (19 features) 
2026-01-02 08:22:54,015 ml_service_v2 INFO 🧙 Consejo v2.1: Calculated meta-features for BTCUSDT (19 features) 
2026-01-02 08:22:54,034 ml_service_v2 INFO 🧙 Consejo v2.1: Calculated meta-features for BTCUSDT (19 features) 
2026-01-02 08:22:54,046 ml_service_v2 INFO 🧙 Consejo v2.1: Calculated meta-features for BTCUSDT (19 features) 
2026-01-02 08:22:54,059 ml_service_v2 INFO 🧙 Consejo v2.1: Calculated meta-features for BTCUSDT (19 features) 
2026-01-02 08:22:54,083 ml_service_v2 INFO 🧙 Consejo v2.1: Calculated meta-features for BTCUSDT (19 features) 
2026-01-02 08:22:54,094 ml_service_v2 INFO 🧙 Consejo v2.1: Calculated meta-features for BTCUSDT (19 features) 
2026-01-02 08:22:54,106 ml_service_v2 INFO 🧙 Consejo v2.1: Calculated meta-features for BTCUSDT (19 features) 
2026-01-02 08:22:54,124 ml_service_v2 INFO 🧙 Consejo v2.1: Calculated meta-features for BTCUSDT (19 features) 
2026-01-02 08:22:54,135 ml_service_v2 INFO 🧙 Consejo v2.1: Calculated meta-features for BTCUSDT (19 features) 
2026-01-02 08:22:54,150 ml_service_v2 INFO 🧙 Consejo v2.1: Calculated meta-features for BTCUSDT (19 features) 
2026-01-02 08:22:54,166 ml_service_v2 INFO 🧙 Consejo v2.1: Calculated meta-features for BTCUSDT (19 features) 
2026-01-02 08:22:54,179 ml_service_v2 INFO 🧙 Consejo v2.1: Calculated meta-features for BTCUSDT (19 features) 
2026-01-02 08:22:54,203 ml_service_v2 INFO 🧙 Consejo v2.1: Calculated meta-features for BTCUSDT (19 features) 
2026-01-02 08:22:54,215 ml_service_v2 INFO 🧙 Consejo v2.1: Calculated meta-features for BTCUSDT (19 features) 
2026-01-02 08:22:54,227 ml_service_v2 INFO 🧙 Consejo v2.1: Calculated meta-features for BTCUSDT (19 features) 
2026-01-02 08:22:54,246 ml_service_v2 INFO 🧙 Consejo v2.1: Calculated meta-features for BTCUSDT (19 features) 
2026-01-02 08:22:54,260 ml_service_v2 INFO 🧙 Consejo v2.1: Calculated meta-features for BTCUSDT (19 features) 
2026-01-02 08:22:54,283 ml_service_v2 INFO 🧙 Consejo v2.1: Calculated meta-features for BTCUSDT (19 features) 
2026-01-02 08:22:54,299 ml_service_v2 INFO 🧙 Consejo v2.1: Calculated meta-features for BTCUSDT (19 features) 
2026-01-02 08:22:54,325 ml_service_v2 INFO 🧙 Consejo v2.1: Calculated meta-features for BTCUSDT (19 features) 
2026-01-02 08:22:54,341 ml_service_v2 INFO 🧙 Consejo v2.1: Calculated meta-features for BTCUSDT (19 features) 
2026-01-02 08:22:54,366 ml_service_v2 INFO 🧙 Consejo v2.1: Calculated meta-features for BTCUSDT (19 features) 
2026-01-02 08:22:54,384 ml_service_v2 INFO 🧙 Consejo v2.1: Calculated meta-features for BTCUSDT (19 features) 
2026-01-02 08:22:54,407 ml_service_v2 INFO 🧙 Consejo v2.1: Calculated meta-features for BTCUSDT (19 features) 
2026-01-02 08:22:54,424 ml_service_v2 INFO 🧙 Consejo v2.1: Calculated meta-features for BTCUSDT (19 features) 
2026-01-02 08:22:54,452 ml_service_v2 INFO 🧙 Consejo v2.1: Calculated meta-features for BTCUSDT (19 features) 
2026-01-02 08:22:54,464 ml_service_v2 INFO 🧙 Consejo v2.1: Calculated meta-features for BTCUSDT (19 features) 
2026-01-02 08:22:54,482 ml_service_v2 INFO 🧙 Consejo v2.1: Calculated meta-features for BTCUSDT (19 features) 
2026-01-02 08:22:54,494 ml_service_v2 INFO 🧙 Consejo v2.1: Calculated meta-features for BTCUSDT (19 features) 
2026-01-02 08:22:54,506 ml_service_v2 INFO 🧙 Consejo v2.1: Calculated meta-features for BTCUSDT (19 features) 
2026-01-02 08:22:54,524 ml_service_v2 INFO 🧙 Consejo v2.1: Calculated meta-features for BTCUSDT (19 features) 
2026-01-02 08:22:54,535 ml_service_v2 INFO 🧙 Consejo v2.1: Calculated meta-features for BTCUSDT (19 features) 
2026-01-02 08:22:54,554 ml_service_v2 INFO 🧙 Consejo v2.1: Calculated meta-features for BTCUSDT (19 features) 
2026-01-02 08:22:54,567 ml_service_v2 INFO 🧙 Consejo v2.1: Calculated meta-features for BTCUSDT (19 features) 
2026-01-02 08:22:54,582 ml_service_v2 INFO 🧙 Consejo v2.1: Calculated meta-features for BTCUSDT (19 features) 
2026-01-02 08:22:54,603 ml_service_v2 INFO 🧙 Consejo v2.1: Calculated meta-features for BTCUSDT (19 features) 
2026-01-02 08:22:54,616 ml_service_v2 INFO 🧙 Consejo v2.1: Calculated meta-features for BTCUSDT (19 features) 
2026-01-02 08:22:54,627 ml_service_v2 INFO 🧙 Consejo v2.1: Calculated meta-features for BTCUSDT (19 features) 
2026-01-02 08:22:54,645 ml_service_v2 INFO 🧙 Consejo v2.1: Calculated meta-features for BTCUSDT (19 features) 
2026-01-02 08:22:54,657 ml_service_v2 INFO 🧙 Consejo v2.1: Calculated meta-features for BTCUSDT (19 features) 
2026-01-02 08:22:54,669 ml_service_v2 INFO 🧙 Consejo v2.1: Calculated meta-features for BTCUSDT (19 features) 
2026-01-02 08:22:54,687 ml_service_v2 INFO 🧙 Consejo v2.1: Calculated meta-features for BTCUSDT (19 features) 
2026-01-02 08:22:54,700 ml_service_v2 INFO 🧙 Consejo v2.1: Calculated meta-features for BTCUSDT (19 features) 
2026-01-02 08:22:54,723 ml_service_v2 INFO 🧙 Consejo v2.1: Calculated meta-features for BTCUSDT (19 features) 
2026-01-02 08:22:54,735 ml_service_v2 INFO 🧙 Consejo v2.1: Calculated meta-features for BTCUSDT (19 features) 
2026-01-02 08:22:54,747 ml_service_v2 INFO 🧙 Consejo v2.1: Calculated meta-features for BTCUSDT (19 features) 
2026-01-02 08:22:54,765 ml_service_v2 INFO 🧙 Consejo v2.1: Calculated meta-features for BTCUSDT (19 features) 
2026-01-02 08:22:54,777 ml_service_v2 INFO 🧙 Consejo v2.1: Calculated meta-features for BTCUSDT (19 features) 
2026-01-02 08:22:54,796 ml_service_v2 INFO 🧙 Consejo v2.1: Calculated meta-features for BTCUSDT (19 features) 
2026-01-02 08:22:54,810 ml_service_v2 INFO 🧙 Consejo v2.1: Calculated meta-features for BTCUSDT (19 features) 
2026-01-02 08:22:54,826 ml_service_v2 INFO 🧙 Consejo v2.1: Calculated meta-features for BTCUSDT (19 features) 
2026-01-02 08:22:54,846 ml_service_v2 INFO 🧙 Consejo v2.1: Calculated meta-features for BTCUSDT (19 features) 
2026-01-02 08:22:54,862 ml_service_v2 INFO 🧙 Consejo v2.1: Calculated meta-features for BTCUSDT (19 features) 
2026-01-02 08:22:54,885 ml_service_v2 INFO 🧙 Consejo v2.1: Calculated meta-features for BTCUSDT (19 features) 
2026-01-02 08:22:54,897 ml_service_v2 INFO 🧙 Consejo v2.1: Calculated meta-features for BTCUSDT (19 features) 
2026-01-02 08:22:54,922 ml_service_v2 INFO 🧙 Consejo v2.1: Calculated meta-features for BTCUSDT (19 features) 
2026-01-02 08:22:54,935 ml_service_v2 INFO 🧙 Consejo v2.1: Calculated meta-features for BTCUSDT (19 features) 
2026-01-02 08:22:54,947 ml_service_v2 INFO 🧙 Consejo v2.1: Calculated meta-features for BTCUSDT (19 features) 
2026-01-02 08:22:54,966 ml_service_v2 INFO 🧙 Consejo v2.1: Calculated meta-features for BTCUSDT (19 features) 
2026-01-02 08:22:54,978 ml_service_v2 INFO 🧙 Consejo v2.1: Calculated meta-features for BTCUSDT (19 features) 
2026-01-02 08:22:54,998 ml_service_v2 INFO 🧙 Consejo v2.1: Calculated meta-features for BTCUSDT (19 features) 
2026-01-02 08:22:55,010 ml_service_v2 INFO 🧙 Consejo v2.1: Calculated meta-features for BTCUSDT (19 features) 
2026-01-02 08:22:55,024 ml_service_v2 INFO 🧙 Consejo v2.1: Calculated meta-features for BTCUSDT (19 features) 
2026-01-02 08:22:55,045 ml_service_v2 INFO 🧙 Consejo v2.1: Calculated meta-features for BTCUSDT (19 features) 
2026-01-02 08:22:55,057 ml_service_v2 INFO 🧙 Consejo v2.1: Calculated meta-features for BTCUSDT (19 features) 
2026-01-02 08:22:55,072 ml_service_v2 INFO 🧙 Consejo v2.1: Calculated meta-features for BTCUSDT (19 features) 
2026-01-02 08:22:55,086 ml_service_v2 INFO 🧙 Consejo v2.1: Calculated meta-features for BTCUSDT (19 features) 
2026-01-02 08:22:55,099 ml_service_v2 INFO 🧙 Consejo v2.1: Calculated meta-features for BTCUSDT (19 features) 
2026-01-02 08:22:55,118 ml_service_v2 INFO 🧙 Consejo v2.1: Calculated meta-features for BTCUSDT (19 features) 
2026-01-02 08:22:55,133 ml_service_v2 INFO 🧙 Consejo v2.1: Calculated meta-features for BTCUSDT (19 features) 
2026-01-02 08:22:55,147 ml_service_v2 INFO 🧙 Consejo v2.1: Calculated meta-features for BTCUSDT (19 features) 
2026-01-02 08:22:55,169 ml_service_v2 INFO 🧙 Consejo v2.1: Calculated meta-features for BTCUSDT (19 features) 
2026-01-02 08:22:55,185 ml_service_v2 INFO 🧙 Consejo v2.1: Calculated meta-features for BTCUSDT (19 features) 
2026-01-02 08:22:55,207 ml_service_v2 INFO 🧙 Consejo v2.1: Calculated meta-features for BTCUSDT (19 features) 
2026-01-02 08:22:55,220 ml_service_v2 INFO 🧙 Consejo v2.1: Calculated meta-features for BTCUSDT (19 features) 
2026-01-02 08:22:55,238 ml_service_v2 INFO 🧙 Consejo v2.1: Calculated meta-features for BTCUSDT (19 features) 
2026-01-02 08:22:55,252 ml_service_v2 INFO 🧙 Consejo v2.1: Calculated meta-features for BTCUSDT (19 features) 
2026-01-02 08:22:55,264 ml_service_v2 INFO 🧙 Consejo v2.1: Calculated meta-features for BTCUSDT (19 features) 
2026-01-02 08:22:55,286 ml_service_v2 INFO 🧙 Consejo v2.1: Calculated meta-features for BTCUSDT (19 features) 
2026-01-02 08:22:55,300 ml_service_v2 INFO 🧙 Consejo v2.1: Calculated meta-features for BTCUSDT (19 features) 
2026-01-02 08:22:55,320 ml_service_v2 INFO 🧙 Consejo v2.1: Calculated meta-features for BTCUSDT (19 features) 
2026-01-02 08:22:55,333 ml_service_v2 INFO 🧙 Consejo v2.1: Calculated meta-features for BTCUSDT (19 features) 
2026-01-02 08:22:55,347 ml_service_v2 INFO 🧙 Consejo v2.1: Calculated meta-features for BTCUSDT (19 features) 
2026-01-02 08:22:55,366 ml_service_v2 INFO 🧙 Consejo v2.1: Calculated meta-features for BTCUSDT (19 features) 
2026-01-02 08:22:55,381 ml_service_v2 INFO 🧙 Consejo v2.1: Calculated meta-features for BTCUSDT (19 features) 
2026-01-02 08:22:55,410 ml_service_v2 INFO 🧙 Consejo v2.1: Calculated meta-features for BTCUSDT (19 features) 
2026-01-02 08:22:55,424 ml_service_v2 INFO 🧙 Consejo v2.1: Calculated meta-features for BTCUSDT (19 features) 
2026-01-02 08:22:55,446 ml_service_v2 INFO 🧙 Consejo v2.1: Calculated meta-features for BTCUSDT (19 features) 
2026-01-02 08:22:55,460 ml_service_v2 INFO 🧙 Consejo v2.1: Calculated meta-features for BTCUSDT (19 features) 
2026-01-02 08:22:55,479 ml_service_v2 INFO 🧙 Consejo v2.1: Calculated meta-features for BTCUSDT (19 features) 
2026-01-02 08:22:55,493 ml_service_v2 INFO 🧙 Consejo v2.1: Calculated meta-features for BTCUSDT (19 features) 
2026-01-02 08:22:55,505 ml_service_v2 INFO 🧙 Consejo v2.1: Calculated meta-features for BTCUSDT (19 features) 
2026-01-02 08:22:55,527 ml_service_v2 INFO 🧙 Consejo v2.1: Calculated meta-features for BTCUSDT (19 features) 
2026-01-02 08:22:55,541 ml_service_v2 INFO 🧙 Consejo v2.1: Calculated meta-features for BTCUSDT (19 features) 
2026-01-02 08:22:55,564 ml_service_v2 INFO 🧙 Consejo v2.1: Calculated meta-features for BTCUSDT (19 features) 
2026-01-02 08:22:55,576 ml_service_v2 INFO 🧙 Consejo v2.1: Calculated meta-features for BTCUSDT (19 features) 
2026-01-02 08:22:55,588 ml_service_v2 INFO 🧙 Consejo v2.1: Calculated meta-features for BTCUSDT (19 features) 
2026-01-02 08:22:55,608 ml_service_v2 INFO 🧙 Consejo v2.1: Calculated meta-features for BTCUSDT (19 features) 
2026-01-02 08:22:55,623 ml_service_v2 INFO 🧙 Consejo v2.1: Calculated meta-features for BTCUSDT (19 features) 
2026-01-02 08:22:55,647 ml_service_v2 INFO 🧙 Consejo v2.1: Calculated meta-features for BTCUSDT (19 features) 
2026-01-02 08:22:55,662 ml_service_v2 INFO 🧙 Consejo v2.1: Calculated meta-features for BTCUSDT (19 features) 
2026-01-02 08:22:55,686 ml_service_v2 INFO 🧙 Consejo v2.1: Calculated meta-features for BTCUSDT (19 features) 
2026-01-02 08:22:55,700 ml_service_v2 INFO 🧙 Consejo v2.1: Calculated meta-features for BTCUSDT (19 features) 
2026-01-02 08:22:55,712 ml_service_v2 INFO 🧙 Consejo v2.1: Calculated meta-features for BTCUSDT (19 features) 
2026-01-02 08:22:55,727 ml_service_v2 INFO 🧙 Consejo v2.1: Calculated meta-features for BTCUSDT (19 features) 
2026-01-02 08:22:55,743 ml_service_v2 INFO 🧙 Consejo v2.1: Calculated meta-features for BTCUSDT (19 features) 
2026-01-02 08:22:55,767 ml_service_v2 INFO 🧙 Consejo v2.1: Calculated meta-features for BTCUSDT (19 features) 
2026-01-02 08:22:55,782 ml_service_v2 INFO 🧙 Consejo v2.1: Calculated meta-features for BTCUSDT (19 features) 
2026-01-02 08:22:55,806 ml_service_v2 INFO 🧙 Consejo v2.1: Calculated meta-features for BTCUSDT (19 features) 
2026-01-02 08:22:55,818 ml_service_v2 INFO 🧙 Consejo v2.1: Calculated meta-features for BTCUSDT (19 features) 
2026-01-02 08:22:55,829 ml_service_v2 INFO 🧙 Consejo v2.1: Calculated meta-features for BTCUSDT (19 features) 
2026-01-02 08:22:55,848 ml_service_v2 INFO 🧙 Consejo v2.1: Calculated meta-features for BTCUSDT (19 features) 
2026-01-02 08:22:55,864 ml_service_v2 INFO 🧙 Consejo v2.1: Calculated meta-features for BTCUSDT (19 features) 
2026-01-02 08:22:55,888 ml_service_v2 INFO 🧙 Consejo v2.1: Calculated meta-features for BTCUSDT (19 features) 
2026-01-02 08:22:55,903 ml_service_v2 INFO 🧙 Consejo v2.1: Calculated meta-features for BTCUSDT (19 features) 
2026-01-02 08:22:55,927 ml_service_v2 INFO 🧙 Consejo v2.1: Calculated meta-features for BTCUSDT (19 features) 
2026-01-02 08:22:55,943 ml_service_v2 INFO 🧙 Consejo v2.1: Calculated meta-features for BTCUSDT (19 features) 
2026-01-02 08:22:55,966 ml_service_v2 INFO 🧙 Consejo v2.1: Calculated meta-features for BTCUSDT (19 features) 
2026-01-02 08:22:55,980 ml_service_v2 INFO 🧙 Consejo v2.1: Calculated meta-features for BTCUSDT (19 features) 
2026-01-02 08:22:55,998 ml_service_v2 INFO 🧙 Consejo v2.1: Calculated meta-features for BTCUSDT (19 features) 
2026-01-02 08:22:56,012 ml_service_v2 INFO 🧙 Consejo v2.1: Calculated meta-features for BTCUSDT (19 features) 
2026-01-02 08:22:56,025 ml_service_v2 INFO 🧙 Consejo v2.1: Calculated meta-features for BTCUSDT (19 features) 
2026-01-02 08:22:56,047 ml_service_v2 INFO 🧙 Consejo v2.1: Calculated meta-features for BTCUSDT (19 features) 
2026-01-02 08:22:56,060 ml_service_v2 INFO 🧙 Consejo v2.1: Calculated meta-features for BTCUSDT (19 features) 
2026-01-02 08:22:56,079 ml_service_v2 INFO 🧙 Consejo v2.1: Calculated meta-features for BTCUSDT (19 features) 
2026-01-02 08:22:56,093 ml_service_v2 INFO 🧙 Consejo v2.1: Calculated meta-features for BTCUSDT (19 features) 
2026-01-02 08:22:56,105 ml_service_v2 INFO 🧙 Consejo v2.1: Calculated meta-features for BTCUSDT (19 features) 
2026-01-02 08:22:56,128 ml_service_v2 INFO 🧙 Consejo v2.1: Calculated meta-features for BTCUSDT (19 features) 
2026-01-02 08:22:56,143 ml_service_v2 INFO 🧙 Consejo v2.1: Calculated meta-features for BTCUSDT (19 features) 
2026-01-02 08:22:56,167 ml_service_v2 INFO 🧙 Consejo v2.1: Calculated meta-features for BTCUSDT (19 features) 
2026-01-02 08:22:56,183 ml_service_v2 INFO 🧙 Consejo v2.1: Calculated meta-features for BTCUSDT (19 features) 
2026-01-02 08:22:56,207 ml_service_v2 INFO 🧙 Consejo v2.1: Calculated meta-features for BTCUSDT (19 features) 
2026-01-02 08:22:56,220 ml_service_v2 INFO 🧙 Consejo v2.1: Calculated meta-features for BTCUSDT (19 features) 
2026-01-02 08:22:56,239 ml_service_v2 INFO 🧙 Consejo v2.1: Calculated meta-features for BTCUSDT (19 features) 
2026-01-02 08:22:56,253 ml_service_v2 INFO 🧙 Consejo v2.1: Calculated meta-features for BTCUSDT (19 features) 
2026-01-02 08:22:56,265 ml_service_v2 INFO 🧙 Consejo v2.1: Calculated meta-features for BTCUSDT (19 features) 
2026-01-02 08:22:56,288 ml_service_v2 INFO 🧙 Consejo v2.1: Calculated meta-features for BTCUSDT (19 features) 
2026-01-02 08:22:56,303 ml_service_v2 INFO 🧙 Consejo v2.1: Calculated meta-features for BTCUSDT (19 features) 
2026-01-02 08:22:56,327 ml_service_v2 INFO 🧙 Consejo v2.1: Calculated meta-features for BTCUSDT (19 features) 
2026-01-02 08:22:56,340 ml_service_v2 INFO 🧙 Consejo v2.1: Calculated meta-features for BTCUSDT (19 features) 
2026-01-02 08:22:56,359 ml_service_v2 INFO 🧙 Consejo v2.1: Calculated meta-features for BTCUSDT (19 features) 
2026-01-02 08:22:56,373 ml_service_v2 INFO 🧙 Consejo v2.1: Calculated meta-features for BTCUSDT (19 features) 
2026-01-02 08:22:56,387 ml_service_v2 INFO 🧙 Consejo v2.1: Calculated meta-features for BTCUSDT (19 features) 
2026-01-02 08:22:56,407 ml_service_v2 INFO 🧙 Consejo v2.1: Calculated meta-features for BTCUSDT (19 features) 
2026-01-02 08:22:56,423 ml_service_v2 INFO 🧙 Consejo v2.1: Calculated meta-features for BTCUSDT (19 features) 
2026-01-02 08:22:56,447 ml_service_v2 INFO 🧙 Consejo v2.1: Calculated meta-features for BTCUSDT (19 features) 
2026-01-02 08:22:56,461 ml_service_v2 INFO 🧙 Consejo v2.1: Calculated meta-features for BTCUSDT (19 features) 
2026-01-02 08:22:56,481 ml_service_v2 INFO 🧙 Consejo v2.1: Calculated meta-features for BTCUSDT (19 features) 
2026-01-02 08:22:56,493 ml_service_v2 INFO 🧙 Consejo v2.1: Calculated meta-features for BTCUSDT (19 features) 
2026-01-02 08:22:56,505 ml_service_v2 INFO 🧙 Consejo v2.1: Calculated meta-features for BTCUSDT (19 features) 
2026-01-02 08:22:56,528 ml_service_v2 INFO 🧙 Consejo v2.1: Calculated meta-features for BTCUSDT (19 features) 
2026-01-02 08:22:56,544 ml_service_v2 INFO 🧙 Consejo v2.1: Calculated meta-features for BTCUSDT (19 features) 
2026-01-02 08:22:56,568 ml_service_v2 INFO 🧙 Consejo v2.1: Calculated meta-features for BTCUSDT (19 features) 
2026-01-02 08:22:56,583 ml_service_v2 INFO 🧙 Consejo v2.1: Calculated meta-features for BTCUSDT (19 features) 
2026-01-02 08:22:56,607 ml_service_v2 INFO 🧙 Consejo v2.1: Calculated meta-features for BTCUSDT (19 features) 
2026-01-02 08:22:56,620 ml_service_v2 INFO 🧙 Consejo v2.1: Calculated meta-features for BTCUSDT (19 features) 
2026-01-02 08:22:56,635 ml_service_v2 INFO 🧙 Consejo v2.1: Calculated meta-features for BTCUSDT (19 features) 
2026-01-02 08:22:56,652 ml_service_v2 INFO 🧙 Consejo v2.1: Calculated meta-features for BTCUSDT (19 features) 
2026-01-02 08:22:56,665 ml_service_v2 INFO 🧙 Consejo v2.1: Calculated meta-features for BTCUSDT (19 features) 
2026-01-02 08:22:56,689 ml_service_v2 INFO 🧙 Consejo v2.1: Calculated meta-features for BTCUSDT (19 features) 
2026-01-02 08:22:56,704 ml_service_v2 INFO 🧙 Consejo v2.1: Calculated meta-features for BTCUSDT (19 features) 
2026-01-02 08:22:56,728 ml_service_v2 INFO 🧙 Consejo v2.1: Calculated meta-features for BTCUSDT (19 features) 
2026-01-02 08:22:56,744 ml_service_v2 INFO 🧙 Consejo v2.1: Calculated meta-features for BTCUSDT (19 features) 
2026-01-02 08:22:56,770 ml_service_v2 INFO 🧙 Consejo v2.1: Calculated meta-features for BTCUSDT (19 features) 
2026-01-02 08:22:56,786 ml_service_v2 INFO 🧙 Consejo v2.1: Calculated meta-features for BTCUSDT (19 features) 
2026-01-02 08:22:56,809 ml_service_v2 INFO 🧙 Consejo v2.1: Calculated meta-features for BTCUSDT (19 features) 
2026-01-02 08:22:56,824 ml_service_v2 INFO 🧙 Consejo v2.1: Calculated meta-features for BTCUSDT (19 features) 
2026-01-02 08:22:56,848 ml_service_v2 INFO 🧙 Consejo v2.1: Calculated meta-features for BTCUSDT (19 features) 
2026-01-02 08:22:56,863 ml_service_v2 INFO 🧙 Consejo v2.1: Calculated meta-features for BTCUSDT (19 features) 
2026-01-02 08:22:56,886 ml_service_v2 INFO 🧙 Consejo v2.1: Calculated meta-features for BTCUSDT (19 features) 
2026-01-02 08:22:56,899 ml_service_v2 INFO 🧙 Consejo v2.1: Calculated meta-features for BTCUSDT (19 features) 
2026-01-02 08:22:56,911 ml_service_v2 INFO 🧙 Consejo v2.1: Calculated meta-features for BTCUSDT (19 features) 
2026-01-02 08:22:56,930 ml_service_v2 INFO 🧙 Consejo v2.1: Calculated meta-features for BTCUSDT (19 features) 
2026-01-02 08:22:56,944 ml_service_v2 INFO 🧙 Consejo v2.1: Calculated meta-features for BTCUSDT (19 features) 
2026-01-02 08:22:56,967 ml_service_v2 INFO 🧙 Consejo v2.1: Calculated meta-features for BTCUSDT (19 features) 
2026-01-02 08:22:56,980 ml_service_v2 INFO 🧙 Consejo v2.1: Calculated meta-features for BTCUSDT (19 features) 
2026-01-02 08:22:56,992 ml_service_v2 INFO 🧙 Consejo v2.1: Calculated meta-features for BTCUSDT (19 features) 
2026-01-02 08:22:57,011 ml_service_v2 INFO 🧙 Consejo v2.1: Calculated meta-features for BTCUSDT (19 features) 
2026-01-02 08:22:57,023 ml_service_v2 INFO 🧙 Consejo v2.1: Calculated meta-features for BTCUSDT (19 features) 
2026-01-02 08:22:57,047 ml_service_v2 INFO 🧙 Consejo v2.1: Calculated meta-features for BTCUSDT (19 features) 
2026-01-02 08:22:57,061 ml_service_v2 INFO 🧙 Consejo v2.1: Calculated meta-features for BTCUSDT (19 features) 
2026-01-02 08:22:57,073 ml_service_v2 INFO 🧙 Consejo v2.1: Calculated meta-features for BTCUSDT (19 features) 
2026-01-02 08:22:57,091 ml_service_v2 INFO 🧙 Consejo v2.1: Calculated meta-features for BTCUSDT (19 features) 
2026-01-02 08:22:57,104 ml_service_v2 INFO 🧙 Consejo v2.1: Calculated meta-features for BTCUSDT (19 features) 
2026-01-02 08:22:57,128 ml_service_v2 INFO 🧙 Consejo v2.1: Calculated meta-features for BTCUSDT (19 features) 
2026-01-02 08:22:57,144 ml_service_v2 INFO 🧙 Consejo v2.1: Calculated meta-features for BTCUSDT (19 features) 
2026-01-02 08:22:57,167 ml_service_v2 INFO 🧙 Consejo v2.1: Calculated meta-features for BTCUSDT (19 features) 
2026-01-02 08:22:57,183 ml_service_v2 INFO 🧙 Consejo v2.1: Calculated meta-features for BTCUSDT (19 features) 
2026-01-02 08:22:57,204 ml_service_v2 INFO 🧙 Consejo v2.1: Calculated meta-features for BTCUSDT (19 features) 
2026-01-02 08:22:57,217 ml_service_v2 INFO 🧙 Consejo v2.1: Calculated meta-features for BTCUSDT (19 features) 
2026-01-02 08:22:57,229 ml_service_v2 INFO 🧙 Consejo v2.1: Calculated meta-features for BTCUSDT (19 features) 
2026-01-02 08:22:57,250 ml_service_v2 INFO 🧙 Consejo v2.1: Calculated meta-features for BTCUSDT (19 features) 
2026-01-02 08:22:57,265 ml_service_v2 INFO 🧙 Consejo v2.1: Calculated meta-features for BTCUSDT (19 features) 
2026-01-02 08:22:57,289 ml_service_v2 INFO 🧙 Consejo v2.1: Calculated meta-features for BTCUSDT (19 features) 
2026-01-02 08:22:57,305 ml_service_v2 INFO 🧙 Consejo v2.1: Calculated meta-features for BTCUSDT (19 features) 
2026-01-02 08:22:57,330 ml_service_v2 INFO 🧙 Consejo v2.1: Calculated meta-features for BTCUSDT (19 features) 
2026-01-02 08:22:57,344 ml_service_v2 INFO 🧙 Consejo v2.1: Calculated meta-features for BTCUSDT (19 features) 
2026-01-02 08:22:57,368 ml_service_v2 INFO 🧙 Consejo v2.1: Calculated meta-features for BTCUSDT (19 features) 
2026-01-02 08:22:57,384 ml_service_v2 INFO 🧙 Consejo v2.1: Calculated meta-features for BTCUSDT (19 features) 
2026-01-02 08:22:57,407 ml_service_v2 INFO 🧙 Consejo v2.1: Calculated meta-features for BTCUSDT (19 features) 
2026-01-02 08:22:57,422 ml_service_v2 INFO 🧙 Consejo v2.1: Calculated meta-features for BTCUSDT (19 features) 
2026-01-02 08:22:57,437 ml_service_v2 INFO 🧙 Consejo v2.1: Calculated meta-features for BTCUSDT (19 features) 
2026-01-02 08:22:57,453 ml_service_v2 INFO 🧙 Consejo v2.1: Calculated meta-features for BTCUSDT (19 features) 
2026-01-02 08:22:57,466 ml_service_v2 INFO 🧙 Consejo v2.1: Calculated meta-features for BTCUSDT (19 features) 
2026-01-02 08:22:57,489 ml_service_v2 INFO 🧙 Consejo v2.1: Calculated meta-features for BTCUSDT (19 features) 
2026-01-02 08:22:57,505 ml_service_v2 INFO 🧙 Consejo v2.1: Calculated meta-features for BTCUSDT (19 features) 
2026-01-02 08:22:57,529 ml_service_v2 INFO 🧙 Consejo v2.1: Calculated meta-features for BTCUSDT (19 features) 
2026-01-02 08:22:57,545 ml_service_v2 INFO 🧙 Consejo v2.1: Calculated meta-features for BTCUSDT (19 features) 
2026-01-02 08:22:57,568 ml_service_v2 INFO 🧙 Consejo v2.1: Calculated meta-features for BTCUSDT (19 features) 
2026-01-02 08:22:57,584 ml_service_v2 INFO 🧙 Consejo v2.1: Calculated meta-features for BTCUSDT (19 features) 
2026-01-02 08:22:57,608 ml_service_v2 INFO 🧙 Consejo v2.1: Calculated meta-features for BTCUSDT (19 features) 
2026-01-02 08:22:57,624 ml_service_v2 INFO 🧙 Consejo v2.1: Calculated meta-features for BTCUSDT (19 features) 
2026-01-02 08:22:57,647 ml_service_v2 INFO 🧙 Consejo v2.1: Calculated meta-features for BTCUSDT (19 features) 
2026-01-02 08:22:57,661 ml_service_v2 INFO 🧙 Consejo v2.1: Calculated meta-features for BTCUSDT (19 features) 
2026-01-02 08:22:57,673 ml_service_v2 INFO 🧙 Consejo v2.1: Calculated meta-features for BTCUSDT (19 features) 
2026-01-02 08:22:57,691 ml_service_v2 INFO 🧙 Consejo v2.1: Calculated meta-features for BTCUSDT (19 features) 
2026-01-02 08:22:57,704 ml_service_v2 INFO 🧙 Consejo v2.1: Calculated meta-features for BTCUSDT (19 features) 
2026-01-02 08:22:57,728 ml_service_v2 INFO 🧙 Consejo v2.1: Calculated meta-features for BTCUSDT (19 features) 
2026-01-02 08:22:57,743 ml_service_v2 INFO 🧙 Consejo v2.1: Calculated meta-features for BTCUSDT (19 features) 
2026-01-02 08:22:57,762 ml_service_v2 INFO 🧙 Consejo v2.1: Calculated meta-features for BTCUSDT (19 features) 
2026-01-02 08:22:57,776 ml_service_v2 INFO 🧙 Consejo v2.1: Calculated meta-features for BTCUSDT (19 features) 
2026-01-02 08:22:57,788 ml_service_v2 INFO 🧙 Consejo v2.1: Calculated meta-features for BTCUSDT (19 features) 
2026-01-02 08:22:57,811 ml_service_v2 INFO 🧙 Consejo v2.1: Calculated meta-features for BTCUSDT (19 features) 
2026-01-02 08:22:57,825 ml_service_v2 INFO 🧙 Consejo v2.1: Calculated meta-features for BTCUSDT (19 features) 
2026-01-02 08:22:57,848 ml_service_v2 INFO 🧙 Consejo v2.1: Calculated meta-features for BTCUSDT (19 features) 
2026-01-02 08:22:57,863 ml_service_v2 INFO 🧙 Consejo v2.1: Calculated meta-features for BTCUSDT (19 features) 
2026-01-02 08:22:57,876 ml_service_v2 INFO 🧙 Consejo v2.1: Calculated meta-features for BTCUSDT (19 features) 
2026-01-02 08:22:57,891 ml_service_v2 INFO 🧙 Consejo v2.1: Calculated meta-features for BTCUSDT (19 features) 
2026-01-02 08:22:57,905 ml_service_v2 INFO 🧙 Consejo v2.1: Calculated meta-features for BTCUSDT (19 features) 
2026-01-02 08:22:57,928 ml_service_v2 INFO 🧙 Consejo v2.1: Calculated meta-features for BTCUSDT (19 features) 
2026-01-02 08:22:57,943 ml_service_v2 INFO 🧙 Consejo v2.1: Calculated meta-features for BTCUSDT (19 features) 
2026-01-02 08:22:57,962 ml_service_v2 INFO 🧙 Consejo v2.1: Calculated meta-features for BTCUSDT (19 features) 
2026-01-02 08:22:57,977 ml_service_v2 INFO 🧙 Consejo v2.1: Calculated meta-features for BTCUSDT (19 features) 
2026-01-02 08:22:57,988 ml_service_v2 INFO 🧙 Consejo v2.1: Calculated meta-features for BTCUSDT (19 features) 
2026-01-02 08:22:58,011 ml_service_v2 INFO 🧙 Consejo v2.1: Calculated meta-features for BTCUSDT (19 features) 
2026-01-02 08:22:58,025 ml_service_v2 INFO 🧙 Consejo v2.1: Calculated meta-features for BTCUSDT (19 features) 
2026-01-02 08:22:58,048 ml_service_v2 INFO 🧙 Consejo v2.1: Calculated meta-features for BTCUSDT (19 features) 
2026-01-02 08:22:58,064 ml_service_v2 INFO 🧙 Consejo v2.1: Calculated meta-features for BTCUSDT (19 features) 
2026-01-02 08:22:58,082 ml_service_v2 INFO 🧙 Consejo v2.1: Calculated meta-features for BTCUSDT (19 features) 
2026-01-02 08:22:58,097 ml_service_v2 INFO 🧙 Consejo v2.1: Calculated meta-features for BTCUSDT (19 features) 
2026-01-02 08:22:58,108 ml_service_v2 INFO 🧙 Consejo v2.1: Calculated meta-features for BTCUSDT (19 features) 
2026-01-02 08:22:58,131 ml_service_v2 INFO 🧙 Consejo v2.1: Calculated meta-features for BTCUSDT (19 features) 
2026-01-02 08:22:58,146 ml_service_v2 INFO 🧙 Consejo v2.1: Calculated meta-features for BTCUSDT (19 features) 
2026-01-02 08:22:58,170 ml_service_v2 INFO 🧙 Consejo v2.1: Calculated meta-features for BTCUSDT (19 features) 
2026-01-02 08:22:58,185 ml_service_v2 INFO 🧙 Consejo v2.1: Calculated meta-features for BTCUSDT (19 features) 
2026-01-02 08:22:58,209 ml_service_v2 INFO 🧙 Consejo v2.1: Calculated meta-features for BTCUSDT (19 features) 
2026-01-02 08:22:58,225 ml_service_v2 INFO 🧙 Consejo v2.1: Calculated meta-features for BTCUSDT (19 features) 
2026-01-02 08:22:58,248 ml_service_v2 INFO 🧙 Consejo v2.1: Calculated meta-features for BTCUSDT (19 features) 
2026-01-02 08:22:58,264 ml_service_v2 INFO 🧙 Consejo v2.1: Calculated meta-features for BTCUSDT (19 features) 
2026-01-02 08:22:58,282 ml_service_v2 INFO 🧙 Consejo v2.1: Calculated meta-features for BTCUSDT (19 features) 
2026-01-02 08:22:58,297 ml_service_v2 INFO 🧙 Consejo v2.1: Calculated meta-features for BTCUSDT (19 features) 
2026-01-02 08:22:58,308 ml_service_v2 INFO 🧙 Consejo v2.1: Calculated meta-features for BTCUSDT (19 features) 
2026-01-02 08:22:58,331 ml_service_v2 INFO 🧙 Consejo v2.1: Calculated meta-features for BTCUSDT (19 features) 
2026-01-02 08:22:58,344 ml_service_v2 INFO 🧙 Consejo v2.1: Calculated meta-features for BTCUSDT (19 features) 
2026-01-02 08:22:58,368 ml_service_v2 INFO 🧙 Consejo v2.1: Calculated meta-features for BTCUSDT (19 features) 
2026-01-02 08:22:58,383 ml_service_v2 INFO 🧙 Consejo v2.1: Calculated meta-features for BTCUSDT (19 features) 
2026-01-02 08:22:58,402 ml_service_v2 INFO 🧙 Consejo v2.1: Calculated meta-features for BTCUSDT (19 features) 
2026-01-02 08:22:58,417 ml_service_v2 INFO 🧙 Consejo v2.1: Calculated meta-features for BTCUSDT (19 features) 
2026-01-02 08:22:58,429 ml_service_v2 INFO 🧙 Consejo v2.1: Calculated meta-features for BTCUSDT (19 features) 
2026-01-02 08:22:58,451 ml_service_v2 INFO 🧙 Consejo v2.1: Calculated meta-features for BTCUSDT (19 features) 
2026-01-02 08:22:58,465 ml_service_v2 INFO 🧙 Consejo v2.1: Calculated meta-features for BTCUSDT (19 features) 
2026-01-02 08:22:58,488 ml_service_v2 INFO 🧙 Consejo v2.1: Calculated meta-features for BTCUSDT (19 features) 
2026-01-02 08:22:58,503 ml_service_v2 INFO 🧙 Consejo v2.1: Calculated meta-features for BTCUSDT (19 features) 
2026-01-02 08:22:58,522 ml_service_v2 INFO 🧙 Consejo v2.1: Calculated meta-features for BTCUSDT (19 features) 
2026-01-02 08:22:58,536 ml_service_v2 INFO 🧙 Consejo v2.1: Calculated meta-features for BTCUSDT (19 features) 
2026-01-02 08:22:58,548 ml_service_v2 INFO 🧙 Consejo v2.1: Calculated meta-features for BTCUSDT (19 features) 
2026-01-02 08:22:58,575 ml_service_v2 INFO 🧙 Consejo v2.1: Calculated meta-features for BTCUSDT (19 features) 
2026-01-02 08:22:58,594 ml_service_v2 INFO 🧙 Consejo v2.1: Calculated meta-features for BTCUSDT (19 features) 
2026-01-02 08:22:58,621 ml_service_v2 INFO 🧙 Consejo v2.1: Calculated meta-features for BTCUSDT (19 features) 
2026-01-02 08:22:58,637 ml_service_v2 INFO 🧙 Consejo v2.1: Calculated meta-features for BTCUSDT (19 features) 
2026-01-02 08:22:58,661 ml_service_v2 INFO 🧙 Consejo v2.1: Calculated meta-features for BTCUSDT (19 features) 
2026-01-02 08:22:58,676 ml_service_v2 INFO 🧙 Consejo v2.1: Calculated meta-features for BTCUSDT (19 features) 
2026-01-02 08:22:58,700 ml_service_v2 INFO 🧙 Consejo v2.1: Calculated meta-features for BTCUSDT (19 features) 
2026-01-02 08:22:58,715 ml_service_v2 INFO 🧙 Consejo v2.1: Calculated meta-features for BTCUSDT (19 features) 
2026-01-02 08:22:58,740 ml_service_v2 INFO 🧙 Consejo v2.1: Calculated meta-features for BTCUSDT (19 features) 
2026-01-02 08:22:58,755 ml_service_v2 INFO 🧙 Consejo v2.1: Calculated meta-features for BTCUSDT (19 features) 
2026-01-02 08:22:58,779 ml_service_v2 INFO 🧙 Consejo v2.1: Calculated meta-features for BTCUSDT (19 features) 
2026-01-02 08:22:58,792 ml_service_v2 INFO 🧙 Consejo v2.1: Calculated meta-features for BTCUSDT (19 features) 
2026-01-02 08:22:58,816 ml_service_v2 INFO 🧙 Consejo v2.1: Calculated meta-features for BTCUSDT (19 features) 
2026-01-02 08:22:58,828 ml_service_v2 INFO 🧙 Consejo v2.1: Calculated meta-features for BTCUSDT (19 features) 
2026-01-02 08:22:58,858 ml_service_v2 INFO 🧙 Consejo v2.1: Calculated meta-features for BTCUSDT (19 features) 
2026-01-02 08:22:58,869 ml_service_v2 INFO 🧙 Consejo v2.1: Calculated meta-features for BTCUSDT (19 features) 
2026-01-02 08:22:58,898 ml_service_v2 INFO 🧙 Consejo v2.1: Calculated meta-features for BTCUSDT (19 features) 
2026-01-02 08:22:58,909 ml_service_v2 INFO 🧙 Consejo v2.1: Calculated meta-features for BTCUSDT (19 features) 
2026-01-02 08:22:58,938 ml_service_v2 INFO 🧙 Consejo v2.1: Calculated meta-features for BTCUSDT (19 features) 
2026-01-02 08:22:58,950 ml_service_v2 INFO 🧙 Consejo v2.1: Calculated meta-features for BTCUSDT (19 features) 
2026-01-02 08:22:58,978 ml_service_v2 INFO 🧙 Consejo v2.1: Calculated meta-features for BTCUSDT (19 features) 
2026-01-02 08:22:58,989 ml_service_v2 INFO 🧙 Consejo v2.1: Calculated meta-features for BTCUSDT (19 features) 
2026-01-02 08:22:59,019 ml_service_v2 INFO 🧙 Consejo v2.1: Calculated meta-features for BTCUSDT (19 features) 
2026-01-02 08:22:59,031 ml_service_v2 INFO 🧙 Consejo v2.1: Calculated meta-features for BTCUSDT (19 features) 
2026-01-02 08:22:59,058 ml_service_v2 INFO 🧙 Consejo v2.1: Calculated meta-features for BTCUSDT (19 features) 
2026-01-02 08:22:59,069 ml_service_v2 INFO 🧙 Consejo v2.1: Calculated meta-features for BTCUSDT (19 features) 
2026-01-02 08:22:59,098 ml_service_v2 INFO 🧙 Consejo v2.1: Calculated meta-features for BTCUSDT (19 features) 
2026-01-02 08:22:59,109 ml_service_v2 INFO 🧙 Consejo v2.1: Calculated meta-features for BTCUSDT (19 features) 
2026-01-02 08:22:59,137 ml_service_v2 INFO 🧙 Consejo v2.1: Calculated meta-features for BTCUSDT (19 features) 
2026-01-02 08:22:59,148 ml_service_v2 INFO 🧙 Consejo v2.1: Calculated meta-features for BTCUSDT (19 features) 
2026-01-02 08:22:59,175 ml_service_v2 INFO 🧙 Consejo v2.1: Calculated meta-features for BTCUSDT (19 features) 
2026-01-02 08:22:59,187 ml_service_v2 INFO 🧙 Consejo v2.1: Calculated meta-features for BTCUSDT (19 features) 
2026-01-02 08:22:59,203 ml_service_v2 INFO 🧙 Consejo v2.1: Calculated meta-features for BTCUSDT (19 features) 
2026-01-02 08:22:59,219 ml_service_v2 INFO 🧙 Consejo v2.1: Calculated meta-features for BTCUSDT (19 features) 
2026-01-02 08:22:59,231 ml_service_v2 INFO 🧙 Consejo v2.1: Calculated meta-features for BTCUSDT (19 features) 
2026-01-02 08:22:59,258 ml_service_v2 INFO 🧙 Consejo v2.1: Calculated meta-features for BTCUSDT (19 features) 
2026-01-02 08:22:59,270 ml_service_v2 INFO 🧙 Consejo v2.1: Calculated meta-features for BTCUSDT (19 features) 
2026-01-02 08:22:59,297 ml_service_v2 INFO 🧙 Consejo v2.1: Calculated meta-features for BTCUSDT (19 features) 
2026-01-02 08:22:59,310 ml_service_v2 INFO 🧙 Consejo v2.1: Calculated meta-features for BTCUSDT (19 features) 
2026-01-02 08:22:59,339 ml_service_v2 INFO 🧙 Consejo v2.1: Calculated meta-features for BTCUSDT (19 features) 
2026-01-02 08:22:59,350 ml_service_v2 INFO 🧙 Consejo v2.1: Calculated meta-features for BTCUSDT (19 features) 
2026-01-02 08:22:59,377 ml_service_v2 INFO 🧙 Consejo v2.1: Calculated meta-features for BTCUSDT (19 features) 
2026-01-02 08:22:59,389 ml_service_v2 INFO 🧙 Consejo v2.1: Calculated meta-features for BTCUSDT (19 features) 
2026-01-02 08:22:59,418 ml_service_v2 INFO 🧙 Consejo v2.1: Calculated meta-features for BTCUSDT (19 features) 
2026-01-02 08:22:59,430 ml_service_v2 INFO 🧙 Consejo v2.1: Calculated meta-features for BTCUSDT (19 features) 
2026-01-02 08:22:59,457 ml_service_v2 INFO 🧙 Consejo v2.1: Calculated meta-features for BTCUSDT (19 features) 
2026-01-02 08:22:59,468 ml_service_v2 INFO 🧙 Consejo v2.1: Calculated meta-features for BTCUSDT (19 features) 
2026-01-02 08:22:59,496 ml_service_v2 INFO 🧙 Consejo v2.1: Calculated meta-features for BTCUSDT (19 features) 
2026-01-02 08:22:59,507 ml_service_v2 INFO 🧙 Consejo v2.1: Calculated meta-features for BTCUSDT (19 features) 
2026-01-02 08:22:59,529 ml_service_v2 INFO 🧙 Consejo v2.1: Calculated meta-features for BTCUSDT (19 features) 
2026-01-02 08:22:59,545 ml_service_v2 INFO 🧙 Consejo v2.1: Calculated meta-features for BTCUSDT (19 features) 
2026-01-02 08:22:59,557 ml_service_v2 INFO 🧙 Consejo v2.1: Calculated meta-features for BTCUSDT (19 features) 
2026-01-02 08:22:59,577 ml_service_v2 INFO 🧙 Consejo v2.1: Calculated meta-features for BTCUSDT (19 features) 
2026-01-02 08:22:59,589 ml_service_v2 INFO 🧙 Consejo v2.1: Calculated meta-features for BTCUSDT (19 features) 
2026-01-02 08:22:59,617 ml_service_v2 INFO 🧙 Consejo v2.1: Calculated meta-features for BTCUSDT (19 features) 
2026-01-02 08:22:59,628 ml_service_v2 INFO 🧙 Consejo v2.1: Calculated meta-features for BTCUSDT (19 features) 
2026-01-02 08:22:59,656 ml_service_v2 INFO 🧙 Consejo v2.1: Calculated meta-features for BTCUSDT (19 features) 
2026-01-02 08:22:59,668 ml_service_v2 INFO 🧙 Consejo v2.1: Calculated meta-features for BTCUSDT (19 features) 
2026-01-02 08:22:59,696 ml_service_v2 INFO 🧙 Consejo v2.1: Calculated meta-features for BTCUSDT (19 features) 
2026-01-02 08:22:59,707 ml_service_v2 INFO 🧙 Consejo v2.1: Calculated meta-features for BTCUSDT (19 features) 
2026-01-02 08:22:59,721 ml_service_v2 INFO 🧙 Consejo v2.1: Calculated meta-features for BTCUSDT (19 features) 
2026-01-02 08:22:59,739 ml_service_v2 INFO 🧙 Consejo v2.1: Calculated meta-features for BTCUSDT (19 features) 
2026-01-02 08:22:59,751 ml_service_v2 INFO 🧙 Consejo v2.1: Calculated meta-features for BTCUSDT (19 features) 
2026-01-02 08:22:59,776 ml_service_v2 INFO 🧙 Consejo v2.1: Calculated meta-features for BTCUSDT (19 features) 
2026-01-02 08:22:59,789 ml_service_v2 INFO 🧙 Consejo v2.1: Calculated meta-features for BTCUSDT (19 features) 
2026-01-02 08:22:59,816 ml_service_v2 INFO 🧙 Consejo v2.1: Calculated meta-features for BTCUSDT (19 features) 
2026-01-02 08:22:59,828 ml_service_v2 INFO 🧙 Consejo v2.1: Calculated meta-features for BTCUSDT (19 features) 
2026-01-02 08:22:59,856 ml_service_v2 INFO 🧙 Consejo v2.1: Calculated meta-features for BTCUSDT (19 features) 
2026-01-02 08:22:59,868 ml_service_v2 INFO 🧙 Consejo v2.1: Calculated meta-features for BTCUSDT (19 features) 
2026-01-02 08:22:59,892 ml_service_v2 INFO 🧙 Consejo v2.1: Calculated meta-features for BTCUSDT (19 features) 
2026-01-02 08:22:59,906 ml_service_v2 INFO 🧙 Consejo v2.1: Calculated meta-features for BTCUSDT (19 features) 
2026-01-02 08:22:59,919 ml_service_v2 INFO 🧙 Consejo v2.1: Calculated meta-features for BTCUSDT (19 features) 
2026-01-02 08:22:59,938 ml_service_v2 INFO 🧙 Consejo v2.1: Calculated meta-features for BTCUSDT (19 features) 
2026-01-02 08:22:59,950 ml_service_v2 INFO 🧙 Consejo v2.1: Calculated meta-features for BTCUSDT (19 features) 
2026-01-02 08:22:59,976 ml_service_v2 INFO 🧙 Consejo v2.1: Calculated meta-features for BTCUSDT (19 features) 
2026-01-02 08:22:59,988 ml_service_v2 INFO 🧙 Consejo v2.1: Calculated meta-features for BTCUSDT (19 features) 
2026-01-02 08:23:00,016 ml_service_v2 INFO 🧙 Consejo v2.1: Calculated meta-features for BTCUSDT (19 features) 
2026-01-02 08:23:00,029 ml_service_v2 INFO 🧙 Consejo v2.1: Calculated meta-features for BTCUSDT (19 features) 
2026-01-02 08:23:00,056 ml_service_v2 INFO 🧙 Consejo v2.1: Calculated meta-features for BTCUSDT (19 features) 
2026-01-02 08:23:00,068 ml_service_v2 INFO 🧙 Consejo v2.1: Calculated meta-features for BTCUSDT (19 features) 
2026-01-02 08:23:00,091 ml_service_v2 INFO 🧙 Consejo v2.1: Calculated meta-features for BTCUSDT (19 features) 
2026-01-02 08:23:00,106 ml_service_v2 INFO 🧙 Consejo v2.1: Calculated meta-features for BTCUSDT (19 features) 
2026-01-02 08:23:00,118 ml_service_v2 INFO 🧙 Consejo v2.1: Calculated meta-features for BTCUSDT (19 features) 
2026-01-02 08:23:00,139 ml_service_v2 INFO 🧙 Consejo v2.1: Calculated meta-features for BTCUSDT (19 features) 
2026-01-02 08:23:00,151 ml_service_v2 INFO 🧙 Consejo v2.1: Calculated meta-features for BTCUSDT (19 features) 
2026-01-02 08:23:00,177 ml_service_v2 INFO 🧙 Consejo v2.1: Calculated meta-features for BTCUSDT (19 features) 
2026-01-02 08:23:00,190 ml_service_v2 INFO 🧙 Consejo v2.1: Calculated meta-features for BTCUSDT (19 features) 
2026-01-02 08:23:00,217 ml_service_v2 INFO 🧙 Consejo v2.1: Calculated meta-features for BTCUSDT (19 features) 
2026-01-02 08:23:00,229 ml_service_v2 INFO 🧙 Consejo v2.1: Calculated meta-features for BTCUSDT (19 features) 
2026-01-02 08:23:00,257 ml_service_v2 INFO 🧙 Consejo v2.1: Calculated meta-features for BTCUSDT (19 features) 
2026-01-02 08:23:00,270 ml_service_v2 INFO 🧙 Consejo v2.1: Calculated meta-features for BTCUSDT (19 features) 
2026-01-02 08:23:00,300 ml_service_v2 INFO 🧙 Consejo v2.1: Calculated meta-features for BTCUSDT (19 features) 
2026-01-02 08:23:00,316 ml_service_v2 INFO 🧙 Consejo v2.1: Calculated meta-features for BTCUSDT (19 features) 
2026-01-02 08:23:00,344 ml_service_v2 INFO 🧙 Consejo v2.1: Calculated meta-features for BTCUSDT (19 features) 
2026-01-02 08:23:00,383 ml_service_v2 INFO 🧙 Consejo v2.1: Calculated meta-features for BTCUSDT (19 features) 
2026-01-02 08:23:00,423 ml_service_v2 INFO 🧙 Consejo v2.1: Calculated meta-features for BTCUSDT (19 features) 
2026-01-02 08:23:00,452 ml_service_v2 INFO 🧙 Consejo v2.1: Calculated meta-features for BTCUSDT (19 features) 
2026-01-02 08:23:00,474 ml_service_v2 INFO 🧙 Consejo v2.1: Calculated meta-features for BTCUSDT (19 features) 
2026-01-02 08:23:00,500 ml_service_v2 INFO 🧙 Consejo v2.1: Calculated meta-features for BTCUSDT (19 features) 
2026-01-02 08:23:00,517 ml_service_v2 INFO 🧙 Consejo v2.1: Calculated meta-features for BTCUSDT (19 features) 
2026-01-02 08:23:00,539 ml_service_v2 INFO 🧙 Consejo v2.1: Calculated meta-features for BTCUSDT (19 features) 
2026-01-02 08:23:00,553 ml_service_v2 INFO 🧙 Consejo v2.1: Calculated meta-features for BTCUSDT (19 features) 
2026-01-02 08:23:00,572 ml_service_v2 INFO 🧙 Consejo v2.1: Calculated meta-features for BTCUSDT (19 features) 
2026-01-02 08:23:00,584 ml_service_v2 INFO 🧙 Consejo v2.1: Calculated meta-features for BTCUSDT (19 features) 
2026-01-02 08:23:00,596 ml_service_v2 INFO 🧙 Consejo v2.1: Calculated meta-features for BTCUSDT (19 features) 
2026-01-02 08:23:00,618 ml_service_v2 INFO 🧙 Consejo v2.1: Calculated meta-features for BTCUSDT (19 features) 
2026-01-02 08:23:00,631 ml_service_v2 INFO 🧙 Consejo v2.1: Calculated meta-features for BTCUSDT (19 features) 
2026-01-02 08:23:00,644 ml_service_v2 INFO 🧙 Consejo v2.1: Calculated meta-features for BTCUSDT (19 features) 
2026-01-02 08:23:00,661 ml_service_v2 INFO 🧙 Consejo v2.1: Calculated meta-features for BTCUSDT (19 features) 
2026-01-02 08:23:00,674 ml_service_v2 INFO 🧙 Consejo v2.1: Calculated meta-features for BTCUSDT (19 features) 
2026-01-02 08:23:00,693 ml_service_v2 INFO 🧙 Consejo v2.1: Calculated meta-features for BTCUSDT (19 features) 
2026-01-02 08:23:00,706 ml_service_v2 INFO 🧙 Consejo v2.1: Calculated meta-features for BTCUSDT (19 features) 
2026-01-02 08:23:00,829 ml_service_v2 INFO 🧙 Consejo v2.1: Calculated meta-features for BTCUSDT (19 features) 
2026-01-02 08:23:00,844 ml_service_v2 INFO 🧙 Consejo v2.1: Calculated meta-features for BTCUSDT (19 features) 
2026-01-02 08:23:00,864 ml_service_v2 INFO 🧙 Consejo v2.1: Calculated meta-features for BTCUSDT (19 features) 
2026-01-02 08:23:00,878 ml_service_v2 INFO 🧙 Consejo v2.1: Calculated meta-features for BTCUSDT (19 features) 
2026-01-02 08:23:00,902 ml_service_v2 INFO 🧙 Consejo v2.1: Calculated meta-features for BTCUSDT (19 features) 
2026-01-02 08:23:00,914 ml_service_v2 INFO 🧙 Consejo v2.1: Calculated meta-features for BTCUSDT (19 features) 
2026-01-02 08:23:00,926 ml_service_v2 INFO 🧙 Consejo v2.1: Calculated meta-features for BTCUSDT (19 features) 
2026-01-02 08:23:00,941 ml_service_v2 INFO 🧙 Consejo v2.1: Calculated meta-features for BTCUSDT (19 features) 
2026-01-02 08:23:00,953 ml_service_v2 INFO 🧙 Consejo v2.1: Calculated meta-features for BTCUSDT (19 features) 
2026-01-02 08:23:00,965 ml_service_v2 INFO 🧙 Consejo v2.1: Calculated meta-features for BTCUSDT (19 features) 
2026-01-02 08:23:00,980 ml_service_v2 INFO 🧙 Consejo v2.1: Calculated meta-features for BTCUSDT (19 features) 
2026-01-02 08:23:00,993 ml_service_v2 INFO 🧙 Consejo v2.1: Calculated meta-features for BTCUSDT (19 features) 
2026-01-02 08:23:01,008 ml_service_v2 INFO 🧙 Consejo v2.1: Calculated meta-features for BTCUSDT (19 features) 
2026-01-02 08:23:01,022 ml_service_v2 INFO 🧙 Consejo v2.1: Calculated meta-features for BTCUSDT (19 features) 
2026-01-02 08:23:01,035 ml_service_v2 INFO 🧙 Consejo v2.1: Calculated meta-features for BTCUSDT (19 features) 
2026-01-02 08:23:01,055 ml_service_v2 INFO 🧙 Consejo v2.1: Calculated meta-features for BTCUSDT (19 features) 
2026-01-02 08:23:01,067 ml_service_v2 INFO 🧙 Consejo v2.1: Calculated meta-features for BTCUSDT (19 features) 
2026-01-02 08:23:01,080 ml_service_v2 INFO 🧙 Consejo v2.1: Calculated meta-features for BTCUSDT (19 features) 
2026-01-02 08:23:01,102 ml_service_v2 INFO 🧙 Consejo v2.1: Calculated meta-features for BTCUSDT (19 features) 
2026-01-02 08:23:01,115 ml_service_v2 INFO 🧙 Consejo v2.1: Calculated meta-features for BTCUSDT (19 features) 
2026-01-02 08:23:01,143 ml_service_v2 INFO 🧙 Consejo v2.1: Calculated meta-features for BTCUSDT (19 features) 
2026-01-02 08:23:01,168 ml_service_v2 INFO 🧙 Consejo v2.1: Calculated meta-features for BTCUSDT (19 features) 
2026-01-02 08:23:01,191 ml_service_v2 INFO 🧙 Consejo v2.1: Calculated meta-features for BTCUSDT (19 features) 
2026-01-02 08:23:01,207 ml_service_v2 INFO 🧙 Consejo v2.1: Calculated meta-features for BTCUSDT (19 features) 
2026-01-02 08:23:01,225 ml_service_v2 INFO 🧙 Consejo v2.1: Calculated meta-features for BTCUSDT (19 features) 
2026-01-02 08:23:01,239 ml_service_v2 INFO 🧙 Consejo v2.1: Calculated meta-features for BTCUSDT (19 features) 
2026-01-02 08:23:01,261 ml_service_v2 INFO 🧙 Consejo v2.1: Calculated meta-features for BTCUSDT (19 features) 
2026-01-02 08:23:01,275 ml_service_v2 INFO 🧙 Consejo v2.1: Calculated meta-features for BTCUSDT (19 features) 
2026-01-02 08:23:01,294 ml_service_v2 INFO 🧙 Consejo v2.1: Calculated meta-features for BTCUSDT (19 features) 
2026-01-02 08:23:01,307 ml_service_v2 INFO 🧙 Consejo v2.1: Calculated meta-features for BTCUSDT (19 features) 
2026-01-02 08:23:01,323 ml_service_v2 INFO 🧙 Consejo v2.1: Calculated meta-features for BTCUSDT (19 features) 
2026-01-02 08:23:01,344 ml_service_v2 INFO 🧙 Consejo v2.1: Calculated meta-features for BTCUSDT (19 features) 
2026-01-02 08:23:01,359 ml_service_v2 INFO 🧙 Consejo v2.1: Calculated meta-features for BTCUSDT (19 features) 
2026-01-02 08:23:01,383 ml_service_v2 INFO 🧙 Consejo v2.1: Calculated meta-features for BTCUSDT (19 features) 
2026-01-02 08:23:01,398 ml_service_v2 INFO 🧙 Consejo v2.1: Calculated meta-features for BTCUSDT (19 features) 
2026-01-02 08:23:01,433 ml_service_v2 INFO 🧙 Consejo v2.1: Calculated meta-features for BTCUSDT (19 features) 
2026-01-02 08:23:01,465 ml_service_v2 INFO 🧙 Consejo v2.1: Calculated meta-features for BTCUSDT (19 features) 
2026-01-02 08:23:01,490 ml_service_v2 INFO 🧙 Consejo v2.1: Calculated meta-features for BTCUSDT (19 features) 
2026-01-02 08:23:01,505 ml_service_v2 INFO 🧙 Consejo v2.1: Calculated meta-features for BTCUSDT (19 features) 
2026-01-02 08:23:01,584 ml_service_v2 INFO 🧙 Consejo v2.1: Calculated meta-features for BTCUSDT (19 features) 
2026-01-02 08:23:01,598 ml_service_v2 INFO 🧙 Consejo v2.1: Calculated meta-features for BTCUSDT (19 features) 
2026-01-02 08:23:01,629 ml_service_v2 INFO 🧙 Consejo v2.1: Calculated meta-features for BTCUSDT (19 features) 
2026-01-02 08:23:01,664 ml_service_v2 INFO 🧙 Consejo v2.1: Calculated meta-features for BTCUSDT (19 features) 
2026-01-02 08:23:01,677 ml_service_v2 INFO 🧙 Consejo v2.1: Calculated meta-features for BTCUSDT (19 features) 
2026-01-02 08:23:01,706 ml_service_v2 INFO 🧙 Consejo v2.1: Calculated meta-features for BTCUSDT (19 features) 
2026-01-02 08:23:01,723 ml_service_v2 INFO 🧙 Consejo v2.1: Calculated meta-features for BTCUSDT (19 features) 
2026-01-02 08:23:01,745 ml_service_v2 INFO 🧙 Consejo v2.1: Calculated meta-features for BTCUSDT (19 features) 
2026-01-02 08:23:01,758 ml_service_v2 INFO 🧙 Consejo v2.1: Calculated meta-features for BTCUSDT (19 features) 
2026-01-02 08:23:01,781 ml_service_v2 INFO 🧙 Consejo v2.1: Calculated meta-features for BTCUSDT (19 features) 
2026-01-02 08:23:01,794 ml_service_v2 INFO 🧙 Consejo v2.1: Calculated meta-features for BTCUSDT (19 features) 
2026-01-02 08:23:01,806 ml_service_v2 INFO 🧙 Consejo v2.1: Calculated meta-features for BTCUSDT (19 features) 
2026-01-02 08:23:01,824 ml_service_v2 INFO 🧙 Consejo v2.1: Calculated meta-features for BTCUSDT (19 features) 
2026-01-02 08:23:01,870 ml_service_v2 INFO 🧙 Consejo v2.1: Calculated meta-features for BTCUSDT (19 features) 
2026-01-02 08:23:01,883 ml_service_v2 INFO 🧙 Consejo v2.1: Calculated meta-features for BTCUSDT (19 features) 
2026-01-02 08:23:01,903 ml_service_v2 INFO 🧙 Consejo v2.1: Calculated meta-features for BTCUSDT (19 features) 
2026-01-02 08:23:01,915 ml_service_v2 INFO 🧙 Consejo v2.1: Calculated meta-features for BTCUSDT (19 features) 
2026-01-02 08:23:01,928 ml_service_v2 INFO 🧙 Consejo v2.1: Calculated meta-features for BTCUSDT (19 features) 
2026-01-02 08:23:01,947 ml_service_v2 INFO 🧙 Consejo v2.1: Calculated meta-features for BTCUSDT (19 features) 
2026-01-02 08:23:01,984 ml_service_v2 INFO 🧙 Consejo v2.1: Calculated meta-features for BTCUSDT (19 features) 
2026-01-02 08:23:01,996 ml_service_v2 INFO 🧙 Consejo v2.1: Calculated meta-features for BTCUSDT (19 features) 
2026-01-02 08:23:02,007 ml_service_v2 INFO 🧙 Consejo v2.1: Calculated meta-features for BTCUSDT (19 features) 
2026-01-02 08:23:02,027 ml_service_v2 INFO 🧙 Consejo v2.1: Calculated meta-features for BTCUSDT (19 features) 
2026-01-02 08:23:02,040 ml_service_v2 INFO 🧙 Consejo v2.1: Calculated meta-features for BTCUSDT (19 features) 
2026-01-02 08:23:02,063 ml_service_v2 INFO 🧙 Consejo v2.1: Calculated meta-features for BTCUSDT (19 features) 
2026-01-02 08:23:02,074 ml_service_v2 INFO 🧙 Consejo v2.1: Calculated meta-features for BTCUSDT (19 features) 
2026-01-02 08:23:02,085 ml_service_v2 INFO 🧙 Consejo v2.1: Calculated meta-features for BTCUSDT (19 features) 
2026-01-02 08:23:02,105 ml_service_v2 INFO 🧙 Consejo v2.1: Calculated meta-features for BTCUSDT (19 features) 
2026-01-02 08:23:02,116 ml_service_v2 INFO 🧙 Consejo v2.1: Calculated meta-features for BTCUSDT (19 features) 
2026-01-02 08:23:02,128 ml_service_v2 INFO 🧙 Consejo v2.1: Calculated meta-features for BTCUSDT (19 features) 
2026-01-02 08:23:02,145 ml_service_v2 INFO 🧙 Consejo v2.1: Calculated meta-features for BTCUSDT (19 features) 
2026-01-02 08:23:02,157 ml_service_v2 INFO 🧙 Consejo v2.1: Calculated meta-features for BTCUSDT (19 features) 
2026-01-02 08:23:02,169 ml_service_v2 INFO 🧙 Consejo v2.1: Calculated meta-features for BTCUSDT (19 features) 
2026-01-02 08:23:02,185 ml_service_v2 INFO 🧙 Consejo v2.1: Calculated meta-features for BTCUSDT (19 features) 
2026-01-02 08:23:02,197 ml_service_v2 INFO 🧙 Consejo v2.1: Calculated meta-features for BTCUSDT (19 features) 
2026-01-02 08:23:02,208 ml_service_v2 INFO 🧙 Consejo v2.1: Calculated meta-features for BTCUSDT (19 features) 
2026-01-02 08:23:02,225 ml_service_v2 INFO 🧙 Consejo v2.1: Calculated meta-features for BTCUSDT (19 features) 
2026-01-02 08:23:02,237 ml_service_v2 INFO 🧙 Consejo v2.1: Calculated meta-features for BTCUSDT (19 features) 
2026-01-02 08:23:02,248 ml_service_v2 INFO 🧙 Consejo v2.1: Calculated meta-features for BTCUSDT (19 features) 
2026-01-02 08:23:02,265 ml_service_v2 INFO 🧙 Consejo v2.1: Calculated meta-features for BTCUSDT (19 features) 
2026-01-02 08:23:02,276 ml_service_v2 INFO 🧙 Consejo v2.1: Calculated meta-features for BTCUSDT (19 features) 
2026-01-02 08:23:02,287 ml_service_v2 INFO 🧙 Consejo v2.1: Calculated meta-features for BTCUSDT (19 features) 
2026-01-02 08:23:02,305 ml_service_v2 INFO 🧙 Consejo v2.1: Calculated meta-features for BTCUSDT (19 features) 
2026-01-02 08:23:02,316 ml_service_v2 INFO 🧙 Consejo v2.1: Calculated meta-features for BTCUSDT (19 features) 
2026-01-02 08:23:02,327 ml_service_v2 INFO 🧙 Consejo v2.1: Calculated meta-features for BTCUSDT (19 features) 
2026-01-02 08:23:02,345 ml_service_v2 INFO 🧙 Consejo v2.1: Calculated meta-features for BTCUSDT (19 features) 
2026-01-02 08:23:02,356 ml_service_v2 INFO 🧙 Consejo v2.1: Calculated meta-features for BTCUSDT (19 features) 
2026-01-02 08:23:02,367 ml_service_v2 INFO 🧙 Consejo v2.1: Calculated meta-features for BTCUSDT (19 features) 
2026-01-02 08:23:02,385 ml_service_v2 INFO 🧙 Consejo v2.1: Calculated meta-features for BTCUSDT (19 features) 
2026-01-02 08:23:02,397 ml_service_v2 INFO 🧙 Consejo v2.1: Calculated meta-features for BTCUSDT (19 features) 
2026-01-02 08:23:02,408 ml_service_v2 INFO 🧙 Consejo v2.1: Calculated meta-features for BTCUSDT (19 features) 
2026-01-02 08:23:02,425 ml_service_v2 INFO 🧙 Consejo v2.1: Calculated meta-features for BTCUSDT (19 features) 
2026-01-02 08:23:02,436 ml_service_v2 INFO 🧙 Consejo v2.1: Calculated meta-features for BTCUSDT (19 features) 
2026-01-02 08:23:02,448 ml_service_v2 INFO 🧙 Consejo v2.1: Calculated meta-features for BTCUSDT (19 features) 
2026-01-02 08:23:02,465 ml_service_v2 INFO 🧙 Consejo v2.1: Calculated meta-features for BTCUSDT (19 features) 
2026-01-02 08:23:02,477 ml_service_v2 INFO 🧙 Consejo v2.1: Calculated meta-features for BTCUSDT (19 features) 
2026-01-02 08:23:02,488 ml_service_v2 INFO 🧙 Consejo v2.1: Calculated meta-features for BTCUSDT (19 features) 
2026-01-02 08:23:02,505 ml_service_v2 INFO 🧙 Consejo v2.1: Calculated meta-features for BTCUSDT (19 features) 
2026-01-02 08:23:02,516 ml_service_v2 INFO 🧙 Consejo v2.1: Calculated meta-features for BTCUSDT (19 features) 
2026-01-02 08:23:02,528 ml_service_v2 INFO 🧙 Consejo v2.1: Calculated meta-features for BTCUSDT (19 features) 
2026-01-02 08:23:02,545 ml_service_v2 INFO 🧙 Consejo v2.1: Calculated meta-features for BTCUSDT (19 features) 
2026-01-02 08:23:02,556 ml_service_v2 INFO 🧙 Consejo v2.1: Calculated meta-features for BTCUSDT (19 features) 
2026-01-02 08:23:02,567 ml_service_v2 INFO 🧙 Consejo v2.1: Calculated meta-features for BTCUSDT (19 features) 
2026-01-02 08:23:02,585 ml_service_v2 INFO 🧙 Consejo v2.1: Calculated meta-features for BTCUSDT (19 features) 
2026-01-02 08:23:02,597 ml_service_v2 INFO 🧙 Consejo v2.1: Calculated meta-features for BTCUSDT (19 features) 
2026-01-02 08:23:02,608 ml_service_v2 INFO 🧙 Consejo v2.1: Calculated meta-features for BTCUSDT (19 features) 
2026-01-02 08:23:02,625 ml_service_v2 INFO 🧙 Consejo v2.1: Calculated meta-features for BTCUSDT (19 features) 
2026-01-02 08:23:02,636 ml_service_v2 INFO 🧙 Consejo v2.1: Calculated meta-features for BTCUSDT (19 features) 
2026-01-02 08:23:02,647 ml_service_v2 INFO 🧙 Consejo v2.1: Calculated meta-features for BTCUSDT (19 features) 
2026-01-02 08:23:02,665 ml_service_v2 INFO 🧙 Consejo v2.1: Calculated meta-features for BTCUSDT (19 features) 
2026-01-02 08:23:02,678 ml_service_v2 INFO 🧙 Consejo v2.1: Calculated meta-features for BTCUSDT (19 features) 
2026-01-02 08:23:02,689 ml_service_v2 INFO 🧙 Consejo v2.1: Calculated meta-features for BTCUSDT (19 features) 
2026-01-02 08:23:02,708 ml_service_v2 INFO 🧙 Consejo v2.1: Calculated meta-features for BTCUSDT (19 features) 
2026-01-02 08:23:02,722 ml_service_v2 INFO 🧙 Consejo v2.1: Calculated meta-features for BTCUSDT (19 features) 
2026-01-02 08:23:02,747 ml_service_v2 INFO 🧙 Consejo v2.1: Calculated meta-features for BTCUSDT (19 features) 
2026-01-02 08:23:02,760 ml_service_v2 INFO 🧙 Consejo v2.1: Calculated meta-features for BTCUSDT (19 features) 
2026-01-02 08:23:02,780 ml_service_v2 INFO 🧙 Consejo v2.1: Calculated meta-features for BTCUSDT (19 features) 
2026-01-02 08:23:02,792 ml_service_v2 INFO 🧙 Consejo v2.1: Calculated meta-features for BTCUSDT (19 features) 
2026-01-02 08:23:02,810 ml_service_v2 INFO 🧙 Consejo v2.1: Calculated meta-features for BTCUSDT (19 features) 
2026-01-02 08:23:02,826 ml_service_v2 INFO 🧙 Consejo v2.1: Calculated meta-features for BTCUSDT (19 features) 
2026-01-02 08:23:02,838 ml_service_v2 INFO 🧙 Consejo v2.1: Calculated meta-features for BTCUSDT (19 features) 
2026-01-02 08:23:02,851 ml_service_v2 INFO 🧙 Consejo v2.1: Calculated meta-features for BTCUSDT (19 features) 
2026-01-02 08:23:02,867 ml_service_v2 INFO 🧙 Consejo v2.1: Calculated meta-features for BTCUSDT (19 features) 
2026-01-02 08:23:02,879 ml_service_v2 INFO 🧙 Consejo v2.1: Calculated meta-features for BTCUSDT (19 features) 
2026-01-02 08:23:02,892 ml_service_v2 INFO 🧙 Consejo v2.1: Calculated meta-features for BTCUSDT (19 features) 
2026-01-02 08:23:02,907 ml_service_v2 INFO 🧙 Consejo v2.1: Calculated meta-features for BTCUSDT (19 features) 
2026-01-02 08:23:02,921 ml_service_v2 INFO 🧙 Consejo v2.1: Calculated meta-features for BTCUSDT (19 features) 
2026-01-02 08:23:02,943 ml_service_v2 INFO 🧙 Consejo v2.1: Calculated meta-features for BTCUSDT (19 features) 
2026-01-02 08:23:02,956 ml_service_v2 INFO 🧙 Consejo v2.1: Calculated meta-features for BTCUSDT (19 features) 
2026-01-02 08:23:02,968 ml_service_v2 INFO 🧙 Consejo v2.1: Calculated meta-features for BTCUSDT (19 features) 
2026-01-02 08:23:02,986 ml_service_v2 INFO 🧙 Consejo v2.1: Calculated meta-features for BTCUSDT (19 features) 
2026-01-02 08:23:02,999 ml_service_v2 INFO 🧙 Consejo v2.1: Calculated meta-features for BTCUSDT (19 features) 
2026-01-02 08:23:03,025 ml_service_v2 INFO 🧙 Consejo v2.1: Calculated meta-features for BTCUSDT (19 features) 
2026-01-02 08:23:03,037 ml_service_v2 INFO 🧙 Consejo v2.1: Calculated meta-features for BTCUSDT (19 features) 
2026-01-02 08:23:03,049 ml_service_v2 INFO 🧙 Consejo v2.1: Calculated meta-features for BTCUSDT (19 features) 
2026-01-02 08:23:03,067 ml_service_v2 INFO 🧙 Consejo v2.1: Calculated meta-features for BTCUSDT (19 features) 
2026-01-02 08:23:03,079 ml_service_v2 INFO 🧙 Consejo v2.1: Calculated meta-features for BTCUSDT (19 features) 
2026-01-02 08:23:03,091 ml_service_v2 INFO 🧙 Consejo v2.1: Calculated meta-features for BTCUSDT (19 features) 
2026-01-02 08:23:03,108 ml_service_v2 INFO 🧙 Consejo v2.1: Calculated meta-features for BTCUSDT (19 features) 
2026-01-02 08:23:03,120 ml_service_v2 INFO 🧙 Consejo v2.1: Calculated meta-features for BTCUSDT (19 features) 
2026-01-02 08:23:03,133 ml_service_v2 INFO 🧙 Consejo v2.1: Calculated meta-features for BTCUSDT (19 features) 
2026-01-02 08:23:03,148 ml_service_v2 INFO 🧙 Consejo v2.1: Calculated meta-features for BTCUSDT (19 features) 
2026-01-02 08:23:03,161 ml_service_v2 INFO 🧙 Consejo v2.1: Calculated meta-features for BTCUSDT (19 features) 
2026-01-02 08:23:03,180 ml_service_v2 INFO 🧙 Consejo v2.1: Calculated meta-features for BTCUSDT (19 features) 
2026-01-02 08:23:03,192 ml_service_v2 INFO 🧙 Consejo v2.1: Calculated meta-features for BTCUSDT (19 features) 
2026-01-02 08:23:03,205 ml_service_v2 INFO 🧙 Consejo v2.1: Calculated meta-features for BTCUSDT (19 features) 
2026-01-02 08:23:03,227 ml_service_v2 INFO 🧙 Consejo v2.1: Calculated meta-features for BTCUSDT (19 features) 
2026-01-02 08:23:03,239 ml_service_v2 INFO 🧙 Consejo v2.1: Calculated meta-features for BTCUSDT (19 features) 
2026-01-02 08:23:03,253 ml_service_v2 INFO 🧙 Consejo v2.1: Calculated meta-features for BTCUSDT (19 features) 
2026-01-02 08:23:03,274 ml_service_v2 INFO 🧙 Consejo v2.1: Calculated meta-features for BTCUSDT (19 features) 
2026-01-02 08:23:03,286 ml_service_v2 INFO 🧙 Consejo v2.1: Calculated meta-features for BTCUSDT (19 features) 
2026-01-02 08:23:03,305 ml_service_v2 INFO 🧙 Consejo v2.1: Calculated meta-features for BTCUSDT (19 features) 
2026-01-02 08:23:03,317 ml_service_v2 INFO 🧙 Consejo v2.1: Calculated meta-features for BTCUSDT (19 features) 
2026-01-02 08:23:03,329 ml_service_v2 INFO 🧙 Consejo v2.1: Calculated meta-features for BTCUSDT (19 features) 
2026-01-02 08:23:03,351 ml_service_v2 INFO 🧙 Consejo v2.1: Calculated meta-features for BTCUSDT (19 features) 
2026-01-02 08:23:03,363 ml_service_v2 INFO 🧙 Consejo v2.1: Calculated meta-features for BTCUSDT (19 features) 
2026-01-02 08:23:03,375 ml_service_v2 INFO 🧙 Consejo v2.1: Calculated meta-features for BTCUSDT (19 features) 
2026-01-02 08:23:03,393 ml_service_v2 INFO 🧙 Consejo v2.1: Calculated meta-features for BTCUSDT (19 features) 
2026-01-02 08:23:03,405 ml_service_v2 INFO 🧙 Consejo v2.1: Calculated meta-features for BTCUSDT (19 features) 
2026-01-02 08:23:03,417 ml_service_v2 INFO 🧙 Consejo v2.1: Calculated meta-features for BTCUSDT (19 features) 
2026-01-02 08:23:03,435 ml_service_v2 INFO 🧙 Consejo v2.1: Calculated meta-features for BTCUSDT (19 features) 
2026-01-02 08:23:03,447 ml_service_v2 INFO 🧙 Consejo v2.1: Calculated meta-features for BTCUSDT (19 features) 
2026-01-02 08:23:03,466 ml_service_v2 INFO 🧙 Consejo v2.1: Calculated meta-features for BTCUSDT (19 features) 
2026-01-02 08:23:03,479 ml_service_v2 INFO 🧙 Consejo v2.1: Calculated meta-features for BTCUSDT (19 features) 
2026-01-02 08:23:03,500 ml_service_v2 INFO 🧙 Consejo v2.1: Calculated meta-features for BTCUSDT (19 features) 
2026-01-02 08:23:03,515 ml_service_v2 INFO 🧙 Consejo v2.1: Calculated meta-features for BTCUSDT (19 features) 
2026-01-02 08:23:03,527 ml_service_v2 INFO 🧙 Consejo v2.1: Calculated meta-features for BTCUSDT (19 features) 
2026-01-02 08:23:03,539 ml_service_v2 INFO 🧙 Consejo v2.1: Calculated meta-features for BTCUSDT (19 features) 
2026-01-02 08:23:03,555 ml_service_v2 INFO 🧙 Consejo v2.1: Calculated meta-features for BTCUSDT (19 features) 
2026-01-02 08:23:03,567 ml_service_v2 INFO 🧙 Consejo v2.1: Calculated meta-features for BTCUSDT (19 features) 
2026-01-02 08:23:03,586 ml_service_v2 INFO 🧙 Consejo v2.1: Calculated meta-features for BTCUSDT (19 features) 
2026-01-02 08:23:03,598 ml_service_v2 INFO 🧙 Consejo v2.1: Calculated meta-features for BTCUSDT (19 features) 
2026-01-02 08:23:03,610 ml_service_v2 INFO 🧙 Consejo v2.1: Calculated meta-features for BTCUSDT (19 features) 
2026-01-02 08:23:03,632 ml_service_v2 INFO 🧙 Consejo v2.1: Calculated meta-features for BTCUSDT (19 features) 
2026-01-02 08:23:03,645 ml_service_v2 INFO 🧙 Consejo v2.1: Calculated meta-features for BTCUSDT (19 features) 
2026-01-02 08:23:03,658 ml_service_v2 INFO 🧙 Consejo v2.1: Calculated meta-features for BTCUSDT (19 features) 
2026-01-02 08:23:03,675 ml_service_v2 INFO 🧙 Consejo v2.1: Calculated meta-features for BTCUSDT (19 features) 
2026-01-02 08:23:03,687 ml_service_v2 INFO 🧙 Consejo v2.1: Calculated meta-features for BTCUSDT (19 features) 
2026-01-02 08:23:03,700 ml_service_v2 INFO 🧙 Consejo v2.1: Calculated meta-features for BTCUSDT (19 features) 
2026-01-02 08:23:03,715 ml_service_v2 INFO 🧙 Consejo v2.1: Calculated meta-features for BTCUSDT (19 features) 
2026-01-02 08:23:03,728 ml_service_v2 INFO 🧙 Consejo v2.1: Calculated meta-features for BTCUSDT (19 features) 
2026-01-02 08:23:03,748 ml_service_v2 INFO 🧙 Consejo v2.1: Calculated meta-features for BTCUSDT (19 features) 
2026-01-02 08:23:03,760 ml_service_v2 INFO 🧙 Consejo v2.1: Calculated meta-features for BTCUSDT (19 features) 
2026-01-02 08:23:03,771 ml_service_v2 INFO 🧙 Consejo v2.1: Calculated meta-features for BTCUSDT (19 features) 
2026-01-02 08:23:03,794 ml_service_v2 INFO 🧙 Consejo v2.1: Calculated meta-features for BTCUSDT (19 features) 
2026-01-02 08:23:03,805 ml_service_v2 INFO 🧙 Consejo v2.1: Calculated meta-features for BTCUSDT (19 features) 
2026-01-02 08:23:03,816 ml_service_v2 INFO 🧙 Consejo v2.1: Calculated meta-features for BTCUSDT (19 features) 
2026-01-02 08:23:03,834 ml_service_v2 INFO 🧙 Consejo v2.1: Calculated meta-features for BTCUSDT (19 features) 
2026-01-02 08:23:03,846 ml_service_v2 INFO 🧙 Consejo v2.1: Calculated meta-features for BTCUSDT (19 features) 
2026-01-02 08:23:03,857 ml_service_v2 INFO 🧙 Consejo v2.1: Calculated meta-features for BTCUSDT (19 features) 
2026-01-02 08:23:03,875 ml_service_v2 INFO 🧙 Consejo v2.1: Calculated meta-features for BTCUSDT (19 features) 
2026-01-02 08:23:03,886 ml_service_v2 INFO 🧙 Consejo v2.1: Calculated meta-features for BTCUSDT (19 features) 
2026-01-02 08:23:03,898 ml_service_v2 INFO 🧙 Consejo v2.1: Calculated meta-features for BTCUSDT (19 features) 
2026-01-02 08:23:03,916 ml_service_v2 INFO 🧙 Consejo v2.1: Calculated meta-features for BTCUSDT (19 features) 
2026-01-02 08:23:03,927 ml_service_v2 INFO 🧙 Consejo v2.1: Calculated meta-features for BTCUSDT (19 features) 
2026-01-02 08:23:03,939 ml_service_v2 INFO 🧙 Consejo v2.1: Calculated meta-features for BTCUSDT (19 features) 
2026-01-02 08:23:03,957 ml_service_v2 INFO 🧙 Consejo v2.1: Calculated meta-features for BTCUSDT (19 features) 
2026-01-02 08:23:03,974 ml_service_v2 INFO 🧙 Consejo v2.1: Calculated meta-features for BTCUSDT (19 features) 
2026-01-02 08:23:03,996 ml_service_v2 INFO 🧙 Consejo v2.1: Calculated meta-features for BTCUSDT (19 features) 
2026-01-02 08:23:04,007 ml_service_v2 INFO 🧙 Consejo v2.1: Calculated meta-features for BTCUSDT (19 features) 
2026-01-02 08:23:04,018 ml_service_v2 INFO 🧙 Consejo v2.1: Calculated meta-features for BTCUSDT (19 features) 
2026-01-02 08:23:04,036 ml_service_v2 INFO 🧙 Consejo v2.1: Calculated meta-features for BTCUSDT (19 features) 
2026-01-02 08:23:04,047 ml_service_v2 INFO 🧙 Consejo v2.1: Calculated meta-features for BTCUSDT (19 features) 
2026-01-02 08:23:04,058 ml_service_v2 INFO 🧙 Consejo v2.1: Calculated meta-features for BTCUSDT (19 features) 
2026-01-02 08:23:04,076 ml_service_v2 INFO 🧙 Consejo v2.1: Calculated meta-features for BTCUSDT (19 features) 
2026-01-02 08:23:04,088 ml_service_v2 INFO 🧙 Consejo v2.1: Calculated meta-features for BTCUSDT (19 features) 
2026-01-02 08:23:04,099 ml_service_v2 INFO 🧙 Consejo v2.1: Calculated meta-features for BTCUSDT (19 features) 
2026-01-02 08:23:04,118 ml_service_v2 INFO 🧙 Consejo v2.1: Calculated meta-features for BTCUSDT (19 features) 
2026-01-02 08:23:04,130 ml_service_v2 INFO 🧙 Consejo v2.1: Calculated meta-features for BTCUSDT (19 features) 
2026-01-02 08:23:04,141 ml_service_v2 INFO 🧙 Consejo v2.1: Calculated meta-features for BTCUSDT (19 features) 
2026-01-02 08:23:04,159 ml_service_v2 INFO 🧙 Consejo v2.1: Calculated meta-features for BTCUSDT (19 features) 
2026-01-02 08:23:04,171 ml_service_v2 INFO 🧙 Consejo v2.1: Calculated meta-features for BTCUSDT (19 features) 
2026-01-02 08:23:04,188 ml_service_v2 INFO 🧙 Consejo v2.1: Calculated meta-features for BTCUSDT (19 features) 
2026-01-02 08:23:04,209 ml_service_v2 INFO 🧙 Consejo v2.1: Calculated meta-features for BTCUSDT (19 features) 
2026-01-02 08:23:04,221 ml_service_v2 INFO 🧙 Consejo v2.1: Calculated meta-features for BTCUSDT (19 features) 
2026-01-02 08:23:04,238 ml_service_v2 INFO 🧙 Consejo v2.1: Calculated meta-features for BTCUSDT (19 features) 
2026-01-02 08:23:04,250 ml_service_v2 INFO 🧙 Consejo v2.1: Calculated meta-features for BTCUSDT (19 features) 
2026-01-02 08:23:04,262 ml_service_v2 INFO 🧙 Consejo v2.1: Calculated meta-features for BTCUSDT (19 features) 
2026-01-02 08:23:04,278 ml_service_v2 INFO 🧙 Consejo v2.1: Calculated meta-features for BTCUSDT (19 features) 
2026-01-02 08:23:04,290 ml_service_v2 INFO 🧙 Consejo v2.1: Calculated meta-features for BTCUSDT (19 features) 
2026-01-02 08:23:04,302 ml_service_v2 INFO 🧙 Consejo v2.1: Calculated meta-features for BTCUSDT (19 features) 
2026-01-02 08:23:04,318 ml_service_v2 INFO 🧙 Consejo v2.1: Calculated meta-features for BTCUSDT (19 features) 
2026-01-02 08:23:04,330 ml_service_v2 INFO 🧙 Consejo v2.1: Calculated meta-features for BTCUSDT (19 features) 
2026-01-02 08:23:04,349 ml_service_v2 INFO 🧙 Consejo v2.1: Calculated meta-features for BTCUSDT (19 features) 
2026-01-02 08:23:04,361 ml_service_v2 INFO 🧙 Consejo v2.1: Calculated meta-features for BTCUSDT (19 features) 
2026-01-02 08:23:04,373 ml_service_v2 INFO 🧙 Consejo v2.1: Calculated meta-features for BTCUSDT (19 features) 
2026-01-02 08:23:04,396 ml_service_v2 INFO 🧙 Consejo v2.1: Calculated meta-features for BTCUSDT (19 features) 
2026-01-02 08:23:04,408 ml_service_v2 INFO 🧙 Consejo v2.1: Calculated meta-features for BTCUSDT (19 features) 
2026-01-02 08:23:04,420 ml_service_v2 INFO 🧙 Consejo v2.1: Calculated meta-features for BTCUSDT (19 features) 
2026-01-02 08:23:04,437 ml_service_v2 INFO 🧙 Consejo v2.1: Calculated meta-features for BTCUSDT (19 features) 
2026-01-02 08:23:04,448 ml_service_v2 INFO 🧙 Consejo v2.1: Calculated meta-features for BTCUSDT (19 features) 
2026-01-02 08:23:04,459 ml_service_v2 INFO 🧙 Consejo v2.1: Calculated meta-features for BTCUSDT (19 features) 
2026-01-02 08:23:04,477 ml_service_v2 INFO 🧙 Consejo v2.1: Calculated meta-features for BTCUSDT (19 features) 
2026-01-02 08:23:04,488 ml_service_v2 INFO 🧙 Consejo v2.1: Calculated meta-features for BTCUSDT (19 features) 
2026-01-02 08:23:04,500 ml_service_v2 INFO 🧙 Consejo v2.1: Calculated meta-features for BTCUSDT (19 features) 
2026-01-02 08:23:04,517 ml_service_v2 INFO 🧙 Consejo v2.1: Calculated meta-features for BTCUSDT (19 features) 
2026-01-02 08:23:04,528 ml_service_v2 INFO 🧙 Consejo v2.1: Calculated meta-features for BTCUSDT (19 features) 
2026-01-02 08:23:04,540 ml_service_v2 INFO 🧙 Consejo v2.1: Calculated meta-features for BTCUSDT (19 features) 
2026-01-02 08:23:04,557 ml_service_v2 INFO 🧙 Consejo v2.1: Calculated meta-features for BTCUSDT (19 features) 
2026-01-02 08:23:04,568 ml_service_v2 INFO 🧙 Consejo v2.1: Calculated meta-features for BTCUSDT (19 features) 
2026-01-02 08:23:04,579 ml_service_v2 INFO 🧙 Consejo v2.1: Calculated meta-features for BTCUSDT (19 features) 
2026-01-02 08:23:04,599 ml_service_v2 INFO 🧙 Consejo v2.1: Calculated meta-features for BTCUSDT (19 features) 
2026-01-02 08:23:04,613 ml_service_v2 INFO 🧙 Consejo v2.1: Calculated meta-features for BTCUSDT (19 features) 
2026-01-02 08:23:04,638 ml_service_v2 INFO 🧙 Consejo v2.1: Calculated meta-features for BTCUSDT (19 features) 
2026-01-02 08:23:04,653 ml_service_v2 INFO 🧙 Consejo v2.1: Calculated meta-features for BTCUSDT (19 features) 
2026-01-02 08:23:04,678 ml_service_v2 INFO 🧙 Consejo v2.1: Calculated meta-features for BTCUSDT (19 features) 
2026-01-02 08:23:04,693 ml_service_v2 INFO 🧙 Consejo v2.1: Calculated meta-features for BTCUSDT (19 features) 
2026-01-02 08:23:04,716 ml_service_v2 INFO 🧙 Consejo v2.1: Calculated meta-features for BTCUSDT (19 features) 
2026-01-02 08:23:04,728 ml_service_v2 INFO 🧙 Consejo v2.1: Calculated meta-features for BTCUSDT (19 features) 
2026-01-02 08:23:04,739 ml_service_v2 INFO 🧙 Consejo v2.1: Calculated meta-features for BTCUSDT (19 features) 
2026-01-02 08:23:04,757 ml_service_v2 INFO 🧙 Consejo v2.1: Calculated meta-features for BTCUSDT (19 features) 
2026-01-02 08:23:04,769 ml_service_v2 INFO 🧙 Consejo v2.1: Calculated meta-features for BTCUSDT (19 features) 
2026-01-02 08:23:04,781 ml_service_v2 INFO 🧙 Consejo v2.1: Calculated meta-features for BTCUSDT (19 features) 
2026-01-02 08:23:04,797 ml_service_v2 INFO 🧙 Consejo v2.1: Calculated meta-features for BTCUSDT (19 features) 
2026-01-02 08:23:04,809 ml_service_v2 INFO 🧙 Consejo v2.1: Calculated meta-features for BTCUSDT (19 features) 
2026-01-02 08:23:04,820 ml_service_v2 INFO 🧙 Consejo v2.1: Calculated meta-features for BTCUSDT (19 features) 
2026-01-02 08:23:04,837 ml_service_v2 INFO 🧙 Consejo v2.1: Calculated meta-features for BTCUSDT (19 features) 
2026-01-02 08:23:04,848 ml_service_v2 INFO 🧙 Consejo v2.1: Calculated meta-features for BTCUSDT (19 features) 
2026-01-02 08:23:04,860 ml_service_v2 INFO 🧙 Consejo v2.1: Calculated meta-features for BTCUSDT (19 features) 
2026-01-02 08:23:04,877 ml_service_v2 INFO 🧙 Consejo v2.1: Calculated meta-features for BTCUSDT (19 features) 
2026-01-02 08:23:04,888 ml_service_v2 INFO 🧙 Consejo v2.1: Calculated meta-features for BTCUSDT (19 features) 
2026-01-02 08:23:04,900 ml_service_v2 INFO 🧙 Consejo v2.1: Calculated meta-features for BTCUSDT (19 features) 
2026-01-02 08:23:04,917 ml_service_v2 INFO 🧙 Consejo v2.1: Calculated meta-features for BTCUSDT (19 features) 
2026-01-02 08:23:04,929 ml_service_v2 INFO 🧙 Consejo v2.1: Calculated meta-features for BTCUSDT (19 features) 
2026-01-02 08:23:04,940 ml_service_v2 INFO 🧙 Consejo v2.1: Calculated meta-features for BTCUSDT (19 features) 
2026-01-02 08:23:04,957 ml_service_v2 INFO 🧙 Consejo v2.1: Calculated meta-features for BTCUSDT (19 features) 
2026-01-02 08:23:04,968 ml_service_v2 INFO 🧙 Consejo v2.1: Calculated meta-features for BTCUSDT (19 features) 
2026-01-02 08:23:04,981 ml_service_v2 INFO 🧙 Consejo v2.1: Calculated meta-features for BTCUSDT (19 features) 
2026-01-02 08:23:04,997 ml_service_v2 INFO 🧙 Consejo v2.1: Calculated meta-features for BTCUSDT (19 features) 
2026-01-02 08:23:05,009 ml_service_v2 INFO 🧙 Consejo v2.1: Calculated meta-features for BTCUSDT (19 features) 
2026-01-02 08:23:05,020 ml_service_v2 INFO 🧙 Consejo v2.1: Calculated meta-features for BTCUSDT (19 features) 
2026-01-02 08:23:05,037 ml_service_v2 INFO 🧙 Consejo v2.1: Calculated meta-features for BTCUSDT (19 features) 
2026-01-02 08:23:05,049 ml_service_v2 INFO 🧙 Consejo v2.1: Calculated meta-features for BTCUSDT (19 features) 
2026-01-02 08:23:05,061 ml_service_v2 INFO 🧙 Consejo v2.1: Calculated meta-features for BTCUSDT (19 features) 
2026-01-02 08:23:05,077 ml_service_v2 INFO 🧙 Consejo v2.1: Calculated meta-features for BTCUSDT (19 features) 
2026-01-02 08:23:05,088 ml_service_v2 INFO 🧙 Consejo v2.1: Calculated meta-features for BTCUSDT (19 features) 
2026-01-02 08:23:05,100 ml_service_v2 INFO 🧙 Consejo v2.1: Calculated meta-features for BTCUSDT (19 features) 
2026-01-02 08:23:05,117 ml_service_v2 INFO 🧙 Consejo v2.1: Calculated meta-features for BTCUSDT (19 features) 
2026-01-02 08:23:05,129 ml_service_v2 INFO 🧙 Consejo v2.1: Calculated meta-features for BTCUSDT (19 features) 
2026-01-02 08:23:05,153 ml_service_v2 INFO 🧙 Consejo v2.1: Calculated meta-features for BTCUSDT (19 features) 
2026-01-02 08:23:05,166 ml_service_v2 INFO 🧙 Consejo v2.1: Calculated meta-features for BTCUSDT (19 features) 
2026-01-02 08:23:05,179 ml_service_v2 INFO 🧙 Consejo v2.1: Calculated meta-features for BTCUSDT (19 features) 
2026-01-02 08:23:05,200 ml_service_v2 INFO 🧙 Consejo v2.1: Calculated meta-features for BTCUSDT (19 features) 
2026-01-02 08:23:05,212 ml_service_v2 INFO 🧙 Consejo v2.1: Calculated meta-features for BTCUSDT (19 features) 
2026-01-02 08:23:05,223 ml_service_v2 INFO 🧙 Consejo v2.1: Calculated meta-features for BTCUSDT (19 features) 
2026-01-02 08:23:05,240 ml_service_v2 INFO 🧙 Consejo v2.1: Calculated meta-features for BTCUSDT (19 features) 
2026-01-02 08:23:05,252 ml_service_v2 INFO 🧙 Consejo v2.1: Calculated meta-features for BTCUSDT (19 features) 
2026-01-02 08:23:05,263 ml_service_v2 INFO 🧙 Consejo v2.1: Calculated meta-features for BTCUSDT (19 features) 
2026-01-02 08:23:05,280 ml_service_v2 INFO 🧙 Consejo v2.1: Calculated meta-features for BTCUSDT (19 features) 
2026-01-02 08:23:05,292 ml_service_v2 INFO 🧙 Consejo v2.1: Calculated meta-features for BTCUSDT (19 features) 
2026-01-02 08:23:05,304 ml_service_v2 INFO 🧙 Consejo v2.1: Calculated meta-features for BTCUSDT (19 features) 
2026-01-02 08:23:05,320 ml_service_v2 INFO 🧙 Consejo v2.1: Calculated meta-features for BTCUSDT (19 features) 
2026-01-02 08:23:05,332 ml_service_v2 INFO 🧙 Consejo v2.1: Calculated meta-features for BTCUSDT (19 features) 
2026-01-02 08:23:05,344 ml_service_v2 INFO 🧙 Consejo v2.1: Calculated meta-features for BTCUSDT (19 features) 
2026-01-02 08:23:05,360 ml_service_v2 INFO 🧙 Consejo v2.1: Calculated meta-features for BTCUSDT (19 features) 
2026-01-02 08:23:05,372 ml_service_v2 INFO 🧙 Consejo v2.1: Calculated meta-features for BTCUSDT (19 features) 
2026-01-02 08:23:05,383 ml_service_v2 INFO 🧙 Consejo v2.1: Calculated meta-features for BTCUSDT (19 features) 
2026-01-02 08:23:05,400 ml_service_v2 INFO 🧙 Consejo v2.1: Calculated meta-features for BTCUSDT (19 features) 
2026-01-02 08:23:05,411 ml_service_v2 INFO 🧙 Consejo v2.1: Calculated meta-features for BTCUSDT (19 features) 
2026-01-02 08:23:05,423 ml_service_v2 INFO 🧙 Consejo v2.1: Calculated meta-features for BTCUSDT (19 features) 
2026-01-02 08:23:05,440 ml_service_v2 INFO 🧙 Consejo v2.1: Calculated meta-features for BTCUSDT (19 features) 
2026-01-02 08:23:05,452 ml_service_v2 INFO 🧙 Consejo v2.1: Calculated meta-features for BTCUSDT (19 features) 
2026-01-02 08:23:05,464 ml_service_v2 INFO 🧙 Consejo v2.1: Calculated meta-features for BTCUSDT (19 features) 
2026-01-02 08:23:05,480 ml_service_v2 INFO 🧙 Consejo v2.1: Calculated meta-features for BTCUSDT (19 features) 
2026-01-02 08:23:05,492 ml_service_v2 INFO 🧙 Consejo v2.1: Calculated meta-features for BTCUSDT (19 features) 
2026-01-02 08:23:05,503 ml_service_v2 INFO 🧙 Consejo v2.1: Calculated meta-features for BTCUSDT (19 features) 
2026-01-02 08:23:05,520 ml_service_v2 INFO 🧙 Consejo v2.1: Calculated meta-features for BTCUSDT (19 features) 
2026-01-02 08:23:05,532 ml_service_v2 INFO 🧙 Consejo v2.1: Calculated meta-features for BTCUSDT (19 features) 
2026-01-02 08:23:05,544 ml_service_v2 INFO 🧙 Consejo v2.1: Calculated meta-features for BTCUSDT (19 features) 
2026-01-02 08:23:05,560 ml_service_v2 INFO 🧙 Consejo v2.1: Calculated meta-features for BTCUSDT (19 features) 
2026-01-02 08:23:05,572 ml_service_v2 INFO 🧙 Consejo v2.1: Calculated meta-features for BTCUSDT (19 features) 
2026-01-02 08:23:05,583 ml_service_v2 INFO 🧙 Consejo v2.1: Calculated meta-features for BTCUSDT (19 features) 
2026-01-02 08:23:05,600 ml_service_v2 INFO 🧙 Consejo v2.1: Calculated meta-features for BTCUSDT (19 features) 
2026-01-02 08:23:05,611 ml_service_v2 INFO 🧙 Consejo v2.1: Calculated meta-features for BTCUSDT (19 features) 
2026-01-02 08:23:05,623 ml_service_v2 INFO 🧙 Consejo v2.1: Calculated meta-features for BTCUSDT (19 features) 
2026-01-02 08:23:05,640 ml_service_v2 INFO 🧙 Consejo v2.1: Calculated meta-features for BTCUSDT (19 features) 
2026-01-02 08:23:05,651 ml_service_v2 INFO 🧙 Consejo v2.1: Calculated meta-features for BTCUSDT (19 features) 
2026-01-02 08:23:05,662 ml_service_v2 INFO 🧙 Consejo v2.1: Calculated meta-features for BTCUSDT (19 features) 
2026-01-02 08:23:05,682 ml_service_v2 INFO 🧙 Consejo v2.1: Calculated meta-features for BTCUSDT (19 features) 
2026-01-02 08:23:05,693 ml_service_v2 INFO 🧙 Consejo v2.1: Calculated meta-features for BTCUSDT (19 features) 
2026-01-02 08:23:05,705 ml_service_v2 INFO 🧙 Consejo v2.1: Calculated meta-features for BTCUSDT (19 features) 
2026-01-02 08:23:05,720 ml_service_v2 INFO 🧙 Consejo v2.1: Calculated meta-features for BTCUSDT (19 features) 
2026-01-02 08:23:05,732 ml_service_v2 INFO 🧙 Consejo v2.1: Calculated meta-features for BTCUSDT (19 features) 
2026-01-02 08:23:05,743 ml_service_v2 INFO 🧙 Consejo v2.1: Calculated meta-features for BTCUSDT (19 features) 
2026-01-02 08:23:05,760 ml_service_v2 INFO 🧙 Consejo v2.1: Calculated meta-features for BTCUSDT (19 features) 
2026-01-02 08:23:05,772 ml_service_v2 INFO 🧙 Consejo v2.1: Calculated meta-features for BTCUSDT (19 features) 
2026-01-02 08:23:05,783 ml_service_v2 INFO 🧙 Consejo v2.1: Calculated meta-features for BTCUSDT (19 features) 
2026-01-02 08:23:05,800 ml_service_v2 INFO 🧙 Consejo v2.1: Calculated meta-features for BTCUSDT (19 features) 
2026-01-02 08:23:05,811 ml_service_v2 INFO 🧙 Consejo v2.1: Calculated meta-features for BTCUSDT (19 features) 
2026-01-02 08:23:05,823 ml_service_v2 INFO 🧙 Consejo v2.1: Calculated meta-features for BTCUSDT (19 features) 
2026-01-02 08:23:05,840 ml_service_v2 INFO 🧙 Consejo v2.1: Calculated meta-features for BTCUSDT (19 features) 
2026-01-02 08:23:05,852 ml_service_v2 INFO 🧙 Consejo v2.1: Calculated meta-features for BTCUSDT (19 features) 
2026-01-02 08:23:05,863 ml_service_v2 INFO 🧙 Consejo v2.1: Calculated meta-features for BTCUSDT (19 features) 
2026-01-02 08:23:05,880 ml_service_v2 INFO 🧙 Consejo v2.1: Calculated meta-features for BTCUSDT (19 features) 
2026-01-02 08:23:05,892 ml_service_v2 INFO 🧙 Consejo v2.1: Calculated meta-features for BTCUSDT (19 features) 
2026-01-02 08:23:05,903 ml_service_v2 INFO 🧙 Consejo v2.1: Calculated meta-features for BTCUSDT (19 features) 
2026-01-02 08:23:05,920 ml_service_v2 INFO 🧙 Consejo v2.1: Calculated meta-features for BTCUSDT (19 features) 
2026-01-02 08:23:05,932 ml_service_v2 INFO 🧙 Consejo v2.1: Calculated meta-features for BTCUSDT (19 features) 
2026-01-02 08:23:05,943 ml_service_v2 INFO 🧙 Consejo v2.1: Calculated meta-features for BTCUSDT (19 features) 
2026-01-02 08:23:05,961 ml_service_v2 INFO 🧙 Consejo v2.1: Calculated meta-features for BTCUSDT (19 features) 
2026-01-02 08:23:05,973 ml_service_v2 INFO 🧙 Consejo v2.1: Calculated meta-features for BTCUSDT (19 features) 
2026-01-02 08:23:05,985 ml_service_v2 INFO 🧙 Consejo v2.1: Calculated meta-features for BTCUSDT (19 features) 
2026-01-02 08:23:06,001 ml_service_v2 INFO 🧙 Consejo v2.1: Calculated meta-features for BTCUSDT (19 features) 
2026-01-02 08:23:06,012 ml_service_v2 INFO 🧙 Consejo v2.1: Calculated meta-features for BTCUSDT (19 features) 
2026-01-02 08:23:06,024 ml_service_v2 INFO 🧙 Consejo v2.1: Calculated meta-features for BTCUSDT (19 features) 
2026-01-02 08:23:06,041 ml_service_v2 INFO 🧙 Consejo v2.1: Calculated meta-features for BTCUSDT (19 features) 
2026-01-02 08:23:06,053 ml_service_v2 INFO 🧙 Consejo v2.1: Calculated meta-features for BTCUSDT (19 features) 
2026-01-02 08:23:06,064 ml_service_v2 INFO 🧙 Consejo v2.1: Calculated meta-features for BTCUSDT (19 features) 
2026-01-02 08:23:06,082 ml_service_v2 INFO 🧙 Consejo v2.1: Calculated meta-features for BTCUSDT (19 features) 
2026-01-02 08:23:06,094 ml_service_v2 INFO 🧙 Consejo v2.1: Calculated meta-features for BTCUSDT (19 features) 
2026-01-02 08:23:06,106 ml_service_v2 INFO 🧙 Consejo v2.1: Calculated meta-features for BTCUSDT (19 features) 
2026-01-02 08:23:06,122 ml_service_v2 INFO 🧙 Consejo v2.1: Calculated meta-features for BTCUSDT (19 features) 
2026-01-02 08:23:06,135 ml_service_v2 INFO 🧙 Consejo v2.1: Calculated meta-features for BTCUSDT (19 features) 
2026-01-02 08:23:06,147 ml_service_v2 INFO 🧙 Consejo v2.1: Calculated meta-features for BTCUSDT (19 features) 
2026-01-02 08:23:06,162 ml_service_v2 INFO 🧙 Consejo v2.1: Calculated meta-features for BTCUSDT (19 features) 
2026-01-02 08:23:06,175 ml_service_v2 INFO 🧙 Consejo v2.1: Calculated meta-features for BTCUSDT (19 features) 
2026-01-02 08:23:06,187 ml_service_v2 INFO 🧙 Consejo v2.1: Calculated meta-features for BTCUSDT (19 features) 
2026-01-02 08:23:06,202 ml_service_v2 INFO 🧙 Consejo v2.1: Calculated meta-features for BTCUSDT (19 features) 
2026-01-02 08:23:06,214 ml_service_v2 INFO 🧙 Consejo v2.1: Calculated meta-features for BTCUSDT (19 features) 
2026-01-02 08:23:06,225 ml_service_v2 INFO 🧙 Consejo v2.1: Calculated meta-features for BTCUSDT (19 features) 
2026-01-02 08:23:06,242 ml_service_v2 INFO 🧙 Consejo v2.1: Calculated meta-features for BTCUSDT (19 features) 
2026-01-02 08:23:06,253 ml_service_v2 INFO 🧙 Consejo v2.1: Calculated meta-features for BTCUSDT (19 features) 
2026-01-02 08:23:06,265 ml_service_v2 INFO 🧙 Consejo v2.1: Calculated meta-features for BTCUSDT (19 features) 
2026-01-02 08:23:06,282 ml_service_v2 INFO 🧙 Consejo v2.1: Calculated meta-features for BTCUSDT (19 features) 
2026-01-02 08:23:06,294 ml_service_v2 INFO 🧙 Consejo v2.1: Calculated meta-features for BTCUSDT (19 features) 
2026-01-02 08:23:06,305 ml_service_v2 INFO 🧙 Consejo v2.1: Calculated meta-features for BTCUSDT (19 features) 
2026-01-02 08:23:06,323 ml_service_v2 INFO 🧙 Consejo v2.1: Calculated meta-features for BTCUSDT (19 features) 
2026-01-02 08:23:06,334 ml_service_v2 INFO 🧙 Consejo v2.1: Calculated meta-features for BTCUSDT (19 features) 
2026-01-02 08:23:06,346 ml_service_v2 INFO 🧙 Consejo v2.1: Calculated meta-features for BTCUSDT (19 features) 
2026-01-02 08:23:06,362 ml_service_v2 INFO 🧙 Consejo v2.1: Calculated meta-features for BTCUSDT (19 features) 
2026-01-02 08:23:06,374 ml_service_v2 INFO 🧙 Consejo v2.1: Calculated meta-features for BTCUSDT (19 features) 
2026-01-02 08:23:06,385 ml_service_v2 INFO 🧙 Consejo v2.1: Calculated meta-features for BTCUSDT (19 features) 
2026-01-02 08:23:06,403 ml_service_v2 INFO 🧙 Consejo v2.1: Calculated meta-features for BTCUSDT (19 features) 
2026-01-02 08:23:06,415 ml_service_v2 INFO 🧙 Consejo v2.1: Calculated meta-features for BTCUSDT (19 features) 
2026-01-02 08:23:06,426 ml_service_v2 INFO 🧙 Consejo v2.1: Calculated meta-features for BTCUSDT (19 features) 
2026-01-02 08:23:06,443 ml_service_v2 INFO 🧙 Consejo v2.1: Calculated meta-features for BTCUSDT (19 features) 
2026-01-02 08:23:06,454 ml_service_v2 INFO 🧙 Consejo v2.1: Calculated meta-features for BTCUSDT (19 features) 
2026-01-02 08:23:06,466 ml_service_v2 INFO 🧙 Consejo v2.1: Calculated meta-features for BTCUSDT (19 features) 
2026-01-02 08:23:06,484 ml_service_v2 INFO 🧙 Consejo v2.1: Calculated meta-features for BTCUSDT (19 features) 
2026-01-02 08:23:06,496 ml_service_v2 INFO 🧙 Consejo v2.1: Calculated meta-features for BTCUSDT (19 features) 
2026-01-02 08:23:06,507 ml_service_v2 INFO 🧙 Consejo v2.1: Calculated meta-features for BTCUSDT (19 features) 
2026-01-02 08:23:06,523 ml_service_v2 INFO 🧙 Consejo v2.1: Calculated meta-features for BTCUSDT (19 features) 
2026-01-02 08:23:06,535 ml_service_v2 INFO 🧙 Consejo v2.1: Calculated meta-features for BTCUSDT (19 features) 
2026-01-02 08:23:06,546 ml_service_v2 INFO 🧙 Consejo v2.1: Calculated meta-features for BTCUSDT (19 features) 
2026-01-02 08:23:06,563 ml_service_v2 INFO 🧙 Consejo v2.1: Calculated meta-features for BTCUSDT (19 features) 
2026-01-02 08:23:06,575 ml_service_v2 INFO 🧙 Consejo v2.1: Calculated meta-features for BTCUSDT (19 features) 
2026-01-02 08:23:06,586 ml_service_v2 INFO 🧙 Consejo v2.1: Calculated meta-features for BTCUSDT (19 features) 
2026-01-02 08:23:06,604 ml_service_v2 INFO 🧙 Consejo v2.1: Calculated meta-features for BTCUSDT (19 features) 
2026-01-02 08:23:06,615 ml_service_v2 INFO 🧙 Consejo v2.1: Calculated meta-features for BTCUSDT (19 features) 
2026-01-02 08:23:06,628 ml_service_v2 INFO 🧙 Consejo v2.1: Calculated meta-features for BTCUSDT (19 features) 
2026-01-02 08:23:06,644 ml_service_v2 INFO 🧙 Consejo v2.1: Calculated meta-features for BTCUSDT (19 features) 
2026-01-02 08:23:06,657 ml_service_v2 INFO 🧙 Consejo v2.1: Calculated meta-features for BTCUSDT (19 features) 
2026-01-02 08:23:06,669 ml_service_v2 INFO 🧙 Consejo v2.1: Calculated meta-features for BTCUSDT (19 features) 
2026-01-02 08:23:06,685 ml_service_v2 INFO 🧙 Consejo v2.1: Calculated meta-features for BTCUSDT (19 features) 
2026-01-02 08:23:06,697 ml_service_v2 INFO 🧙 Consejo v2.1: Calculated meta-features for BTCUSDT (19 features) 
2026-01-02 08:23:06,710 ml_service_v2 INFO 🧙 Consejo v2.1: Calculated meta-features for BTCUSDT (19 features) 
2026-01-02 08:23:06,725 ml_service_v2 INFO 🧙 Consejo v2.1: Calculated meta-features for BTCUSDT (19 features) 
2026-01-02 08:23:06,736 ml_service_v2 INFO 🧙 Consejo v2.1: Calculated meta-features for BTCUSDT (19 features) 
2026-01-02 08:23:06,747 ml_service_v2 INFO 🧙 Consejo v2.1: Calculated meta-features for BTCUSDT (19 features) 
2026-01-02 08:23:06,764 ml_service_v2 INFO 🧙 Consejo v2.1: Calculated meta-features for BTCUSDT (19 features) 
2026-01-02 08:23:06,775 ml_service_v2 INFO 🧙 Consejo v2.1: Calculated meta-features for BTCUSDT (19 features) 
2026-01-02 08:23:06,787 ml_service_v2 INFO 🧙 Consejo v2.1: Calculated meta-features for BTCUSDT (19 features) 
2026-01-02 08:23:06,805 ml_service_v2 INFO 🧙 Consejo v2.1: Calculated meta-features for BTCUSDT (19 features) 
2026-01-02 08:23:06,816 ml_service_v2 INFO 🧙 Consejo v2.1: Calculated meta-features for BTCUSDT (19 features) 
2026-01-02 08:23:06,827 ml_service_v2 INFO 🧙 Consejo v2.1: Calculated meta-features for BTCUSDT (19 features) 
2026-01-02 08:23:06,845 ml_service_v2 INFO 🧙 Consejo v2.1: Calculated meta-features for BTCUSDT (19 features) 
2026-01-02 08:23:06,857 ml_service_v2 INFO 🧙 Consejo v2.1: Calculated meta-features for BTCUSDT (19 features) 
2026-01-02 08:23:06,868 ml_service_v2 INFO 🧙 Consejo v2.1: Calculated meta-features for BTCUSDT (19 features) 
2026-01-02 08:23:06,885 ml_service_v2 INFO 🧙 Consejo v2.1: Calculated meta-features for BTCUSDT (19 features) 
2026-01-02 08:23:06,896 ml_service_v2 INFO 🧙 Consejo v2.1: Calculated meta-features for BTCUSDT (19 features) 
2026-01-02 08:23:06,908 ml_service_v2 INFO 🧙 Consejo v2.1: Calculated meta-features for BTCUSDT (19 features) 
2026-01-02 08:23:06,925 ml_service_v2 INFO 🧙 Consejo v2.1: Calculated meta-features for BTCUSDT (19 features) 
2026-01-02 08:23:06,939 ml_service_v2 INFO 🧙 Consejo v2.1: Calculated meta-features for BTCUSDT (19 features) 
2026-01-02 08:23:06,960 ml_service_v2 INFO 🧙 Consejo v2.1: Calculated meta-features for BTCUSDT (19 features) 
2026-01-02 08:23:06,975 ml_service_v2 INFO 🧙 Consejo v2.1: Calculated meta-features for BTCUSDT (19 features) 
2026-01-02 08:23:06,987 ml_service_v2 INFO 🧙 Consejo v2.1: Calculated meta-features for BTCUSDT (19 features) 
2026-01-02 08:23:07,005 ml_service_v2 INFO 🧙 Consejo v2.1: Calculated meta-features for BTCUSDT (19 features) 
2026-01-02 08:23:07,017 ml_service_v2 INFO 🧙 Consejo v2.1: Calculated meta-features for BTCUSDT (19 features) 
2026-01-02 08:23:07,028 ml_service_v2 INFO 🧙 Consejo v2.1: Calculated meta-features for BTCUSDT (19 features) 
2026-01-02 08:23:07,045 ml_service_v2 INFO 🧙 Consejo v2.1: Calculated meta-features for BTCUSDT (19 features) 
2026-01-02 08:23:07,058 ml_service_v2 INFO 🧙 Consejo v2.1: Calculated meta-features for BTCUSDT (19 features) 
2026-01-02 08:23:07,079 ml_service_v2 INFO 🧙 Consejo v2.1: Calculated meta-features for BTCUSDT (19 features) 
2026-01-02 08:23:07,091 ml_service_v2 INFO 🧙 Consejo v2.1: Calculated meta-features for BTCUSDT (19 features) 
2026-01-02 08:23:07,103 ml_service_v2 INFO 🧙 Consejo v2.1: Calculated meta-features for BTCUSDT (19 features) 
2026-01-02 08:23:07,125 ml_service_v2 INFO 🧙 Consejo v2.1: Calculated meta-features for BTCUSDT (19 features) 
2026-01-02 08:23:07,140 ml_service_v2 INFO 🧙 Consejo v2.1: Calculated meta-features for BTCUSDT (19 features) 
2026-01-02 08:23:07,166 ml_service_v2 INFO 🧙 Consejo v2.1: Calculated meta-features for BTCUSDT (19 features) 
2026-01-02 08:23:07,184 ml_service_v2 INFO 🧙 Consejo v2.1: Calculated meta-features for BTCUSDT (19 features) 
2026-01-02 08:23:07,207 ml_service_v2 INFO 🧙 Consejo v2.1: Calculated meta-features for BTCUSDT (19 features) 
2026-01-02 08:23:07,223 ml_service_v2 INFO 🧙 Consejo v2.1: Calculated meta-features for BTCUSDT (19 features) 
2026-01-02 08:23:07,246 ml_service_v2 INFO 🧙 Consejo v2.1: Calculated meta-features for BTCUSDT (19 features) 
2026-01-02 08:23:07,260 ml_service_v2 INFO 🧙 Consejo v2.1: Calculated meta-features for BTCUSDT (19 features) 
2026-01-02 08:23:07,287 ml_service_v2 INFO 🧙 Consejo v2.1: Calculated meta-features for BTCUSDT (19 features) 
2026-01-02 08:23:07,315 ml_service_v2 INFO 🧙 Consejo v2.1: Calculated meta-features for BTCUSDT (19 features) 
2026-01-02 08:23:07,333 ml_service_v2 INFO 🧙 Consejo v2.1: Calculated meta-features for BTCUSDT (19 features) 
2026-01-02 08:23:07,358 ml_service_v2 INFO 🧙 Consejo v2.1: Calculated meta-features for BTCUSDT (19 features) 
2026-01-02 08:23:07,383 ml_service_v2 INFO 🧙 Consejo v2.1: Calculated meta-features for BTCUSDT (19 features) 
2026-01-02 08:23:07,395 ml_service_v2 INFO 🧙 Consejo v2.1: Calculated meta-features for BTCUSDT (19 features) 
2026-01-02 08:23:07,413 ml_service_v2 INFO 🧙 Consejo v2.1: Calculated meta-features for BTCUSDT (19 features) 
2026-01-02 08:23:07,425 ml_service_v2 INFO 🧙 Consejo v2.1: Calculated meta-features for BTCUSDT (19 features) 
2026-01-02 08:23:07,438 ml_service_v2 INFO 🧙 Consejo v2.1: Calculated meta-features for BTCUSDT (19 features) 
2026-01-02 08:23:07,455 ml_service_v2 INFO 🧙 Consejo v2.1: Calculated meta-features for BTCUSDT (19 features) 
2026-01-02 08:23:07,470 ml_service_v2 INFO 🧙 Consejo v2.1: Calculated meta-features for BTCUSDT (19 features) 
2026-01-02 08:23:07,495 ml_service_v2 INFO 🧙 Consejo v2.1: Calculated meta-features for BTCUSDT (19 features) 
2026-01-02 08:23:07,510 ml_service_v2 INFO 🧙 Consejo v2.1: Calculated meta-features for BTCUSDT (19 features) 
2026-01-02 08:23:07,535 ml_service_v2 INFO 🧙 Consejo v2.1: Calculated meta-features for BTCUSDT (19 features) 
2026-01-02 08:23:07,547 ml_service_v2 INFO 🧙 Consejo v2.1: Calculated meta-features for BTCUSDT (19 features) 
2026-01-02 08:23:07,566 ml_service_v2 INFO 🧙 Consejo v2.1: Calculated meta-features for BTCUSDT (19 features) 
2026-01-02 08:23:07,578 ml_service_v2 INFO 🧙 Consejo v2.1: Calculated meta-features for BTCUSDT (19 features) 
2026-01-02 08:23:07,591 ml_service_v2 INFO 🧙 Consejo v2.1: Calculated meta-features for BTCUSDT (19 features) 
2026-01-02 08:23:07,613 ml_service_v2 INFO 🧙 Consejo v2.1: Calculated meta-features for BTCUSDT (19 features) 
2026-01-02 08:23:07,629 ml_service_v2 INFO 🧙 Consejo v2.1: Calculated meta-features for BTCUSDT (19 features) 
2026-01-02 08:23:07,653 ml_service_v2 INFO 🧙 Consejo v2.1: Calculated meta-features for BTCUSDT (19 features) 
2026-01-02 08:23:07,665 ml_service_v2 INFO 🧙 Consejo v2.1: Calculated meta-features for BTCUSDT (19 features) 
2026-01-02 08:23:07,679 ml_service_v2 INFO 🧙 Consejo v2.1: Calculated meta-features for BTCUSDT (19 features) 
2026-01-02 08:23:07,694 ml_service_v2 INFO 🧙 Consejo v2.1: Calculated meta-features for BTCUSDT (19 features) 
2026-01-02 08:23:07,707 ml_service_v2 INFO 🧙 Consejo v2.1: Calculated meta-features for BTCUSDT (19 features) 
2026-01-02 08:23:07,726 ml_service_v2 INFO 🧙 Consejo v2.1: Calculated meta-features for BTCUSDT (19 features) 
2026-01-02 08:23:07,741 ml_service_v2 INFO 🧙 Consejo v2.1: Calculated meta-features for BTCUSDT (19 features) 
2026-01-02 08:23:07,753 ml_service_v2 INFO 🧙 Consejo v2.1: Calculated meta-features for BTCUSDT (19 features) 
2026-01-02 08:23:07,773 ml_service_v2 INFO 🧙 Consejo v2.1: Calculated meta-features for BTCUSDT (19 features) 
2026-01-02 08:23:07,785 ml_service_v2 INFO 🧙 Consejo v2.1: Calculated meta-features for BTCUSDT (19 features) 
2026-01-02 08:23:07,798 ml_service_v2 INFO 🧙 Consejo v2.1: Calculated meta-features for BTCUSDT (19 features) 
2026-01-02 08:23:07,817 ml_service_v2 INFO 🧙 Consejo v2.1: Calculated meta-features for BTCUSDT (19 features) 
2026-01-02 08:23:07,829 ml_service_v2 INFO 🧙 Consejo v2.1: Calculated meta-features for BTCUSDT (19 features) 
2026-01-02 08:23:07,853 ml_service_v2 INFO 🧙 Consejo v2.1: Calculated meta-features for BTCUSDT (19 features) 
2026-01-02 08:23:07,865 ml_service_v2 INFO 🧙 Consejo v2.1: Calculated meta-features for BTCUSDT (19 features) 
2026-01-02 08:23:07,877 ml_service_v2 INFO 🧙 Consejo v2.1: Calculated meta-features for BTCUSDT (19 features) 
2026-01-02 08:23:07,897 ml_service_v2 INFO 🧙 Consejo v2.1: Calculated meta-features for BTCUSDT (19 features) 
2026-01-02 08:23:07,914 ml_service_v2 INFO 🧙 Consejo v2.1: Calculated meta-features for BTCUSDT (19 features) 
2026-01-02 08:23:07,935 ml_service_v2 INFO 🧙 Consejo v2.1: Calculated meta-features for BTCUSDT (19 features) 
2026-01-02 08:23:07,957 ml_service_v2 INFO 🧙 Consejo v2.1: Calculated meta-features for BTCUSDT (19 features) 
2026-01-02 08:23:07,978 ml_service_v2 INFO 🧙 Consejo v2.1: Calculated meta-features for BTCUSDT (19 features) 
2026-01-02 08:23:07,991 ml_service_v2 INFO 🧙 Consejo v2.1: Calculated meta-features for BTCUSDT (19 features) 
2026-01-02 08:23:08,019 ml_service_v2 INFO 🧙 Consejo v2.1: Calculated meta-features for BTCUSDT (19 features) 
2026-01-02 08:23:08,034 ml_service_v2 INFO 🧙 Consejo v2.1: Calculated meta-features for BTCUSDT (19 features) 
2026-01-02 08:23:08,056 ml_service_v2 INFO 🧙 Consejo v2.1: Calculated meta-features for BTCUSDT (19 features) 
2026-01-02 08:23:08,068 ml_service_v2 INFO 🧙 Consejo v2.1: Calculated meta-features for BTCUSDT (19 features) 
2026-01-02 08:23:08,096 ml_service_v2 INFO 🧙 Consejo v2.1: Calculated meta-features for BTCUSDT (19 features) 
2026-01-02 08:23:08,108 ml_service_v2 INFO 🧙 Consejo v2.1: Calculated meta-features for BTCUSDT (19 features) 
2026-01-02 08:23:08,137 ml_service_v2 INFO 🧙 Consejo v2.1: Calculated meta-features for BTCUSDT (19 features) 
2026-01-02 08:23:08,169 ml_service_v2 INFO 🧙 Consejo v2.1: Calculated meta-features for BTCUSDT (19 features) 
2026-01-02 08:23:08,204 ml_service_v2 INFO 🧙 Consejo v2.1: Calculated meta-features for BTCUSDT (19 features) 
2026-01-02 08:23:08,222 ml_service_v2 INFO 🧙 Consejo v2.1: Calculated meta-features for BTCUSDT (19 features) 
2026-01-02 08:23:08,238 ml_service_v2 INFO 🧙 Consejo v2.1: Calculated meta-features for BTCUSDT (19 features) 
2026-01-02 08:23:08,261 ml_service_v2 INFO 🧙 Consejo v2.1: Calculated meta-features for BTCUSDT (19 features) 
2026-01-02 08:23:08,277 ml_service_v2 INFO 🧙 Consejo v2.1: Calculated meta-features for BTCUSDT (19 features) 
2026-01-02 08:23:08,301 ml_service_v2 INFO 🧙 Consejo v2.1: Calculated meta-features for BTCUSDT (19 features) 
2026-01-02 08:23:08,312 ml_service_v2 INFO 🧙 Consejo v2.1: Calculated meta-features for BTCUSDT (19 features) 
2026-01-02 08:23:08,337 ml_service_v2 INFO 🧙 Consejo v2.1: Calculated meta-features for BTCUSDT (19 features) 
2026-01-02 08:23:08,348 ml_service_v2 INFO 🧙 Consejo v2.1: Calculated meta-features for BTCUSDT (19 features) 
2026-01-02 08:23:08,369 ml_service_v2 INFO 🧙 Consejo v2.1: Calculated meta-features for BTCUSDT (19 features) 
2026-01-02 08:23:08,385 ml_service_v2 INFO 🧙 Consejo v2.1: Calculated meta-features for BTCUSDT (19 features) 
2026-01-02 08:23:08,397 ml_service_v2 INFO 🧙 Consejo v2.1: Calculated meta-features for BTCUSDT (19 features) 
2026-01-02 08:23:08,418 ml_service_v2 INFO 🧙 Consejo v2.1: Calculated meta-features for BTCUSDT (19 features) 
2026-01-02 08:23:08,429 ml_service_v2 INFO 🧙 Consejo v2.1: Calculated meta-features for BTCUSDT (19 features) 
2026-01-02 08:23:08,458 ml_service_v2 INFO 🧙 Consejo v2.1: Calculated meta-features for BTCUSDT (19 features) 
2026-01-02 08:23:08,470 ml_service_v2 INFO 🧙 Consejo v2.1: Calculated meta-features for BTCUSDT (19 features) 
2026-01-02 08:23:08,498 ml_service_v2 INFO 🧙 Consejo v2.1: Calculated meta-features for BTCUSDT (19 features) 
2026-01-02 08:23:08,510 ml_service_v2 INFO 🧙 Consejo v2.1: Calculated meta-features for BTCUSDT (19 features) 
2026-01-02 08:23:08,537 ml_service_v2 INFO 🧙 Consejo v2.1: Calculated meta-features for BTCUSDT (19 features) 
2026-01-02 08:23:08,549 ml_service_v2 INFO 🧙 Consejo v2.1: Calculated meta-features for BTCUSDT (19 features) 
2026-01-02 08:23:08,577 ml_service_v2 INFO 🧙 Consejo v2.1: Calculated meta-features for BTCUSDT (19 features) 
2026-01-02 08:23:08,590 ml_service_v2 INFO 🧙 Consejo v2.1: Calculated meta-features for BTCUSDT (19 features) 
2026-01-02 08:23:08,617 ml_service_v2 INFO 🧙 Consejo v2.1: Calculated meta-features for BTCUSDT (19 features) 
2026-01-02 08:23:08,629 ml_service_v2 INFO 🧙 Consejo v2.1: Calculated meta-features for BTCUSDT (19 features) 
2026-01-02 08:23:08,657 ml_service_v2 INFO 🧙 Consejo v2.1: Calculated meta-features for BTCUSDT (19 features) 
2026-01-02 08:23:08,669 ml_service_v2 INFO 🧙 Consejo v2.1: Calculated meta-features for BTCUSDT (19 features) 
2026-01-02 08:23:08,696 ml_service_v2 INFO 🧙 Consejo v2.1: Calculated meta-features for BTCUSDT (19 features) 
2026-01-02 08:23:08,708 ml_service_v2 INFO 🧙 Consejo v2.1: Calculated meta-features for BTCUSDT (19 features) 
2026-01-02 08:23:08,736 ml_service_v2 INFO 🧙 Consejo v2.1: Calculated meta-features for BTCUSDT (19 features) 
2026-01-02 08:23:08,748 ml_service_v2 INFO 🧙 Consejo v2.1: Calculated meta-features for BTCUSDT (19 features) 
2026-01-02 08:23:08,776 ml_service_v2 INFO 🧙 Consejo v2.1: Calculated meta-features for BTCUSDT (19 features) 
2026-01-02 08:23:08,788 ml_service_v2 INFO 🧙 Consejo v2.1: Calculated meta-features for BTCUSDT (19 features) 
2026-01-02 08:23:08,815 ml_service_v2 INFO 🧙 Consejo v2.1: Calculated meta-features for BTCUSDT (19 features) 
2026-01-02 08:23:08,827 ml_service_v2 INFO 🧙 Consejo v2.1: Calculated meta-features for BTCUSDT (19 features) 
2026-01-02 08:23:08,852 ml_service_v2 INFO 🧙 Consejo v2.1: Calculated meta-features for BTCUSDT (19 features) 
2026-01-02 08:23:08,865 ml_service_v2 INFO 🧙 Consejo v2.1: Calculated meta-features for BTCUSDT (19 features) 
2026-01-02 08:23:08,878 ml_service_v2 INFO 🧙 Consejo v2.1: Calculated meta-features for BTCUSDT (19 features) 
2026-01-02 08:23:08,898 ml_service_v2 INFO 🧙 Consejo v2.1: Calculated meta-features for BTCUSDT (19 features) 
2026-01-02 08:23:08,911 ml_service_v2 INFO 🧙 Consejo v2.1: Calculated meta-features for BTCUSDT (19 features) 
2026-01-02 08:23:08,932 ml_service_v2 INFO 🧙 Consejo v2.1: Calculated meta-features for BTCUSDT (19 features) 
2026-01-02 08:23:08,946 ml_service_v2 INFO 🧙 Consejo v2.1: Calculated meta-features for BTCUSDT (19 features) 
2026-01-02 08:23:08,960 ml_service_v2 INFO 🧙 Consejo v2.1: Calculated meta-features for BTCUSDT (19 features) 
2026-01-02 08:23:08,979 ml_service_v2 INFO 🧙 Consejo v2.1: Calculated meta-features for BTCUSDT (19 features) 
2026-01-02 08:23:08,991 ml_service_v2 INFO 🧙 Consejo v2.1: Calculated meta-features for BTCUSDT (19 features) 
2026-01-02 08:23:09,012 ml_service_v2 INFO 🧙 Consejo v2.1: Calculated meta-features for BTCUSDT (19 features) 
2026-01-02 08:23:09,026 ml_service_v2 INFO 🧙 Consejo v2.1: Calculated meta-features for BTCUSDT (19 features) 
2026-01-02 08:23:09,040 ml_service_v2 INFO 🧙 Consejo v2.1: Calculated meta-features for BTCUSDT (19 features) 
2026-01-02 08:23:09,059 ml_service_v2 INFO 🧙 Consejo v2.1: Calculated meta-features for BTCUSDT (19 features) 
2026-01-02 08:23:09,072 ml_service_v2 INFO 🧙 Consejo v2.1: Calculated meta-features for BTCUSDT (19 features) 
2026-01-02 08:23:09,092 ml_service_v2 INFO 🧙 Consejo v2.1: Calculated meta-features for BTCUSDT (19 features) 
2026-01-02 08:23:09,105 ml_service_v2 INFO 🧙 Consejo v2.1: Calculated meta-features for BTCUSDT (19 features) 
2026-01-02 08:23:09,119 ml_service_v2 INFO 🧙 Consejo v2.1: Calculated meta-features for BTCUSDT (19 features) 
2026-01-02 08:23:09,141 ml_service_v2 INFO 🧙 Consejo v2.1: Calculated meta-features for BTCUSDT (19 features) 
2026-01-02 08:23:09,154 ml_service_v2 INFO 🧙 Consejo v2.1: Calculated meta-features for BTCUSDT (19 features) 
2026-01-02 08:23:09,175 ml_service_v2 INFO 🧙 Consejo v2.1: Calculated meta-features for BTCUSDT (19 features) 
2026-01-02 08:23:09,188 ml_service_v2 INFO 🧙 Consejo v2.1: Calculated meta-features for BTCUSDT (19 features) 
2026-01-02 08:23:09,204 ml_service_v2 INFO 🧙 Consejo v2.1: Calculated meta-features for BTCUSDT (19 features) 
2026-01-02 08:23:09,222 ml_service_v2 INFO 🧙 Consejo v2.1: Calculated meta-features for BTCUSDT (19 features) 
2026-01-02 08:23:09,234 ml_service_v2 INFO 🧙 Consejo v2.1: Calculated meta-features for BTCUSDT (19 features) 
2026-01-02 08:23:09,253 ml_service_v2 INFO 🧙 Consejo v2.1: Calculated meta-features for BTCUSDT (19 features) 
2026-01-02 08:23:09,266 ml_service_v2 INFO 🧙 Consejo v2.1: Calculated meta-features for BTCUSDT (19 features) 
2026-01-02 08:23:09,279 ml_service_v2 INFO 🧙 Consejo v2.1: Calculated meta-features for BTCUSDT (19 features) 
2026-01-02 08:23:09,301 ml_service_v2 INFO 🧙 Consejo v2.1: Calculated meta-features for BTCUSDT (19 features) 
2026-01-02 08:23:09,313 ml_service_v2 INFO 🧙 Consejo v2.1: Calculated meta-features for BTCUSDT (19 features) 
2026-01-02 08:23:09,327 ml_service_v2 INFO 🧙 Consejo v2.1: Calculated meta-features for BTCUSDT (19 features) 
2026-01-02 08:23:09,344 ml_service_v2 INFO 🧙 Consejo v2.1: Calculated meta-features for BTCUSDT (19 features) 
2026-01-02 08:23:09,356 ml_service_v2 INFO 🧙 Consejo v2.1: Calculated meta-features for BTCUSDT (19 features) 
2026-01-02 08:23:09,379 ml_service_v2 INFO 🧙 Consejo v2.1: Calculated meta-features for BTCUSDT (19 features) 
2026-01-02 08:23:09,391 ml_service_v2 INFO 🧙 Consejo v2.1: Calculated meta-features for BTCUSDT (19 features) 
2026-01-02 08:23:09,404 ml_service_v2 INFO 🧙 Consejo v2.1: Calculated meta-features for BTCUSDT (19 features) 
2026-01-02 08:23:09,422 ml_service_v2 INFO 🧙 Consejo v2.1: Calculated meta-features for BTCUSDT (19 features) 
2026-01-02 08:23:09,434 ml_service_v2 INFO 🧙 Consejo v2.1: Calculated meta-features for BTCUSDT (19 features) 
2026-01-02 08:23:09,454 ml_service_v2 INFO 🧙 Consejo v2.1: Calculated meta-features for BTCUSDT (19 features) 
2026-01-02 08:23:09,467 ml_service_v2 INFO 🧙 Consejo v2.1: Calculated meta-features for BTCUSDT (19 features) 
2026-01-02 08:23:09,480 ml_service_v2 INFO 🧙 Consejo v2.1: Calculated meta-features for BTCUSDT (19 features) 
2026-01-02 08:23:09,503 ml_service_v2 INFO 🧙 Consejo v2.1: Calculated meta-features for BTCUSDT (19 features) 
2026-01-02 08:23:09,518 ml_service_v2 INFO 🧙 Consejo v2.1: Calculated meta-features for BTCUSDT (19 features) 
2026-01-02 08:23:09,541 ml_service_v2 INFO 🧙 Consejo v2.1: Calculated meta-features for BTCUSDT (19 features) 
2026-01-02 08:23:09,553 ml_service_v2 INFO 🧙 Consejo v2.1: Calculated meta-features for BTCUSDT (19 features) 
2026-01-02 08:23:09,572 ml_service_v2 INFO 🧙 Consejo v2.1: Calculated meta-features for BTCUSDT (19 features) 
2026-01-02 08:23:09,586 ml_service_v2 INFO 🧙 Consejo v2.1: Calculated meta-features for BTCUSDT (19 features) 
2026-01-02 08:23:09,599 ml_service_v2 INFO 🧙 Consejo v2.1: Calculated meta-features for BTCUSDT (19 features) 
2026-01-02 08:23:09,622 ml_service_v2 INFO 🧙 Consejo v2.1: Calculated meta-features for BTCUSDT (19 features) 
2026-01-02 08:23:09,634 ml_service_v2 INFO 🧙 Consejo v2.1: Calculated meta-features for BTCUSDT (19 features) 
2026-01-02 08:23:09,654 ml_service_v2 INFO 🧙 Consejo v2.1: Calculated meta-features for BTCUSDT (19 features) 
2026-01-02 08:23:09,667 ml_service_v2 INFO 🧙 Consejo v2.1: Calculated meta-features for BTCUSDT (19 features) 
2026-01-02 08:23:09,683 ml_service_v2 INFO 🧙 Consejo v2.1: Calculated meta-features for BTCUSDT (19 features) 
2026-01-02 08:23:09,703 ml_service_v2 INFO 🧙 Consejo v2.1: Calculated meta-features for BTCUSDT (19 features) 
2026-01-02 08:23:09,715 ml_service_v2 INFO 🧙 Consejo v2.1: Calculated meta-features for BTCUSDT (19 features) 
2026-01-02 08:23:09,727 ml_service_v2 INFO 🧙 Consejo v2.1: Calculated meta-features for BTCUSDT (19 features) 
2026-01-02 08:23:09,745 ml_service_v2 INFO 🧙 Consejo v2.1: Calculated meta-features for BTCUSDT (19 features) 
2026-01-02 08:23:09,756 ml_service_v2 INFO 🧙 Consejo v2.1: Calculated meta-features for BTCUSDT (19 features) 
2026-01-02 08:23:09,776 ml_service_v2 INFO 🧙 Consejo v2.1: Calculated meta-features for BTCUSDT (19 features) 
2026-01-02 08:23:09,788 ml_service_v2 INFO 🧙 Consejo v2.1: Calculated meta-features for BTCUSDT (19 features) 
2026-01-02 08:23:09,804 ml_service_v2 INFO 🧙 Consejo v2.1: Calculated meta-features for BTCUSDT (19 features) 
2026-01-02 08:23:09,824 ml_service_v2 INFO 🧙 Consejo v2.1: Calculated meta-features for BTCUSDT (19 features) 
2026-01-02 08:23:09,837 ml_service_v2 INFO 🧙 Consejo v2.1: Calculated meta-features for BTCUSDT (19 features) 
2026-01-02 08:23:09,856 ml_service_v2 INFO 🧙 Consejo v2.1: Calculated meta-features for BTCUSDT (19 features) 
2026-01-02 08:23:09,868 ml_service_v2 INFO 🧙 Consejo v2.1: Calculated meta-features for BTCUSDT (19 features) 
2026-01-02 08:23:09,885 ml_service_v2 INFO 🧙 Consejo v2.1: Calculated meta-features for BTCUSDT (19 features) 
2026-01-02 08:23:09,904 ml_service_v2 INFO 🧙 Consejo v2.1: Calculated meta-features for BTCUSDT (19 features) 
2026-01-02 08:23:09,916 ml_service_v2 INFO 🧙 Consejo v2.1: Calculated meta-features for BTCUSDT (19 features) 
2026-01-02 08:23:09,935 ml_service_v2 INFO 🧙 Consejo v2.1: Calculated meta-features for BTCUSDT (19 features) 
2026-01-02 08:23:09,948 ml_service_v2 INFO 🧙 Consejo v2.1: Calculated meta-features for BTCUSDT (19 features) 
2026-01-02 08:23:09,963 ml_service_v2 INFO 🧙 Consejo v2.1: Calculated meta-features for BTCUSDT (19 features) 
2026-01-02 08:23:09,982 ml_service_v2 INFO 🧙 Consejo v2.1: Calculated meta-features for BTCUSDT (19 features) 
2026-01-02 08:23:09,994 ml_service_v2 INFO 🧙 Consejo v2.1: Calculated meta-features for BTCUSDT (19 features) 
2026-01-02 08:23:10,006 ml_service_v2 INFO 🧙 Consejo v2.1: Calculated meta-features for BTCUSDT (19 features) 
2026-01-02 08:23:10,023 ml_service_v2 INFO 🧙 Consejo v2.1: Calculated meta-features for BTCUSDT (19 features) 
2026-01-02 08:23:10,037 ml_service_v2 INFO 🧙 Consejo v2.1: Calculated meta-features for BTCUSDT (19 features) 
2026-01-02 08:23:10,057 ml_service_v2 INFO 🧙 Consejo v2.1: Calculated meta-features for BTCUSDT (19 features) 
2026-01-02 08:23:10,069 ml_service_v2 INFO 🧙 Consejo v2.1: Calculated meta-features for BTCUSDT (19 features) 
2026-01-02 08:23:10,084 ml_service_v2 INFO 🧙 Consejo v2.1: Calculated meta-features for BTCUSDT (19 features) 
2026-01-02 08:23:10,104 ml_service_v2 INFO 🧙 Consejo v2.1: Calculated meta-features for BTCUSDT (19 features) 
2026-01-02 08:23:10,116 ml_service_v2 INFO 🧙 Consejo v2.1: Calculated meta-features for BTCUSDT (19 features) 
2026-01-02 08:23:10,131 ml_service_v2 INFO 🧙 Consejo v2.1: Calculated meta-features for BTCUSDT (19 features) 
2026-01-02 08:23:10,144 ml_service_v2 INFO 🧙 Consejo v2.1: Calculated meta-features for BTCUSDT (19 features) 
2026-01-02 08:23:10,156 ml_service_v2 INFO 🧙 Consejo v2.1: Calculated meta-features for BTCUSDT (19 features) 
2026-01-02 08:23:10,168 ml_service_v2 INFO 🧙 Consejo v2.1: Calculated meta-features for BTCUSDT (19 features) 
2026-01-02 08:23:10,186 ml_service_v2 INFO 🧙 Consejo v2.1: Calculated meta-features for BTCUSDT (19 features) 
2026-01-02 08:23:10,198 ml_service_v2 INFO 🧙 Consejo v2.1: Calculated meta-features for BTCUSDT (19 features) 
2026-01-02 08:23:10,222 ml_service_v2 INFO 🧙 Consejo v2.1: Calculated meta-features for BTCUSDT (19 features) 
2026-01-02 08:23:10,234 ml_service_v2 INFO 🧙 Consejo v2.1: Calculated meta-features for BTCUSDT (19 features) 
2026-01-02 08:23:10,245 ml_service_v2 INFO 🧙 Consejo v2.1: Calculated meta-features for BTCUSDT (19 features) 
2026-01-02 08:23:10,264 ml_service_v2 INFO 🧙 Consejo v2.1: Calculated meta-features for BTCUSDT (19 features) 
2026-01-02 08:23:10,276 ml_service_v2 INFO 🧙 Consejo v2.1: Calculated meta-features for BTCUSDT (19 features) 
2026-01-02 08:23:10,296 ml_service_v2 INFO 🧙 Consejo v2.1: Calculated meta-features for BTCUSDT (19 features) 
2026-01-02 08:23:10,310 ml_service_v2 INFO 🧙 Consejo v2.1: Calculated meta-features for BTCUSDT (19 features) 
2026-01-02 08:23:10,324 ml_service_v2 INFO 🧙 Consejo v2.1: Calculated meta-features for BTCUSDT (19 features) 
2026-01-02 08:23:10,343 ml_service_v2 INFO 🧙 Consejo v2.1: Calculated meta-features for BTCUSDT (19 features) 
2026-01-02 08:23:10,355 ml_service_v2 INFO 🧙 Consejo v2.1: Calculated meta-features for BTCUSDT (19 features) 
2026-01-02 08:23:10,367 ml_service_v2 INFO 🧙 Consejo v2.1: Calculated meta-features for BTCUSDT (19 features) 
2026-01-02 08:23:10,386 ml_service_v2 INFO 🧙 Consejo v2.1: Calculated meta-features for BTCUSDT (19 features) 
2026-01-02 08:23:10,399 ml_service_v2 INFO 🧙 Consejo v2.1: Calculated meta-features for BTCUSDT (19 features) 
2026-01-02 08:23:10,423 ml_service_v2 INFO 🧙 Consejo v2.1: Calculated meta-features for BTCUSDT (19 features) 
2026-01-02 08:23:10,435 ml_service_v2 INFO 🧙 Consejo v2.1: Calculated meta-features for BTCUSDT (19 features) 
2026-01-02 08:23:10,453 ml_service_v2 INFO 🧙 Consejo v2.1: Calculated meta-features for BTCUSDT (19 features) 
2026-01-02 08:23:10,468 ml_service_v2 INFO 🧙 Consejo v2.1: Calculated meta-features for BTCUSDT (19 features) 
2026-01-02 08:23:10,484 ml_service_v2 INFO 🧙 Consejo v2.1: Calculated meta-features for BTCUSDT (19 features) 
2026-01-02 08:23:10,504 ml_service_v2 INFO 🧙 Consejo v2.1: Calculated meta-features for BTCUSDT (19 features) 
2026-01-02 08:23:10,516 ml_service_v2 INFO 🧙 Consejo v2.1: Calculated meta-features for BTCUSDT (19 features) 
2026-01-02 08:23:10,536 ml_service_v2 INFO 🧙 Consejo v2.1: Calculated meta-features for BTCUSDT (19 features) 
2026-01-02 08:23:10,549 ml_service_v2 INFO 🧙 Consejo v2.1: Calculated meta-features for BTCUSDT (19 features) 
2026-01-02 08:23:10,564 ml_service_v2 INFO 🧙 Consejo v2.1: Calculated meta-features for BTCUSDT (19 features) 
2026-01-02 08:23:10,587 ml_service_v2 INFO 🧙 Consejo v2.1: Calculated meta-features for BTCUSDT (19 features) 
2026-01-02 08:23:10,605 ml_service_v2 INFO 🧙 Consejo v2.1: Calculated meta-features for BTCUSDT (19 features) 
2026-01-02 08:23:10,626 ml_service_v2 INFO 🧙 Consejo v2.1: Calculated meta-features for BTCUSDT (19 features) 
2026-01-02 08:23:10,638 ml_service_v2 INFO 🧙 Consejo v2.1: Calculated meta-features for BTCUSDT (19 features) 
2026-01-02 08:23:10,656 ml_service_v2 INFO 🧙 Consejo v2.1: Calculated meta-features for BTCUSDT (19 features) 
2026-01-02 08:23:10,671 ml_service_v2 INFO 🧙 Consejo v2.1: Calculated meta-features for BTCUSDT (19 features) 
2026-01-02 08:23:10,685 ml_service_v2 INFO 🧙 Consejo v2.1: Calculated meta-features for BTCUSDT (19 features) 
2026-01-02 08:23:10,706 ml_service_v2 INFO 🧙 Consejo v2.1: Calculated meta-features for BTCUSDT (19 features) 
2026-01-02 08:23:10,718 ml_service_v2 INFO 🧙 Consejo v2.1: Calculated meta-features for BTCUSDT (19 features) 
2026-01-02 08:23:10,738 ml_service_v2 INFO 🧙 Consejo v2.1: Calculated meta-features for BTCUSDT (19 features) 
2026-01-02 08:23:10,751 ml_service_v2 INFO 🧙 Consejo v2.1: Calculated meta-features for BTCUSDT (19 features) 
2026-01-02 08:23:10,764 ml_service_v2 INFO 🧙 Consejo v2.1: Calculated meta-features for BTCUSDT (19 features) 
2026-01-02 08:23:10,786 ml_service_v2 INFO 🧙 Consejo v2.1: Calculated meta-features for BTCUSDT (19 features) 
2026-01-02 08:23:10,800 ml_service_v2 INFO 🧙 Consejo v2.1: Calculated meta-features for BTCUSDT (19 features) 
2026-01-02 08:23:10,823 ml_service_v2 INFO 🧙 Consejo v2.1: Calculated meta-features for BTCUSDT (19 features) 
2026-01-02 08:23:10,836 ml_service_v2 INFO 🧙 Consejo v2.1: Calculated meta-features for BTCUSDT (19 features) 
2026-01-02 08:23:10,847 ml_service_v2 INFO 🧙 Consejo v2.1: Calculated meta-features for BTCUSDT (19 features) 
2026-01-02 08:23:10,865 ml_service_v2 INFO 🧙 Consejo v2.1: Calculated meta-features for BTCUSDT (19 features) 
2026-01-02 08:23:10,877 ml_service_v2 INFO 🧙 Consejo v2.1: Calculated meta-features for BTCUSDT (19 features) 
2026-01-02 08:23:10,888 ml_service_v2 INFO 🧙 Consejo v2.1: Calculated meta-features for BTCUSDT (19 features) 
2026-01-02 08:23:10,905 ml_service_v2 INFO 🧙 Consejo v2.1: Calculated meta-features for BTCUSDT (19 features) 
2026-01-02 08:23:10,917 ml_service_v2 INFO 🧙 Consejo v2.1: Calculated meta-features for BTCUSDT (19 features) 
2026-01-02 08:23:10,928 ml_service_v2 INFO 🧙 Consejo v2.1: Calculated meta-features for BTCUSDT (19 features) 
2026-01-02 08:23:10,945 ml_service_v2 INFO 🧙 Consejo v2.1: Calculated meta-features for BTCUSDT (19 features) 
2026-01-02 08:23:10,957 ml_service_v2 INFO 🧙 Consejo v2.1: Calculated meta-features for BTCUSDT (19 features) 
2026-01-02 08:23:10,968 ml_service_v2 INFO 🧙 Consejo v2.1: Calculated meta-features for BTCUSDT (19 features) 
2026-01-02 08:23:10,986 ml_service_v2 INFO 🧙 Consejo v2.1: Calculated meta-features for BTCUSDT (19 features) 
2026-01-02 08:23:10,999 ml_service_v2 INFO 🧙 Consejo v2.1: Calculated meta-features for BTCUSDT (19 features) 
2026-01-02 08:23:11,017 ml_service_v2 INFO 🧙 Consejo v2.1: Calculated meta-features for BTCUSDT (19 features) 
2026-01-02 08:23:11,032 ml_service_v2 INFO 🧙 Consejo v2.1: Calculated meta-features for BTCUSDT (19 features) 
2026-01-02 08:23:11,045 ml_service_v2 INFO 🧙 Consejo v2.1: Calculated meta-features for BTCUSDT (19 features) 
2026-01-02 08:23:11,067 ml_service_v2 INFO 🧙 Consejo v2.1: Calculated meta-features for BTCUSDT (19 features) 
2026-01-02 08:23:11,082 ml_service_v2 INFO 🧙 Consejo v2.1: Calculated meta-features for BTCUSDT (19 features) 
2026-01-02 08:23:11,105 ml_service_v2 INFO 🧙 Consejo v2.1: Calculated meta-features for BTCUSDT (19 features) 
2026-01-02 08:23:11,118 ml_service_v2 INFO 🧙 Consejo v2.1: Calculated meta-features for BTCUSDT (19 features) 
2026-01-02 08:23:11,136 ml_service_v2 INFO 🧙 Consejo v2.1: Calculated meta-features for BTCUSDT (19 features) 
2026-01-02 08:23:11,151 ml_service_v2 INFO 🧙 Consejo v2.1: Calculated meta-features for BTCUSDT (19 features) 
2026-01-02 08:23:11,165 ml_service_v2 INFO 🧙 Consejo v2.1: Calculated meta-features for BTCUSDT (19 features) 
2026-01-02 08:23:11,186 ml_service_v2 INFO 🧙 Consejo v2.1: Calculated meta-features for BTCUSDT (19 features) 
2026-01-02 08:23:11,199 ml_service_v2 INFO 🧙 Consejo v2.1: Calculated meta-features for BTCUSDT (19 features) 
2026-01-02 08:23:11,219 ml_service_v2 INFO 🧙 Consejo v2.1: Calculated meta-features for BTCUSDT (19 features) 
2026-01-02 08:23:11,232 ml_service_v2 INFO 🧙 Consejo v2.1: Calculated meta-features for BTCUSDT (19 features) 
2026-01-02 08:23:11,244 ml_service_v2 INFO 🧙 Consejo v2.1: Calculated meta-features for BTCUSDT (19 features) 
2026-01-02 08:23:11,265 ml_service_v2 INFO 🧙 Consejo v2.1: Calculated meta-features for BTCUSDT (19 features) 
2026-01-02 08:23:11,277 ml_service_v2 INFO 🧙 Consejo v2.1: Calculated meta-features for BTCUSDT (19 features) 
2026-01-02 08:23:11,289 ml_service_v2 INFO 🧙 Consejo v2.1: Calculated meta-features for BTCUSDT (19 features) 
2026-01-02 08:23:11,307 ml_service_v2 INFO 🧙 Consejo v2.1: Calculated meta-features for BTCUSDT (19 features) 
2026-01-02 08:23:11,320 ml_service_v2 INFO 🧙 Consejo v2.1: Calculated meta-features for BTCUSDT (19 features) 
2026-01-02 08:23:11,344 ml_service_v2 INFO 🧙 Consejo v2.1: Calculated meta-features for BTCUSDT (19 features) 
2026-01-02 08:23:11,356 ml_service_v2 INFO 🧙 Consejo v2.1: Calculated meta-features for BTCUSDT (19 features) 
2026-01-02 08:23:11,367 ml_service_v2 INFO 🧙 Consejo v2.1: Calculated meta-features for BTCUSDT (19 features) 
2026-01-02 08:23:11,386 ml_service_v2 INFO 🧙 Consejo v2.1: Calculated meta-features for BTCUSDT (19 features) 
2026-01-02 08:23:11,399 ml_service_v2 INFO 🧙 Consejo v2.1: Calculated meta-features for BTCUSDT (19 features) 
2026-01-02 08:23:11,422 ml_service_v2 INFO 🧙 Consejo v2.1: Calculated meta-features for BTCUSDT (19 features) 
2026-01-02 08:23:11,434 ml_service_v2 INFO 🧙 Consejo v2.1: Calculated meta-features for BTCUSDT (19 features) 
2026-01-02 08:23:11,446 ml_service_v2 INFO 🧙 Consejo v2.1: Calculated meta-features for BTCUSDT (19 features) 
2026-01-02 08:23:11,466 ml_service_v2 INFO 🧙 Consejo v2.1: Calculated meta-features for BTCUSDT (19 features) 
2026-01-02 08:23:11,478 ml_service_v2 INFO 🧙 Consejo v2.1: Calculated meta-features for BTCUSDT (19 features) 
2026-01-02 08:23:11,497 ml_service_v2 INFO 🧙 Consejo v2.1: Calculated meta-features for BTCUSDT (19 features) 
2026-01-02 08:23:11,511 ml_service_v2 INFO 🧙 Consejo v2.1: Calculated meta-features for BTCUSDT (19 features) 
2026-01-02 08:23:11,525 ml_service_v2 INFO 🧙 Consejo v2.1: Calculated meta-features for BTCUSDT (19 features) 
2026-01-02 08:23:11,547 ml_service_v2 INFO 🧙 Consejo v2.1: Calculated meta-features for BTCUSDT (19 features) 
2026-01-02 08:23:11,564 ml_service_v2 INFO 🧙 Consejo v2.1: Calculated meta-features for BTCUSDT (19 features) 
2026-01-02 08:23:11,585 ml_service_v2 INFO 🧙 Consejo v2.1: Calculated meta-features for BTCUSDT (19 features) 
2026-01-02 08:23:11,598 ml_service_v2 INFO 🧙 Consejo v2.1: Calculated meta-features for BTCUSDT (19 features) 
2026-01-02 08:23:11,613 ml_service_v2 INFO 🧙 Consejo v2.1: Calculated meta-features for BTCUSDT (19 features) 
2026-01-02 08:23:11,629 ml_service_v2 INFO 🧙 Consejo v2.1: Calculated meta-features for BTCUSDT (19 features) 
2026-01-02 08:23:11,645 ml_service_v2 INFO 🧙 Consejo v2.1: Calculated meta-features for BTCUSDT (19 features) 
2026-01-02 08:23:11,665 ml_service_v2 INFO 🧙 Consejo v2.1: Calculated meta-features for BTCUSDT (19 features) 
2026-01-02 08:23:11,678 ml_service_v2 INFO 🧙 Consejo v2.1: Calculated meta-features for BTCUSDT (19 features) 
2026-01-02 08:23:11,696 ml_service_v2 INFO 🧙 Consejo v2.1: Calculated meta-features for BTCUSDT (19 features) 
2026-01-02 08:23:11,711 ml_service_v2 INFO 🧙 Consejo v2.1: Calculated meta-features for BTCUSDT (19 features) 
2026-01-02 08:23:11,724 ml_service_v2 INFO 🧙 Consejo v2.1: Calculated meta-features for BTCUSDT (19 features) 
2026-01-02 08:23:11,745 ml_service_v2 INFO 🧙 Consejo v2.1: Calculated meta-features for BTCUSDT (19 features) 
2026-01-02 08:23:11,757 ml_service_v2 INFO 🧙 Consejo v2.1: Calculated meta-features for BTCUSDT (19 features) 
2026-01-02 08:23:11,769 ml_service_v2 INFO 🧙 Consejo v2.1: Calculated meta-features for BTCUSDT (19 features) 
2026-01-02 08:23:11,786 ml_service_v2 INFO 🧙 Consejo v2.1: Calculated meta-features for BTCUSDT (19 features) 
2026-01-02 08:23:11,800 ml_service_v2 INFO 🧙 Consejo v2.1: Calculated meta-features for BTCUSDT (19 features) 
2026-01-02 08:23:11,823 ml_service_v2 INFO 🧙 Consejo v2.1: Calculated meta-features for BTCUSDT (19 features) 
2026-01-02 08:23:11,836 ml_service_v2 INFO 🧙 Consejo v2.1: Calculated meta-features for BTCUSDT (19 features) 
2026-01-02 08:23:11,848 ml_service_v2 INFO 🧙 Consejo v2.1: Calculated meta-features for BTCUSDT (19 features) 
2026-01-02 08:23:11,866 ml_service_v2 INFO 🧙 Consejo v2.1: Calculated meta-features for BTCUSDT (19 features) 
2026-01-02 08:23:11,881 ml_service_v2 INFO 🧙 Consejo v2.1: Calculated meta-features for BTCUSDT (19 features) 
2026-01-02 08:23:11,905 ml_service_v2 INFO 🧙 Consejo v2.1: Calculated meta-features for BTCUSDT (19 features) 
2026-01-02 08:23:11,917 ml_service_v2 INFO 🧙 Consejo v2.1: Calculated meta-features for BTCUSDT (19 features) 
2026-01-02 08:23:11,929 ml_service_v2 INFO 🧙 Consejo v2.1: Calculated meta-features for BTCUSDT (19 features) 
2026-01-02 08:23:11,947 ml_service_v2 INFO 🧙 Consejo v2.1: Calculated meta-features for BTCUSDT (19 features) 
2026-01-02 08:23:11,963 ml_service_v2 INFO 🧙 Consejo v2.1: Calculated meta-features for BTCUSDT (19 features) 
2026-01-02 08:23:11,986 ml_service_v2 INFO 🧙 Consejo v2.1: Calculated meta-features for BTCUSDT (19 features) 
2026-01-02 08:23:12,000 ml_service_v2 INFO 🧙 Consejo v2.1: Calculated meta-features for BTCUSDT (19 features) 
2026-01-02 08:23:12,019 ml_service_v2 INFO 🧙 Consejo v2.1: Calculated meta-features for BTCUSDT (19 features) 
2026-01-02 08:23:12,033 ml_service_v2 INFO 🧙 Consejo v2.1: Calculated meta-features for BTCUSDT (19 features) 
2026-01-02 08:23:12,046 ml_service_v2 INFO 🧙 Consejo v2.1: Calculated meta-features for BTCUSDT (19 features) 
2026-01-02 08:23:12,067 ml_service_v2 INFO 🧙 Consejo v2.1: Calculated meta-features for BTCUSDT (19 features) 
2026-01-02 08:23:12,083 ml_service_v2 INFO 🧙 Consejo v2.1: Calculated meta-features for BTCUSDT (19 features) 
2026-01-02 08:23:12,107 ml_service_v2 INFO 🧙 Consejo v2.1: Calculated meta-features for BTCUSDT (19 features) 
2026-01-02 08:23:12,122 ml_service_v2 INFO 🧙 Consejo v2.1: Calculated meta-features for BTCUSDT (19 features) 
2026-01-02 08:23:12,146 ml_service_v2 INFO 🧙 Consejo v2.1: Calculated meta-features for BTCUSDT (19 features) 
2026-01-02 08:23:12,160 ml_service_v2 INFO 🧙 Consejo v2.1: Calculated meta-features for BTCUSDT (19 features) 
2026-01-02 08:23:12,182 ml_service_v2 INFO 🧙 Consejo v2.1: Calculated meta-features for BTCUSDT (19 features) 
2026-01-02 08:23:12,195 ml_service_v2 INFO 🧙 Consejo v2.1: Calculated meta-features for BTCUSDT (19 features) 
2026-01-02 08:23:12,207 ml_service_v2 INFO 🧙 Consejo v2.1: Calculated meta-features for BTCUSDT (19 features) 
2026-01-02 08:23:12,227 ml_service_v2 INFO 🧙 Consejo v2.1: Calculated meta-features for BTCUSDT (19 features) 
2026-01-02 08:23:12,242 ml_service_v2 INFO 🧙 Consejo v2.1: Calculated meta-features for BTCUSDT (19 features) 
2026-01-02 08:23:12,266 ml_service_v2 INFO 🧙 Consejo v2.1: Calculated meta-features for BTCUSDT (19 features) 
2026-01-02 08:23:12,278 ml_service_v2 INFO 🧙 Consejo v2.1: Calculated meta-features for BTCUSDT (19 features) 
2026-01-02 08:23:12,294 ml_service_v2 INFO 🧙 Consejo v2.1: Calculated meta-features for BTCUSDT (19 features) 
2026-01-02 08:23:12,310 ml_service_v2 INFO 🧙 Consejo v2.1: Calculated meta-features for BTCUSDT (19 features) 
2026-01-02 08:23:12,325 ml_service_v2 INFO 🧙 Consejo v2.1: Calculated meta-features for BTCUSDT (19 features) 
2026-01-02 08:23:12,346 ml_service_v2 INFO 🧙 Consejo v2.1: Calculated meta-features for BTCUSDT (19 features) 
2026-01-02 08:23:12,361 ml_service_v2 INFO 🧙 Consejo v2.1: Calculated meta-features for BTCUSDT (19 features) 
2026-01-02 08:23:12,385 ml_service_v2 INFO 🧙 Consejo v2.1: Calculated meta-features for BTCUSDT (19 features) 
2026-01-02 08:23:12,398 ml_service_v2 INFO 🧙 Consejo v2.1: Calculated meta-features for BTCUSDT (19 features) 
2026-01-02 08:23:12,409 ml_service_v2 INFO 🧙 Consejo v2.1: Calculated meta-features for BTCUSDT (19 features) 
2026-01-02 08:23:12,427 ml_service_v2 INFO 🧙 Consejo v2.1: Calculated meta-features for BTCUSDT (19 features) 
2026-01-02 08:23:12,443 ml_service_v2 INFO 🧙 Consejo v2.1: Calculated meta-features for BTCUSDT (19 features) 
2026-01-02 08:23:12,466 ml_service_v2 INFO 🧙 Consejo v2.1: Calculated meta-features for BTCUSDT (19 features) 
2026-01-02 08:23:12,480 ml_service_v2 INFO 🧙 Consejo v2.1: Calculated meta-features for BTCUSDT (19 features) 
2026-01-02 08:23:12,499 ml_service_v2 INFO 🧙 Consejo v2.1: Calculated meta-features for BTCUSDT (19 features) 
2026-01-02 08:23:12,513 ml_service_v2 INFO 🧙 Consejo v2.1: Calculated meta-features for BTCUSDT (19 features) 
2026-01-02 08:23:12,525 ml_service_v2 INFO 🧙 Consejo v2.1: Calculated meta-features for BTCUSDT (19 features) 
2026-01-02 08:23:12,547 ml_service_v2 INFO 🧙 Consejo v2.1: Calculated meta-features for BTCUSDT (19 features) 
2026-01-02 08:23:12,563 ml_service_v2 INFO 🧙 Consejo v2.1: Calculated meta-features for BTCUSDT (19 features) 
2026-01-02 08:23:12,585 ml_service_v2 INFO 🧙 Consejo v2.1: Calculated meta-features for BTCUSDT (19 features) 
2026-01-02 08:23:12,598 ml_service_v2 INFO 🧙 Consejo v2.1: Calculated meta-features for BTCUSDT (19 features) 
2026-01-02 08:23:12,615 ml_service_v2 INFO 🧙 Consejo v2.1: Calculated meta-features for BTCUSDT (19 features) 
2026-01-02 08:23:12,632 ml_service_v2 INFO 🧙 Consejo v2.1: Calculated meta-features for BTCUSDT (19 features) 
2026-01-02 08:23:12,645 ml_service_v2 INFO 🧙 Consejo v2.1: Calculated meta-features for BTCUSDT (19 features) 
2026-01-02 08:23:12,669 ml_service_v2 INFO 🧙 Consejo v2.1: Calculated meta-features for BTCUSDT (19 features) 
2026-01-02 08:23:12,686 ml_service_v2 INFO 🧙 Consejo v2.1: Calculated meta-features for BTCUSDT (19 features) 
2026-01-02 08:23:12,714 ml_service_v2 INFO 🧙 Consejo v2.1: Calculated meta-features for BTCUSDT (19 features) 
2026-01-02 08:23:12,727 ml_service_v2 INFO 🧙 Consejo v2.1: Calculated meta-features for BTCUSDT (19 features) 
2026-01-02 08:23:12,751 ml_service_v2 INFO 🧙 Consejo v2.1: Calculated meta-features for BTCUSDT (19 features) 
2026-01-02 08:23:12,766 ml_service_v2 INFO 🧙 Consejo v2.1: Calculated meta-features for BTCUSDT (19 features) 
2026-01-02 08:23:12,791 ml_service_v2 INFO 🧙 Consejo v2.1: Calculated meta-features for BTCUSDT (19 features) 
2026-01-02 08:23:12,805 ml_service_v2 INFO 🧙 Consejo v2.1: Calculated meta-features for BTCUSDT (19 features) 
2026-01-02 08:23:12,818 ml_service_v2 INFO 🧙 Consejo v2.1: Calculated meta-features for BTCUSDT (19 features) 
2026-01-02 08:23:12,838 ml_service_v2 INFO 🧙 Consejo v2.1: Calculated meta-features for BTCUSDT (19 features) 
2026-01-02 08:23:12,855 ml_service_v2 INFO 🧙 Consejo v2.1: Calculated meta-features for BTCUSDT (19 features) 
2026-01-02 08:23:12,877 ml_service_v2 INFO 🧙 Consejo v2.1: Calculated meta-features for BTCUSDT (19 features) 
2026-01-02 08:23:12,889 ml_service_v2 INFO 🧙 Consejo v2.1: Calculated meta-features for BTCUSDT (19 features) 
2026-01-02 08:23:12,915 ml_service_v2 INFO 🧙 Consejo v2.1: Calculated meta-features for BTCUSDT (19 features) 
2026-01-02 08:23:12,927 ml_service_v2 INFO 🧙 Consejo v2.1: Calculated meta-features for BTCUSDT (19 features) 
2026-01-02 08:23:12,940 ml_service_v2 INFO 🧙 Consejo v2.1: Calculated meta-features for BTCUSDT (19 features) 
2026-01-02 08:23:12,959 ml_service_v2 INFO 🧙 Consejo v2.1: Calculated meta-features for BTCUSDT (19 features) 
2026-01-02 08:23:12,971 ml_service_v2 INFO 🧙 Consejo v2.1: Calculated meta-features for BTCUSDT (19 features) 
2026-01-02 08:23:12,997 ml_service_v2 INFO 🧙 Consejo v2.1: Calculated meta-features for BTCUSDT (19 features) 
2026-01-02 08:23:13,009 ml_service_v2 INFO 🧙 Consejo v2.1: Calculated meta-features for BTCUSDT (19 features) 
2026-01-02 08:23:13,037 ml_service_v2 INFO 🧙 Consejo v2.1: Calculated meta-features for BTCUSDT (19 features) 
2026-01-02 08:23:13,051 ml_service_v2 INFO 🧙 Consejo v2.1: Calculated meta-features for BTCUSDT (19 features) 
2026-01-02 08:23:13,082 ml_service_v2 INFO 🧙 Consejo v2.1: Calculated meta-features for BTCUSDT (19 features) 
2026-01-02 08:23:13,096 ml_service_v2 INFO 🧙 Consejo v2.1: Calculated meta-features for BTCUSDT (19 features) 
2026-01-02 08:23:13,117 ml_service_v2 INFO 🧙 Consejo v2.1: Calculated meta-features for BTCUSDT (19 features) 
2026-01-02 08:23:13,129 ml_service_v2 INFO 🧙 Consejo v2.1: Calculated meta-features for BTCUSDT (19 features) 
2026-01-02 08:23:13,157 ml_service_v2 INFO 🧙 Consejo v2.1: Calculated meta-features for BTCUSDT (19 features) 
2026-01-02 08:23:13,169 ml_service_v2 INFO 🧙 Consejo v2.1: Calculated meta-features for BTCUSDT (19 features) 
2026-01-02 08:23:13,197 ml_service_v2 INFO 🧙 Consejo v2.1: Calculated meta-features for BTCUSDT (19 features) 
2026-01-02 08:23:13,209 ml_service_v2 INFO 🧙 Consejo v2.1: Calculated meta-features for BTCUSDT (19 features) 
2026-01-02 08:23:13,237 ml_service_v2 INFO 🧙 Consejo v2.1: Calculated meta-features for BTCUSDT (19 features) 
2026-01-02 08:23:13,249 ml_service_v2 INFO 🧙 Consejo v2.1: Calculated meta-features for BTCUSDT (19 features) 
2026-01-02 08:23:13,276 ml_service_v2 INFO 🧙 Consejo v2.1: Calculated meta-features for BTCUSDT (19 features) 
2026-01-02 08:23:13,289 ml_service_v2 INFO 🧙 Consejo v2.1: Calculated meta-features for BTCUSDT (19 features) 
2026-01-02 08:23:13,319 ml_service_v2 INFO 🧙 Consejo v2.1: Calculated meta-features for BTCUSDT (19 features) 
2026-01-02 08:23:13,332 ml_service_v2 INFO 🧙 Consejo v2.1: Calculated meta-features for BTCUSDT (19 features) 
2026-01-02 08:23:13,356 ml_service_v2 INFO 🧙 Consejo v2.1: Calculated meta-features for BTCUSDT (19 features) 
2026-01-02 08:23:13,368 ml_service_v2 INFO 🧙 Consejo v2.1: Calculated meta-features for BTCUSDT (19 features) 
2026-01-02 08:23:13,396 ml_service_v2 INFO 🧙 Consejo v2.1: Calculated meta-features for BTCUSDT (19 features) 
2026-01-02 08:23:13,408 ml_service_v2 INFO 🧙 Consejo v2.1: Calculated meta-features for BTCUSDT (19 features) 
2026-01-02 08:23:13,436 ml_service_v2 INFO 🧙 Consejo v2.1: Calculated meta-features for BTCUSDT (19 features) 
2026-01-02 08:23:13,448 ml_service_v2 INFO 🧙 Consejo v2.1: Calculated meta-features for BTCUSDT (19 features) 
2026-01-02 08:23:13,476 ml_service_v2 INFO 🧙 Consejo v2.1: Calculated meta-features for BTCUSDT (19 features) 
2026-01-02 08:23:13,488 ml_service_v2 INFO 🧙 Consejo v2.1: Calculated meta-features for BTCUSDT (19 features) 
2026-01-02 08:23:13,502 ml_service_v2 INFO 🧙 Consejo v2.1: Calculated meta-features for BTCUSDT (19 features) 
2026-01-02 08:23:13,522 ml_service_v2 INFO 🧙 Consejo v2.1: Calculated meta-features for BTCUSDT (19 features) 
2026-01-02 08:23:13,535 ml_service_v2 INFO 🧙 Consejo v2.1: Calculated meta-features for BTCUSDT (19 features) 
2026-01-02 08:23:13,562 ml_service_v2 INFO 🧙 Consejo v2.1: Calculated meta-features for BTCUSDT (19 features) 
2026-01-02 08:23:13,576 ml_service_v2 INFO 🧙 Consejo v2.1: Calculated meta-features for BTCUSDT (19 features) 
2026-01-02 08:23:13,597 ml_service_v2 INFO 🧙 Consejo v2.1: Calculated meta-features for BTCUSDT (19 features) 
2026-01-02 08:23:13,608 ml_service_v2 INFO 🧙 Consejo v2.1: Calculated meta-features for BTCUSDT (19 features) 
2026-01-02 08:23:13,637 ml_service_v2 INFO 🧙 Consejo v2.1: Calculated meta-features for BTCUSDT (19 features) 
2026-01-02 08:23:13,648 ml_service_v2 INFO 🧙 Consejo v2.1: Calculated meta-features for BTCUSDT (19 features) 
2026-01-02 08:23:13,677 ml_service_v2 INFO 🧙 Consejo v2.1: Calculated meta-features for BTCUSDT (19 features) 
2026-01-02 08:23:13,689 ml_service_v2 INFO 🧙 Consejo v2.1: Calculated meta-features for BTCUSDT (19 features) 
2026-01-02 08:23:13,719 ml_service_v2 INFO 🧙 Consejo v2.1: Calculated meta-features for BTCUSDT (19 features) 
2026-01-02 08:23:13,734 ml_service_v2 INFO 🧙 Consejo v2.1: Calculated meta-features for BTCUSDT (19 features) 
2026-01-02 08:23:13,757 ml_service_v2 INFO 🧙 Consejo v2.1: Calculated meta-features for BTCUSDT (19 features) 
2026-01-02 08:23:13,770 ml_service_v2 INFO 🧙 Consejo v2.1: Calculated meta-features for BTCUSDT (19 features) 
2026-01-02 08:23:13,797 ml_service_v2 INFO 🧙 Consejo v2.1: Calculated meta-features for BTCUSDT (19 features) 
2026-01-02 08:23:13,816 ml_service_v2 INFO 🧙 Consejo v2.1: Calculated meta-features for BTCUSDT (19 features) 
2026-01-02 08:23:13,838 ml_service_v2 INFO 🧙 Consejo v2.1: Calculated meta-features for BTCUSDT (19 features) 
2026-01-02 08:23:13,850 ml_service_v2 INFO 🧙 Consejo v2.1: Calculated meta-features for BTCUSDT (19 features) 
2026-01-02 08:23:13,877 ml_service_v2 INFO 🧙 Consejo v2.1: Calculated meta-features for BTCUSDT (19 features) 
2026-01-02 08:23:13,888 ml_service_v2 INFO 🧙 Consejo v2.1: Calculated meta-features for BTCUSDT (19 features) 
2026-01-02 08:23:13,917 ml_service_v2 INFO 🧙 Consejo v2.1: Calculated meta-features for BTCUSDT (19 features) 
2026-01-02 08:23:13,929 ml_service_v2 INFO 🧙 Consejo v2.1: Calculated meta-features for BTCUSDT (19 features) 
2026-01-02 08:23:13,958 ml_service_v2 INFO 🧙 Consejo v2.1: Calculated meta-features for BTCUSDT (19 features) 
2026-01-02 08:23:13,973 ml_service_v2 INFO 🧙 Consejo v2.1: Calculated meta-features for BTCUSDT (19 features) 
2026-01-02 08:23:13,997 ml_service_v2 INFO 🧙 Consejo v2.1: Calculated meta-features for BTCUSDT (19 features) 
2026-01-02 08:23:14,009 ml_service_v2 INFO 🧙 Consejo v2.1: Calculated meta-features for BTCUSDT (19 features) 
2026-01-02 08:23:14,042 ml_service_v2 INFO 🧙 Consejo v2.1: Calculated meta-features for BTCUSDT (19 features) 
2026-01-02 08:23:14,054 ml_service_v2 INFO 🧙 Consejo v2.1: Calculated meta-features for BTCUSDT (19 features) 
2026-01-02 08:23:14,079 ml_service_v2 INFO 🧙 Consejo v2.1: Calculated meta-features for BTCUSDT (19 features) 
2026-01-02 08:23:14,091 ml_service_v2 INFO 🧙 Consejo v2.1: Calculated meta-features for BTCUSDT (19 features) 
2026-01-02 08:23:14,117 ml_service_v2 INFO 🧙 Consejo v2.1: Calculated meta-features for BTCUSDT (19 features) 
2026-01-02 08:23:14,129 ml_service_v2 INFO 🧙 Consejo v2.1: Calculated meta-features for BTCUSDT (19 features) 
2026-01-02 08:23:14,157 ml_service_v2 INFO 🧙 Consejo v2.1: Calculated meta-features for BTCUSDT (19 features) 
2026-01-02 08:23:14,169 ml_service_v2 INFO 🧙 Consejo v2.1: Calculated meta-features for BTCUSDT (19 features) 
2026-01-02 08:23:14,198 ml_service_v2 INFO 🧙 Consejo v2.1: Calculated meta-features for BTCUSDT (19 features) 
2026-01-02 08:23:14,210 ml_service_v2 INFO 🧙 Consejo v2.1: Calculated meta-features for BTCUSDT (19 features) 
2026-01-02 08:23:14,238 ml_service_v2 INFO 🧙 Consejo v2.1: Calculated meta-features for BTCUSDT (19 features) 
2026-01-02 08:23:14,254 ml_service_v2 INFO 🧙 Consejo v2.1: Calculated meta-features for BTCUSDT (19 features) 
2026-01-02 08:23:14,281 ml_service_v2 INFO 🧙 Consejo v2.1: Calculated meta-features for BTCUSDT (19 features) 
2026-01-02 08:23:14,294 ml_service_v2 INFO 🧙 Consejo v2.1: Calculated meta-features for BTCUSDT (19 features) 
2026-01-02 08:23:14,317 ml_service_v2 INFO 🧙 Consejo v2.1: Calculated meta-features for BTCUSDT (19 features) 
2026-01-02 08:23:14,329 ml_service_v2 INFO 🧙 Consejo v2.1: Calculated meta-features for BTCUSDT (19 features) 
2026-01-02 08:23:14,348 ml_service_v2 INFO 🧙 Consejo v2.1: Calculated meta-features for BTCUSDT (19 features) 
2026-01-02 08:23:14,364 ml_service_v2 INFO 🧙 Consejo v2.1: Calculated meta-features for BTCUSDT (19 features) 
2026-01-02 08:23:14,376 ml_service_v2 INFO 🧙 Consejo v2.1: Calculated meta-features for BTCUSDT (19 features) 
2026-01-02 08:23:14,400 ml_service_v2 INFO 🧙 Consejo v2.1: Calculated meta-features for BTCUSDT (19 features) 
2026-01-02 08:23:14,413 ml_service_v2 INFO 🧙 Consejo v2.1: Calculated meta-features for BTCUSDT (19 features) 
2026-01-02 08:23:14,434 ml_service_v2 INFO 🧙 Consejo v2.1: Calculated meta-features for BTCUSDT (19 features) 
2026-01-02 08:23:14,446 ml_service_v2 INFO 🧙 Consejo v2.1: Calculated meta-features for BTCUSDT (19 features) 
2026-01-02 08:23:14,459 ml_service_v2 INFO 🧙 Consejo v2.1: Calculated meta-features for BTCUSDT (19 features) 
2026-01-02 08:23:14,481 ml_service_v2 INFO 🧙 Consejo v2.1: Calculated meta-features for BTCUSDT (19 features) 
2026-01-02 08:23:14,493 ml_service_v2 INFO 🧙 Consejo v2.1: Calculated meta-features for BTCUSDT (19 features) 
2026-01-02 08:23:14,515 ml_service_v2 INFO 🧙 Consejo v2.1: Calculated meta-features for BTCUSDT (19 features) 
2026-01-02 08:23:14,527 ml_service_v2 INFO 🧙 Consejo v2.1: Calculated meta-features for BTCUSDT (19 features) 
2026-01-02 08:23:14,542 ml_service_v2 INFO 🧙 Consejo v2.1: Calculated meta-features for BTCUSDT (19 features) 
2026-01-02 08:23:14,562 ml_service_v2 INFO 🧙 Consejo v2.1: Calculated meta-features for BTCUSDT (19 features) 
2026-01-02 08:23:14,574 ml_service_v2 INFO 🧙 Consejo v2.1: Calculated meta-features for BTCUSDT (19 features) 
2026-01-02 08:23:14,599 ml_service_v2 INFO 🧙 Consejo v2.1: Calculated meta-features for BTCUSDT (19 features) 
2026-01-02 08:23:14,610 ml_service_v2 INFO 🧙 Consejo v2.1: Calculated meta-features for BTCUSDT (19 features) 
2026-01-02 08:23:14,632 ml_service_v2 INFO 🧙 Consejo v2.1: Calculated meta-features for BTCUSDT (19 features) 
2026-01-02 08:23:14,646 ml_service_v2 INFO 🧙 Consejo v2.1: Calculated meta-features for BTCUSDT (19 features) 
2026-01-02 08:23:14,659 ml_service_v2 INFO 🧙 Consejo v2.1: Calculated meta-features for BTCUSDT (19 features) 
2026-01-02 08:23:14,681 ml_service_v2 INFO 🧙 Consejo v2.1: Calculated meta-features for BTCUSDT (19 features) 
2026-01-02 08:23:14,693 ml_service_v2 INFO 🧙 Consejo v2.1: Calculated meta-features for BTCUSDT (19 features) 
2026-01-02 08:23:14,712 ml_service_v2 INFO 🧙 Consejo v2.1: Calculated meta-features for BTCUSDT (19 features) 
2026-01-02 08:23:14,726 ml_service_v2 INFO 🧙 Consejo v2.1: Calculated meta-features for BTCUSDT (19 features) 
2026-01-02 08:23:14,739 ml_service_v2 INFO 🧙 Consejo v2.1: Calculated meta-features for BTCUSDT (19 features) 
2026-01-02 08:23:14,762 ml_service_v2 INFO 🧙 Consejo v2.1: Calculated meta-features for BTCUSDT (19 features) 
2026-01-02 08:23:14,774 ml_service_v2 INFO 🧙 Consejo v2.1: Calculated meta-features for BTCUSDT (19 features) 
2026-01-02 08:23:14,796 ml_service_v2 INFO 🧙 Consejo v2.1: Calculated meta-features for BTCUSDT (19 features) 
2026-01-02 08:23:14,809 ml_service_v2 INFO 🧙 Consejo v2.1: Calculated meta-features for BTCUSDT (19 features) 
2026-01-02 08:23:14,826 ml_service_v2 INFO 🧙 Consejo v2.1: Calculated meta-features for BTCUSDT (19 features) 
2026-01-02 08:23:14,844 ml_service_v2 INFO 🧙 Consejo v2.1: Calculated meta-features for BTCUSDT (19 features) 
2026-01-02 08:23:14,858 ml_service_v2 INFO 🧙 Consejo v2.1: Calculated meta-features for BTCUSDT (19 features) 
2026-01-02 08:23:14,884 ml_service_v2 INFO 🧙 Consejo v2.1: Calculated meta-features for BTCUSDT (19 features) 
2026-01-02 08:23:14,900 ml_service_v2 INFO 🧙 Consejo v2.1: Calculated meta-features for BTCUSDT (19 features) 
2026-01-02 08:23:14,923 ml_service_v2 INFO 🧙 Consejo v2.1: Calculated meta-features for BTCUSDT (19 features) 
2026-01-02 08:23:14,938 ml_service_v2 INFO 🧙 Consejo v2.1: Calculated meta-features for BTCUSDT (19 features) 
2026-01-02 08:23:14,962 ml_service_v2 INFO 🧙 Consejo v2.1: Calculated meta-features for BTCUSDT (19 features) 
2026-01-02 08:23:14,977 ml_service_v2 INFO 🧙 Consejo v2.1: Calculated meta-features for BTCUSDT (19 features) 
2026-01-02 08:23:15,003 ml_service_v2 INFO 🧙 Consejo v2.1: Calculated meta-features for BTCUSDT (19 features) 
2026-01-02 08:23:15,020 ml_service_v2 INFO 🧙 Consejo v2.1: Calculated meta-features for BTCUSDT (19 features) 
2026-01-02 08:23:15,043 ml_service_v2 INFO 🧙 Consejo v2.1: Calculated meta-features for BTCUSDT (19 features) 
2026-01-02 08:23:15,057 ml_service_v2 INFO 🧙 Consejo v2.1: Calculated meta-features for BTCUSDT (19 features) 
2026-01-02 08:23:15,084 ml_service_v2 INFO 🧙 Consejo v2.1: Calculated meta-features for BTCUSDT (19 features) 
2026-01-02 08:23:15,099 ml_service_v2 INFO 🧙 Consejo v2.1: Calculated meta-features for BTCUSDT (19 features) 
2026-01-02 08:23:15,123 ml_service_v2 INFO 🧙 Consejo v2.1: Calculated meta-features for BTCUSDT (19 features) 
2026-01-02 08:23:15,137 ml_service_v2 INFO 🧙 Consejo v2.1: Calculated meta-features for BTCUSDT (19 features) 
2026-01-02 08:23:15,162 ml_service_v2 INFO 🧙 Consejo v2.1: Calculated meta-features for BTCUSDT (19 features) 
2026-01-02 08:23:15,176 ml_service_v2 INFO 🧙 Consejo v2.1: Calculated meta-features for BTCUSDT (19 features) 
2026-01-02 08:23:15,203 ml_service_v2 INFO 🧙 Consejo v2.1: Calculated meta-features for BTCUSDT (19 features) 
2026-01-02 08:23:15,217 ml_service_v2 INFO 🧙 Consejo v2.1: Calculated meta-features for BTCUSDT (19 features) 
2026-01-02 08:23:15,243 ml_service_v2 INFO 🧙 Consejo v2.1: Calculated meta-features for BTCUSDT (19 features) 
2026-01-02 08:23:15,257 ml_service_v2 INFO 🧙 Consejo v2.1: Calculated meta-features for BTCUSDT (19 features) 
2026-01-02 08:23:15,282 ml_service_v2 INFO 🧙 Consejo v2.1: Calculated meta-features for BTCUSDT (19 features) 
2026-01-02 08:23:15,296 ml_service_v2 INFO 🧙 Consejo v2.1: Calculated meta-features for BTCUSDT (19 features) 
2026-01-02 08:23:15,322 ml_service_v2 INFO 🧙 Consejo v2.1: Calculated meta-features for BTCUSDT (19 features) 
2026-01-02 08:23:15,336 ml_service_v2 INFO 🧙 Consejo v2.1: Calculated meta-features for BTCUSDT (19 features) 
2026-01-02 08:23:15,362 ml_service_v2 INFO 🧙 Consejo v2.1: Calculated meta-features for BTCUSDT (19 features) 
2026-01-02 08:23:15,376 ml_service_v2 INFO 🧙 Consejo v2.1: Calculated meta-features for BTCUSDT (19 features) 
2026-01-02 08:23:15,401 ml_service_v2 INFO 🧙 Consejo v2.1: Calculated meta-features for BTCUSDT (19 features) 
2026-01-02 08:23:15,415 ml_service_v2 INFO 🧙 Consejo v2.1: Calculated meta-features for BTCUSDT (19 features) 
2026-01-02 08:23:15,441 ml_service_v2 INFO 🧙 Consejo v2.1: Calculated meta-features for BTCUSDT (19 features) 
2026-01-02 08:23:15,454 ml_service_v2 INFO 🧙 Consejo v2.1: Calculated meta-features for BTCUSDT (19 features) 
2026-01-02 08:23:15,480 ml_service_v2 INFO 🧙 Consejo v2.1: Calculated meta-features for BTCUSDT (19 features) 
2026-01-02 08:23:15,494 ml_service_v2 INFO 🧙 Consejo v2.1: Calculated meta-features for BTCUSDT (19 features) 
2026-01-02 08:23:15,515 ml_service_v2 INFO 🧙 Consejo v2.1: Calculated meta-features for BTCUSDT (19 features) 
2026-01-02 08:23:15,529 ml_service_v2 INFO 🧙 Consejo v2.1: Calculated meta-features for BTCUSDT (19 features) 
2026-01-02 08:23:15,546 ml_service_v2 INFO 🧙 Consejo v2.1: Calculated meta-features for BTCUSDT (19 features) 
2026-01-02 08:23:15,565 ml_service_v2 INFO 🧙 Consejo v2.1: Calculated meta-features for BTCUSDT (19 features) 
2026-01-02 08:23:15,580 ml_service_v2 INFO 🧙 Consejo v2.1: Calculated meta-features for BTCUSDT (19 features) 
2026-01-02 08:23:15,606 ml_service_v2 INFO 🧙 Consejo v2.1: Calculated meta-features for BTCUSDT (19 features) 
2026-01-02 08:23:15,620 ml_service_v2 INFO 🧙 Consejo v2.1: Calculated meta-features for BTCUSDT (19 features) 
2026-01-02 08:23:15,645 ml_service_v2 INFO 🧙 Consejo v2.1: Calculated meta-features for BTCUSDT (19 features) 
2026-01-02 08:23:15,659 ml_service_v2 INFO 🧙 Consejo v2.1: Calculated meta-features for BTCUSDT (19 features) 
2026-01-02 08:23:15,685 ml_service_v2 INFO 🧙 Consejo v2.1: Calculated meta-features for BTCUSDT (19 features) 
2026-01-02 08:23:15,699 ml_service_v2 INFO 🧙 Consejo v2.1: Calculated meta-features for BTCUSDT (19 features) 
2026-01-02 08:23:15,724 ml_service_v2 INFO 🧙 Consejo v2.1: Calculated meta-features for BTCUSDT (19 features) 
2026-01-02 08:23:15,738 ml_service_v2 INFO 🧙 Consejo v2.1: Calculated meta-features for BTCUSDT (19 features) 
2026-01-02 08:23:15,765 ml_service_v2 INFO 🧙 Consejo v2.1: Calculated meta-features for BTCUSDT (19 features) 
2026-01-02 08:23:15,778 ml_service_v2 INFO 🧙 Consejo v2.1: Calculated meta-features for BTCUSDT (19 features) 
2026-01-02 08:23:15,803 ml_service_v2 INFO 🧙 Consejo v2.1: Calculated meta-features for BTCUSDT (19 features) 
2026-01-02 08:23:15,816 ml_service_v2 INFO 🧙 Consejo v2.1: Calculated meta-features for BTCUSDT (19 features) 
2026-01-02 08:23:15,828 ml_service_v2 INFO 🧙 Consejo v2.1: Calculated meta-features for BTCUSDT (19 features) 
2026-01-02 08:23:15,846 ml_service_v2 INFO 🧙 Consejo v2.1: Calculated meta-features for BTCUSDT (19 features) 
2026-01-02 08:23:15,861 ml_service_v2 INFO 🧙 Consejo v2.1: Calculated meta-features for BTCUSDT (19 features) 
2026-01-02 08:23:15,885 ml_service_v2 INFO 🧙 Consejo v2.1: Calculated meta-features for BTCUSDT (19 features) 
2026-01-02 08:23:15,898 ml_service_v2 INFO 🧙 Consejo v2.1: Calculated meta-features for BTCUSDT (19 features) 
2026-01-02 08:23:15,923 ml_service_v2 INFO 🧙 Consejo v2.1: Calculated meta-features for BTCUSDT (19 features) 
2026-01-02 08:23:15,935 ml_service_v2 INFO 🧙 Consejo v2.1: Calculated meta-features for BTCUSDT (19 features) 
2026-01-02 08:23:15,948 ml_service_v2 INFO 🧙 Consejo v2.1: Calculated meta-features for BTCUSDT (19 features) 
2026-01-02 08:23:15,967 ml_service_v2 INFO 🧙 Consejo v2.1: Calculated meta-features for BTCUSDT (19 features) 
2026-01-02 08:23:15,983 ml_service_v2 INFO 🧙 Consejo v2.1: Calculated meta-features for BTCUSDT (19 features) 
2026-01-02 08:23:16,006 ml_service_v2 INFO 🧙 Consejo v2.1: Calculated meta-features for BTCUSDT (19 features) 
2026-01-02 08:23:16,019 ml_service_v2 INFO 🧙 Consejo v2.1: Calculated meta-features for BTCUSDT (19 features) 
2026-01-02 08:23:16,044 ml_service_v2 INFO 🧙 Consejo v2.1: Calculated meta-features for BTCUSDT (19 features) 
2026-01-02 08:23:16,056 ml_service_v2 INFO 🧙 Consejo v2.1: Calculated meta-features for BTCUSDT (19 features) 
2026-01-02 08:23:16,076 ml_service_v2 INFO 🧙 Consejo v2.1: Calculated meta-features for BTCUSDT (19 features) 
2026-01-02 08:23:16,090 ml_service_v2 INFO 🧙 Consejo v2.1: Calculated meta-features for BTCUSDT (19 features) 
2026-01-02 08:23:16,105 ml_service_v2 INFO 🧙 Consejo v2.1: Calculated meta-features for BTCUSDT (19 features) 
2026-01-02 08:23:16,126 ml_service_v2 INFO 🧙 Consejo v2.1: Calculated meta-features for BTCUSDT (19 features) 
2026-01-02 08:23:16,140 ml_service_v2 INFO 🧙 Consejo v2.1: Calculated meta-features for BTCUSDT (19 features) 
2026-01-02 08:23:16,165 ml_service_v2 INFO 🧙 Consejo v2.1: Calculated meta-features for BTCUSDT (19 features) 
2026-01-02 08:23:16,178 ml_service_v2 INFO 🧙 Consejo v2.1: Calculated meta-features for BTCUSDT (19 features) 
2026-01-02 08:23:16,203 ml_service_v2 INFO 🧙 Consejo v2.1: Calculated meta-features for BTCUSDT (19 features) 
2026-01-02 08:23:16,216 ml_service_v2 INFO 🧙 Consejo v2.1: Calculated meta-features for BTCUSDT (19 features) 
2026-01-02 08:23:16,236 ml_service_v2 INFO 🧙 Consejo v2.1: Calculated meta-features for BTCUSDT (19 features) 
2026-01-02 08:23:16,249 ml_service_v2 INFO 🧙 Consejo v2.1: Calculated meta-features for BTCUSDT (19 features) 
2026-01-02 08:23:16,265 ml_service_v2 INFO 🧙 Consejo v2.1: Calculated meta-features for BTCUSDT (19 features) 
2026-01-02 08:23:16,286 ml_service_v2 INFO 🧙 Consejo v2.1: Calculated meta-features for BTCUSDT (19 features) 
2026-01-02 08:23:16,300 ml_service_v2 INFO 🧙 Consejo v2.1: Calculated meta-features for BTCUSDT (19 features) 
2026-01-02 08:23:16,325 ml_service_v2 INFO 🧙 Consejo v2.1: Calculated meta-features for BTCUSDT (19 features) 
2026-01-02 08:23:16,338 ml_service_v2 INFO 🧙 Consejo v2.1: Calculated meta-features for BTCUSDT (19 features) 
2026-01-02 08:23:16,362 ml_service_v2 INFO 🧙 Consejo v2.1: Calculated meta-features for BTCUSDT (19 features) 
2026-01-02 08:23:16,376 ml_service_v2 INFO 🧙 Consejo v2.1: Calculated meta-features for BTCUSDT (19 features) 
2026-01-02 08:23:16,396 ml_service_v2 INFO 🧙 Consejo v2.1: Calculated meta-features for BTCUSDT (19 features) 
2026-01-02 08:23:16,410 ml_service_v2 INFO 🧙 Consejo v2.1: Calculated meta-features for BTCUSDT (19 features) 
2026-01-02 08:23:16,425 ml_service_v2 INFO 🧙 Consejo v2.1: Calculated meta-features for BTCUSDT (19 features) 
2026-01-02 08:23:16,444 ml_service_v2 INFO 🧙 Consejo v2.1: Calculated meta-features for BTCUSDT (19 features) 
2026-01-02 08:23:16,457 ml_service_v2 INFO 🧙 Consejo v2.1: Calculated meta-features for BTCUSDT (19 features) 
2026-01-02 08:23:16,478 ml_service_v2 INFO 🧙 Consejo v2.1: Calculated meta-features for BTCUSDT (19 features) 
2026-01-02 08:23:16,492 ml_service_v2 INFO 🧙 Consejo v2.1: Calculated meta-features for BTCUSDT (19 features) 
2026-01-02 08:23:16,505 ml_service_v2 INFO 🧙 Consejo v2.1: Calculated meta-features for BTCUSDT (19 features) 
2026-01-02 08:23:16,526 ml_service_v2 INFO 🧙 Consejo v2.1: Calculated meta-features for BTCUSDT (19 features) 
2026-01-02 08:23:16,540 ml_service_v2 INFO 🧙 Consejo v2.1: Calculated meta-features for BTCUSDT (19 features) 
2026-01-02 08:23:16,567 ml_service_v2 INFO 🧙 Consejo v2.1: Calculated meta-features for BTCUSDT (19 features) 
2026-01-02 08:23:16,583 ml_service_v2 INFO 🧙 Consejo v2.1: Calculated meta-features for BTCUSDT (19 features) 
2026-01-02 08:23:16,607 ml_service_v2 INFO 🧙 Consejo v2.1: Calculated meta-features for BTCUSDT (19 features) 
2026-01-02 08:23:16,625 ml_service_v2 INFO 🧙 Consejo v2.1: Calculated meta-features for BTCUSDT (19 features) 
2026-01-02 08:23:16,646 ml_service_v2 INFO 🧙 Consejo v2.1: Calculated meta-features for BTCUSDT (19 features) 
2026-01-02 08:23:16,661 ml_service_v2 INFO 🧙 Consejo v2.1: Calculated meta-features for BTCUSDT (19 features) 
2026-01-02 08:23:16,685 ml_service_v2 INFO 🧙 Consejo v2.1: Calculated meta-features for BTCUSDT (19 features) 
2026-01-02 08:23:16,698 ml_service_v2 INFO 🧙 Consejo v2.1: Calculated meta-features for BTCUSDT (19 features) 
2026-01-02 08:23:16,723 ml_service_v2 INFO 🧙 Consejo v2.1: Calculated meta-features for BTCUSDT (19 features) 
2026-01-02 08:23:16,736 ml_service_v2 INFO 🧙 Consejo v2.1: Calculated meta-features for BTCUSDT (19 features) 
2026-01-02 08:23:16,753 ml_service_v2 INFO 🧙 Consejo v2.1: Calculated meta-features for BTCUSDT (19 features) 
2026-01-02 08:23:16,771 ml_service_v2 INFO 🧙 Consejo v2.1: Calculated meta-features for BTCUSDT (19 features) 
2026-01-02 08:23:16,785 ml_service_v2 INFO 🧙 Consejo v2.1: Calculated meta-features for BTCUSDT (19 features) 
2026-01-02 08:23:16,805 ml_service_v2 INFO 🧙 Consejo v2.1: Calculated meta-features for BTCUSDT (19 features) 
2026-01-02 08:23:16,817 ml_service_v2 INFO 🧙 Consejo v2.1: Calculated meta-features for BTCUSDT (19 features) 
2026-01-02 08:23:16,836 ml_service_v2 INFO 🧙 Consejo v2.1: Calculated meta-features for BTCUSDT (19 features) 
2026-01-02 08:23:16,849 ml_service_v2 INFO 🧙 Consejo v2.1: Calculated meta-features for BTCUSDT (19 features) 
2026-01-02 08:23:16,865 ml_service_v2 INFO 🧙 Consejo v2.1: Calculated meta-features for BTCUSDT (19 features) 
2026-01-02 08:23:16,885 ml_service_v2 INFO 🧙 Consejo v2.1: Calculated meta-features for BTCUSDT (19 features) 
2026-01-02 08:23:16,898 ml_service_v2 INFO 🧙 Consejo v2.1: Calculated meta-features for BTCUSDT (19 features) 
2026-01-02 08:23:16,917 ml_service_v2 INFO 🧙 Consejo v2.1: Calculated meta-features for BTCUSDT (19 features) 
2026-01-02 08:23:16,930 ml_service_v2 INFO 🧙 Consejo v2.1: Calculated meta-features for BTCUSDT (19 features) 
2026-01-02 08:23:16,945 ml_service_v2 INFO 🧙 Consejo v2.1: Calculated meta-features for BTCUSDT (19 features) 
2026-01-02 08:23:16,965 ml_service_v2 INFO 🧙 Consejo v2.1: Calculated meta-features for BTCUSDT (19 features) 
2026-01-02 08:23:16,977 ml_service_v2 INFO 🧙 Consejo v2.1: Calculated meta-features for BTCUSDT (19 features) 
2026-01-02 08:23:16,996 ml_service_v2 INFO 🧙 Consejo v2.1: Calculated meta-features for BTCUSDT (19 features) 
2026-01-02 08:23:17,010 ml_service_v2 INFO 🧙 Consejo v2.1: Calculated meta-features for BTCUSDT (19 features) 
2026-01-02 08:23:17,025 ml_service_v2 INFO 🧙 Consejo v2.1: Calculated meta-features for BTCUSDT (19 features) 
2026-01-02 08:23:17,045 ml_service_v2 INFO 🧙 Consejo v2.1: Calculated meta-features for BTCUSDT (19 features) 
2026-01-02 08:23:17,058 ml_service_v2 INFO 🧙 Consejo v2.1: Calculated meta-features for BTCUSDT (19 features) 
2026-01-02 08:23:17,082 ml_service_v2 INFO 🧙 Consejo v2.1: Calculated meta-features for BTCUSDT (19 features) 
2026-01-02 08:23:17,095 ml_service_v2 INFO 🧙 Consejo v2.1: Calculated meta-features for BTCUSDT (19 features) 
2026-01-02 08:23:17,107 ml_service_v2 INFO 🧙 Consejo v2.1: Calculated meta-features for BTCUSDT (19 features) 
2026-01-02 08:23:17,127 ml_service_v2 INFO 🧙 Consejo v2.1: Calculated meta-features for BTCUSDT (19 features) 
2026-01-02 08:23:17,141 ml_service_v2 INFO 🧙 Consejo v2.1: Calculated meta-features for BTCUSDT (19 features) 
2026-01-02 08:23:17,165 ml_service_v2 INFO 🧙 Consejo v2.1: Calculated meta-features for BTCUSDT (19 features) 
2026-01-02 08:23:17,179 ml_service_v2 INFO 🧙 Consejo v2.1: Calculated meta-features for BTCUSDT (19 features) 
2026-01-02 08:23:17,202 ml_service_v2 INFO 🧙 Consejo v2.1: Calculated meta-features for BTCUSDT (19 features) 
2026-01-02 08:23:17,215 ml_service_v2 INFO 🧙 Consejo v2.1: Calculated meta-features for BTCUSDT (19 features) 
2026-01-02 08:23:17,227 ml_service_v2 INFO 🧙 Consejo v2.1: Calculated meta-features for BTCUSDT (19 features) 
2026-01-02 08:23:17,246 ml_service_v2 INFO 🧙 Consejo v2.1: Calculated meta-features for BTCUSDT (19 features) 
2026-01-02 08:23:17,259 ml_service_v2 INFO 🧙 Consejo v2.1: Calculated meta-features for BTCUSDT (19 features) 
2026-01-02 08:23:17,284 ml_service_v2 INFO 🧙 Consejo v2.1: Calculated meta-features for BTCUSDT (19 features) 
2026-01-02 08:23:17,296 ml_service_v2 INFO 🧙 Consejo v2.1: Calculated meta-features for BTCUSDT (19 features) 
2026-01-02 08:23:17,308 ml_service_v2 INFO 🧙 Consejo v2.1: Calculated meta-features for BTCUSDT (19 features) 
2026-01-02 08:23:17,327 ml_service_v2 INFO 🧙 Consejo v2.1: Calculated meta-features for BTCUSDT (19 features) 
2026-01-02 08:23:17,343 ml_service_v2 INFO 🧙 Consejo v2.1: Calculated meta-features for BTCUSDT (19 features) 
2026-01-02 08:23:17,365 ml_service_v2 INFO 🧙 Consejo v2.1: Calculated meta-features for BTCUSDT (19 features) 
2026-01-02 08:23:17,377 ml_service_v2 INFO 🧙 Consejo v2.1: Calculated meta-features for BTCUSDT (19 features) 
2026-01-02 08:23:17,396 ml_service_v2 INFO 🧙 Consejo v2.1: Calculated meta-features for BTCUSDT (19 features) 
2026-01-02 08:23:17,409 ml_service_v2 INFO 🧙 Consejo v2.1: Calculated meta-features for BTCUSDT (19 features) 
2026-01-02 08:23:17,425 ml_service_v2 INFO 🧙 Consejo v2.1: Calculated meta-features for BTCUSDT (19 features) 
2026-01-02 08:23:17,445 ml_service_v2 INFO 🧙 Consejo v2.1: Calculated meta-features for BTCUSDT (19 features) 
2026-01-02 08:23:17,457 ml_service_v2 INFO 🧙 Consejo v2.1: Calculated meta-features for BTCUSDT (19 features) 
2026-01-02 08:23:17,477 ml_service_v2 INFO 🧙 Consejo v2.1: Calculated meta-features for BTCUSDT (19 features) 
2026-01-02 08:23:17,490 ml_service_v2 INFO 🧙 Consejo v2.1: Calculated meta-features for BTCUSDT (19 features) 
2026-01-02 08:23:17,505 ml_service_v2 INFO 🧙 Consejo v2.1: Calculated meta-features for BTCUSDT (19 features) 
2026-01-02 08:23:17,525 ml_service_v2 INFO 🧙 Consejo v2.1: Calculated meta-features for BTCUSDT (19 features) 
2026-01-02 08:23:17,539 ml_service_v2 INFO 🧙 Consejo v2.1: Calculated meta-features for BTCUSDT (19 features) 
2026-01-02 08:23:17,562 ml_service_v2 INFO 🧙 Consejo v2.1: Calculated meta-features for BTCUSDT (19 features) 
2026-01-02 08:23:17,575 ml_service_v2 INFO 🧙 Consejo v2.1: Calculated meta-features for BTCUSDT (19 features) 
2026-01-02 08:23:17,587 ml_service_v2 INFO 🧙 Consejo v2.1: Calculated meta-features for BTCUSDT (19 features) 
2026-01-02 08:23:17,607 ml_service_v2 INFO 🧙 Consejo v2.1: Calculated meta-features for BTCUSDT (19 features) 
2026-01-02 08:23:17,622 ml_service_v2 INFO 🧙 Consejo v2.1: Calculated meta-features for BTCUSDT (19 features) 
2026-01-02 08:23:17,645 ml_service_v2 INFO 🧙 Consejo v2.1: Calculated meta-features for BTCUSDT (19 features) 
2026-01-02 08:23:17,658 ml_service_v2 INFO 🧙 Consejo v2.1: Calculated meta-features for BTCUSDT (19 features) 
2026-01-02 08:23:17,677 ml_service_v2 INFO 🧙 Consejo v2.1: Calculated meta-features for BTCUSDT (19 features) 
2026-01-02 08:23:17,691 ml_service_v2 INFO 🧙 Consejo v2.1: Calculated meta-features for BTCUSDT (19 features) 
2026-01-02 08:23:17,705 ml_service_v2 INFO 🧙 Consejo v2.1: Calculated meta-features for BTCUSDT (19 features) 
2026-01-02 08:23:17,725 ml_service_v2 INFO 🧙 Consejo v2.1: Calculated meta-features for BTCUSDT (19 features) 
2026-01-02 08:23:17,738 ml_service_v2 INFO 🧙 Consejo v2.1: Calculated meta-features for BTCUSDT (19 features) 
2026-01-02 08:23:17,758 ml_service_v2 INFO 🧙 Consejo v2.1: Calculated meta-features for BTCUSDT (19 features) 
2026-01-02 08:23:17,771 ml_service_v2 INFO 🧙 Consejo v2.1: Calculated meta-features for BTCUSDT (19 features) 
2026-01-02 08:23:17,786 ml_service_v2 INFO 🧙 Consejo v2.1: Calculated meta-features for BTCUSDT (19 features) 
2026-01-02 08:23:17,806 ml_service_v2 INFO 🧙 Consejo v2.1: Calculated meta-features for BTCUSDT (19 features) 
2026-01-02 08:23:17,820 ml_service_v2 INFO 🧙 Consejo v2.1: Calculated meta-features for BTCUSDT (19 features) 
2026-01-02 08:23:17,845 ml_service_v2 INFO 🧙 Consejo v2.1: Calculated meta-features for BTCUSDT (19 features) 
2026-01-02 08:23:17,859 ml_service_v2 INFO 🧙 Consejo v2.1: Calculated meta-features for BTCUSDT (19 features) 
2026-01-02 08:23:17,883 ml_service_v2 INFO 🧙 Consejo v2.1: Calculated meta-features for BTCUSDT (19 features) 
2026-01-02 08:23:17,896 ml_service_v2 INFO 🧙 Consejo v2.1: Calculated meta-features for BTCUSDT (19 features) 
2026-01-02 08:23:17,916 ml_service_v2 INFO 🧙 Consejo v2.1: Calculated meta-features for BTCUSDT (19 features) 
2026-01-02 08:23:17,930 ml_service_v2 INFO 🧙 Consejo v2.1: Calculated meta-features for BTCUSDT (19 features) 
2026-01-02 08:23:17,946 ml_service_v2 INFO 🧙 Consejo v2.1: Calculated meta-features for BTCUSDT (19 features) 
2026-01-02 08:23:17,966 ml_service_v2 INFO 🧙 Consejo v2.1: Calculated meta-features for BTCUSDT (19 features) 
2026-01-02 08:23:17,981 ml_service_v2 INFO 🧙 Consejo v2.1: Calculated meta-features for BTCUSDT (19 features) 
2026-01-02 08:23:18,005 ml_service_v2 INFO 🧙 Consejo v2.1: Calculated meta-features for BTCUSDT (19 features) 
2026-01-02 08:23:18,018 ml_service_v2 INFO 🧙 Consejo v2.1: Calculated meta-features for BTCUSDT (19 features) 
2026-01-02 08:23:18,042 ml_service_v2 INFO 🧙 Consejo v2.1: Calculated meta-features for BTCUSDT (19 features) 
2026-01-02 08:23:18,056 ml_service_v2 INFO 🧙 Consejo v2.1: Calculated meta-features for BTCUSDT (19 features) 
2026-01-02 08:23:18,069 ml_service_v2 INFO 🧙 Consejo v2.1: Calculated meta-features for BTCUSDT (19 features) 
2026-01-02 08:23:18,089 ml_service_v2 INFO 🧙 Consejo v2.1: Calculated meta-features for BTCUSDT (19 features) 
2026-01-02 08:23:18,105 ml_service_v2 INFO 🧙 Consejo v2.1: Calculated meta-features for BTCUSDT (19 features) 
2026-01-02 08:23:18,127 ml_service_v2 INFO 🧙 Consejo v2.1: Calculated meta-features for BTCUSDT (19 features) 
2026-01-02 08:23:18,144 ml_service_v2 INFO 🧙 Consejo v2.1: Calculated meta-features for BTCUSDT (19 features) 
2026-01-02 08:23:18,167 ml_service_v2 INFO 🧙 Consejo v2.1: Calculated meta-features for BTCUSDT (19 features) 
2026-01-02 08:23:18,184 ml_service_v2 INFO 🧙 Consejo v2.1: Calculated meta-features for BTCUSDT (19 features) 
2026-01-02 08:23:18,207 ml_service_v2 INFO 🧙 Consejo v2.1: Calculated meta-features for BTCUSDT (19 features) 
2026-01-02 08:23:18,221 ml_service_v2 INFO 🧙 Consejo v2.1: Calculated meta-features for BTCUSDT (19 features) 
2026-01-02 08:23:18,246 ml_service_v2 INFO 🧙 Consejo v2.1: Calculated meta-features for BTCUSDT (19 features) 
2026-01-02 08:23:18,262 ml_service_v2 INFO 🧙 Consejo v2.1: Calculated meta-features for BTCUSDT (19 features) 
2026-01-02 08:23:18,286 ml_service_v2 INFO 🧙 Consejo v2.1: Calculated meta-features for BTCUSDT (19 features) 
2026-01-02 08:23:18,303 ml_service_v2 INFO 🧙 Consejo v2.1: Calculated meta-features for BTCUSDT (19 features) 
2026-01-02 08:23:18,327 ml_service_v2 INFO 🧙 Consejo v2.1: Calculated meta-features for BTCUSDT (19 features) 
2026-01-02 08:23:18,344 ml_service_v2 INFO 🧙 Consejo v2.1: Calculated meta-features for BTCUSDT (19 features) 
2026-01-02 08:23:18,367 ml_service_v2 INFO 🧙 Consejo v2.1: Calculated meta-features for BTCUSDT (19 features) 
2026-01-02 08:23:18,384 ml_service_v2 INFO 🧙 Consejo v2.1: Calculated meta-features for BTCUSDT (19 features) 
2026-01-02 08:23:18,407 ml_service_v2 INFO 🧙 Consejo v2.1: Calculated meta-features for BTCUSDT (19 features) 
2026-01-02 08:23:18,424 ml_service_v2 INFO 🧙 Consejo v2.1: Calculated meta-features for BTCUSDT (19 features) 
2026-01-02 08:23:18,447 ml_service_v2 INFO 🧙 Consejo v2.1: Calculated meta-features for BTCUSDT (19 features) 
2026-01-02 08:23:18,464 ml_service_v2 INFO 🧙 Consejo v2.1: Calculated meta-features for BTCUSDT (19 features) 
2026-01-02 08:23:18,487 ml_service_v2 INFO 🧙 Consejo v2.1: Calculated meta-features for BTCUSDT (19 features) 
2026-01-02 08:23:18,503 ml_service_v2 INFO 🧙 Consejo v2.1: Calculated meta-features for BTCUSDT (19 features) 
2026-01-02 08:23:18,526 ml_service_v2 INFO 🧙 Consejo v2.1: Calculated meta-features for BTCUSDT (19 features) 
2026-01-02 08:23:18,540 ml_service_v2 INFO 🧙 Consejo v2.1: Calculated meta-features for BTCUSDT (19 features) 
2026-01-02 08:23:18,565 ml_service_v2 INFO 🧙 Consejo v2.1: Calculated meta-features for BTCUSDT (19 features) 
2026-01-02 08:23:18,578 ml_service_v2 INFO 🧙 Consejo v2.1: Calculated meta-features for BTCUSDT (19 features) 
2026-01-02 08:23:18,593 ml_service_v2 INFO 🧙 Consejo v2.1: Calculated meta-features for BTCUSDT (19 features) 
2026-01-02 08:23:18,610 ml_service_v2 INFO 🧙 Consejo v2.1: Calculated meta-features for BTCUSDT (19 features) 
2026-01-02 08:23:18,624 ml_service_v2 INFO 🧙 Consejo v2.1: Calculated meta-features for BTCUSDT (19 features) 
2026-01-02 08:23:18,647 ml_service_v2 INFO 🧙 Consejo v2.1: Calculated meta-features for BTCUSDT (19 features) 
2026-01-02 08:23:18,663 ml_service_v2 INFO 🧙 Consejo v2.1: Calculated meta-features for BTCUSDT (19 features) 
2026-01-02 08:23:18,688 ml_service_v2 INFO 🧙 Consejo v2.1: Calculated meta-features for BTCUSDT (19 features) 
2026-01-02 08:23:18,704 ml_service_v2 INFO 🧙 Consejo v2.1: Calculated meta-features for BTCUSDT (19 features) 
2026-01-02 08:23:18,727 ml_service_v2 INFO 🧙 Consejo v2.1: Calculated meta-features for BTCUSDT (19 features) 
2026-01-02 08:23:18,744 ml_service_v2 INFO 🧙 Consejo v2.1: Calculated meta-features for BTCUSDT (19 features) 
2026-01-02 08:23:18,768 ml_service_v2 INFO 🧙 Consejo v2.1: Calculated meta-features for BTCUSDT (19 features) 
2026-01-02 08:23:18,783 ml_service_v2 INFO 🧙 Consejo v2.1: Calculated meta-features for BTCUSDT (19 features) 
2026-01-02 08:23:18,807 ml_service_v2 INFO 🧙 Consejo v2.1: Calculated meta-features for BTCUSDT (19 features) 
2026-01-02 08:23:18,820 ml_service_v2 INFO 🧙 Consejo v2.1: Calculated meta-features for BTCUSDT (19 features) 
2026-01-02 08:23:18,844 ml_service_v2 INFO 🧙 Consejo v2.1: Calculated meta-features for BTCUSDT (19 features) 
2026-01-02 08:23:18,856 ml_service_v2 INFO 🧙 Consejo v2.1: Calculated meta-features for BTCUSDT (19 features) 
2026-01-02 08:23:18,868 ml_service_v2 INFO 🧙 Consejo v2.1: Calculated meta-features for BTCUSDT (19 features) 
2026-01-02 08:23:18,887 ml_service_v2 INFO 🧙 Consejo v2.1: Calculated meta-features for BTCUSDT (19 features) 
2026-01-02 08:23:18,901 ml_service_v2 INFO 🧙 Consejo v2.1: Calculated meta-features for BTCUSDT (19 features) 
2026-01-02 08:23:18,924 ml_service_v2 INFO 🧙 Consejo v2.1: Calculated meta-features for BTCUSDT (19 features) 
2026-01-02 08:23:18,937 ml_service_v2 INFO 🧙 Consejo v2.1: Calculated meta-features for BTCUSDT (19 features) 
2026-01-02 08:23:18,948 ml_service_v2 INFO 🧙 Consejo v2.1: Calculated meta-features for BTCUSDT (19 features) 
2026-01-02 08:23:18,967 ml_service_v2 INFO 🧙 Consejo v2.1: Calculated meta-features for BTCUSDT (19 features) 
2026-01-02 08:23:18,983 ml_service_v2 INFO 🧙 Consejo v2.1: Calculated meta-features for BTCUSDT (19 features) 
2026-01-02 08:23:19,006 ml_service_v2 INFO 🧙 Consejo v2.1: Calculated meta-features for BTCUSDT (19 features) 
2026-01-02 08:23:19,020 ml_service_v2 INFO 🧙 Consejo v2.1: Calculated meta-features for BTCUSDT (19 features) 
2026-01-02 08:23:19,034 ml_service_v2 INFO 🧙 Consejo v2.1: Calculated meta-features for BTCUSDT (19 features) 
2026-01-02 08:23:19,051 ml_service_v2 INFO 🧙 Consejo v2.1: Calculated meta-features for BTCUSDT (19 features) 
2026-01-02 08:23:19,064 ml_service_v2 INFO 🧙 Consejo v2.1: Calculated meta-features for BTCUSDT (19 features) 
2026-01-02 08:23:19,087 ml_service_v2 INFO 🧙 Consejo v2.1: Calculated meta-features for BTCUSDT (19 features) 
2026-01-02 08:23:19,103 ml_service_v2 INFO 🧙 Consejo v2.1: Calculated meta-features for BTCUSDT (19 features) 
2026-01-02 08:23:19,127 ml_service_v2 INFO 🧙 Consejo v2.1: Calculated meta-features for BTCUSDT (19 features) 
2026-01-02 08:23:19,143 ml_service_v2 INFO 🧙 Consejo v2.1: Calculated meta-features for BTCUSDT (19 features) 
2026-01-02 08:23:19,168 ml_service_v2 INFO 🧙 Consejo v2.1: Calculated meta-features for BTCUSDT (19 features) 
2026-01-02 08:23:19,184 ml_service_v2 INFO 🧙 Consejo v2.1: Calculated meta-features for BTCUSDT (19 features) 
2026-01-02 08:23:19,208 ml_service_v2 INFO 🧙 Consejo v2.1: Calculated meta-features for BTCUSDT (19 features) 
2026-01-02 08:23:19,224 ml_service_v2 INFO 🧙 Consejo v2.1: Calculated meta-features for BTCUSDT (19 features) 
2026-01-02 08:23:19,248 ml_service_v2 INFO 🧙 Consejo v2.1: Calculated meta-features for BTCUSDT (19 features) 
2026-01-02 08:23:19,264 ml_service_v2 INFO 🧙 Consejo v2.1: Calculated meta-features for BTCUSDT (19 features) 
2026-01-02 08:23:19,288 ml_service_v2 INFO 🧙 Consejo v2.1: Calculated meta-features for BTCUSDT (19 features) 
2026-01-02 08:23:19,304 ml_service_v2 INFO 🧙 Consejo v2.1: Calculated meta-features for BTCUSDT (19 features) 
2026-01-02 08:23:19,329 ml_service_v2 INFO 🧙 Consejo v2.1: Calculated meta-features for BTCUSDT (19 features) 
2026-01-02 08:23:19,344 ml_service_v2 INFO 🧙 Consejo v2.1: Calculated meta-features for BTCUSDT (19 features) 
2026-01-02 08:23:19,369 ml_service_v2 INFO 🧙 Consejo v2.1: Calculated meta-features for BTCUSDT (19 features) 
2026-01-02 08:23:19,384 ml_service_v2 INFO 🧙 Consejo v2.1: Calculated meta-features for BTCUSDT (19 features) 
2026-01-02 08:23:19,410 ml_service_v2 INFO 🧙 Consejo v2.1: Calculated meta-features for BTCUSDT (19 features) 
2026-01-02 08:23:19,427 ml_service_v2 INFO 🧙 Consejo v2.1: Calculated meta-features for BTCUSDT (19 features) 
2026-01-02 08:23:19,450 ml_service_v2 INFO 🧙 Consejo v2.1: Calculated meta-features for BTCUSDT (19 features) 
2026-01-02 08:23:19,464 ml_service_v2 INFO 🧙 Consejo v2.1: Calculated meta-features for BTCUSDT (19 features) 
2026-01-02 08:23:19,487 ml_service_v2 INFO 🧙 Consejo v2.1: Calculated meta-features for BTCUSDT (19 features) 
2026-01-02 08:23:19,503 ml_service_v2 INFO 🧙 Consejo v2.1: Calculated meta-features for BTCUSDT (19 features) 
2026-01-02 08:23:19,525 ml_service_v2 INFO 🧙 Consejo v2.1: Calculated meta-features for BTCUSDT (19 features) 
2026-01-02 08:23:19,537 ml_service_v2 INFO 🧙 Consejo v2.1: Calculated meta-features for BTCUSDT (19 features) 
2026-01-02 08:23:19,549 ml_service_v2 INFO 🧙 Consejo v2.1: Calculated meta-features for BTCUSDT (19 features) 
2026-01-02 08:23:19,570 ml_service_v2 INFO 🧙 Consejo v2.1: Calculated meta-features for BTCUSDT (19 features) 
2026-01-02 08:23:19,584 ml_service_v2 INFO 🧙 Consejo v2.1: Calculated meta-features for BTCUSDT (19 features) 
2026-01-02 08:23:19,607 ml_service_v2 INFO 🧙 Consejo v2.1: Calculated meta-features for BTCUSDT (19 features) 
2026-01-02 08:23:19,622 ml_service_v2 INFO 🧙 Consejo v2.1: Calculated meta-features for BTCUSDT (19 features) 
2026-01-02 08:23:19,642 ml_service_v2 INFO 🧙 Consejo v2.1: Calculated meta-features for BTCUSDT (19 features) 
2026-01-02 08:23:19,656 ml_service_v2 INFO 🧙 Consejo v2.1: Calculated meta-features for BTCUSDT (19 features) 
2026-01-02 08:23:19,668 ml_service_v2 INFO 🧙 Consejo v2.1: Calculated meta-features for BTCUSDT (19 features) 
2026-01-02 08:23:19,690 ml_service_v2 INFO 🧙 Consejo v2.1: Calculated meta-features for BTCUSDT (19 features) 
2026-01-02 08:23:19,705 ml_service_v2 INFO 🧙 Consejo v2.1: Calculated meta-features for BTCUSDT (19 features) 
2026-01-02 08:23:19,729 ml_service_v2 INFO 🧙 Consejo v2.1: Calculated meta-features for BTCUSDT (19 features) 
2026-01-02 08:23:19,745 ml_service_v2 INFO 🧙 Consejo v2.1: Calculated meta-features for BTCUSDT (19 features) 
2026-01-02 08:23:19,770 ml_service_v2 INFO 🧙 Consejo v2.1: Calculated meta-features for BTCUSDT (19 features) 
2026-01-02 08:23:19,785 ml_service_v2 INFO 🧙 Consejo v2.1: Calculated meta-features for BTCUSDT (19 features) 
2026-01-02 08:23:19,810 ml_service_v2 INFO 🧙 Consejo v2.1: Calculated meta-features for BTCUSDT (19 features) 
2026-01-02 08:23:19,824 ml_service_v2 INFO 🧙 Consejo v2.1: Calculated meta-features for BTCUSDT (19 features) 
2026-01-02 08:23:19,850 ml_service_v2 INFO 🧙 Consejo v2.1: Calculated meta-features for BTCUSDT (19 features) 
2026-01-02 08:23:19,864 ml_service_v2 INFO 🧙 Consejo v2.1: Calculated meta-features for BTCUSDT (19 features) 
2026-01-02 08:23:19,890 ml_service_v2 INFO 🧙 Consejo v2.1: Calculated meta-features for BTCUSDT (19 features) 
2026-01-02 08:23:19,906 ml_service_v2 INFO 🧙 Consejo v2.1: Calculated meta-features for BTCUSDT (19 features) 
2026-01-02 08:23:19,930 ml_service_v2 INFO 🧙 Consejo v2.1: Calculated meta-features for BTCUSDT (19 features) 
2026-01-02 08:23:19,945 ml_service_v2 INFO 🧙 Consejo v2.1: Calculated meta-features for BTCUSDT (19 features) 
2026-01-02 08:23:19,970 ml_service_v2 INFO 🧙 Consejo v2.1: Calculated meta-features for BTCUSDT (19 features) 
2026-01-02 08:23:19,986 ml_service_v2 INFO 🧙 Consejo v2.1: Calculated meta-features for BTCUSDT (19 features) 
2026-01-02 08:23:20,011 ml_service_v2 INFO 🧙 Consejo v2.1: Calculated meta-features for BTCUSDT (19 features) 
2026-01-02 08:23:20,027 ml_service_v2 INFO 🧙 Consejo v2.1: Calculated meta-features for BTCUSDT (19 features) 
2026-01-02 08:23:20,050 ml_service_v2 INFO 🧙 Consejo v2.1: Calculated meta-features for BTCUSDT (19 features) 
2026-01-02 08:23:20,065 ml_service_v2 INFO 🧙 Consejo v2.1: Calculated meta-features for BTCUSDT (19 features) 
2026-01-02 08:23:20,091 ml_service_v2 INFO 🧙 Consejo v2.1: Calculated meta-features for BTCUSDT (19 features) 
2026-01-02 08:23:20,105 ml_service_v2 INFO 🧙 Consejo v2.1: Calculated meta-features for BTCUSDT (19 features) 
2026-01-02 08:23:20,130 ml_service_v2 INFO 🧙 Consejo v2.1: Calculated meta-features for BTCUSDT (19 features) 
2026-01-02 08:23:20,145 ml_service_v2 INFO 🧙 Consejo v2.1: Calculated meta-features for BTCUSDT (19 features) 
2026-01-02 08:23:20,171 ml_service_v2 INFO 🧙 Consejo v2.1: Calculated meta-features for BTCUSDT (19 features) 
2026-01-02 08:23:20,185 ml_service_v2 INFO 🧙 Consejo v2.1: Calculated meta-features for BTCUSDT (19 features) 
2026-01-02 08:23:20,209 ml_service_v2 INFO 🧙 Consejo v2.1: Calculated meta-features for BTCUSDT (19 features) 
2026-01-02 08:23:20,225 ml_service_v2 INFO 🧙 Consejo v2.1: Calculated meta-features for BTCUSDT (19 features) 
2026-01-02 08:23:20,251 ml_service_v2 INFO 🧙 Consejo v2.1: Calculated meta-features for BTCUSDT (19 features) 
2026-01-02 08:23:20,266 ml_service_v2 INFO 🧙 Consejo v2.1: Calculated meta-features for BTCUSDT (19 features) 
2026-01-02 08:23:20,292 ml_service_v2 INFO 🧙 Consejo v2.1: Calculated meta-features for BTCUSDT (19 features) 
2026-01-02 08:23:20,306 ml_service_v2 INFO 🧙 Consejo v2.1: Calculated meta-features for BTCUSDT (19 features) 
2026-01-02 08:23:20,332 ml_service_v2 INFO 🧙 Consejo v2.1: Calculated meta-features for BTCUSDT (19 features) 
2026-01-02 08:23:20,346 ml_service_v2 INFO 🧙 Consejo v2.1: Calculated meta-features for BTCUSDT (19 features) 
2026-01-02 08:23:20,370 ml_service_v2 INFO 🧙 Consejo v2.1: Calculated meta-features for BTCUSDT (19 features) 
2026-01-02 08:23:20,385 ml_service_v2 INFO 🧙 Consejo v2.1: Calculated meta-features for BTCUSDT (19 features) 
2026-01-02 08:23:20,411 ml_service_v2 INFO 🧙 Consejo v2.1: Calculated meta-features for BTCUSDT (19 features) 
2026-01-02 08:23:20,426 ml_service_v2 INFO 🧙 Consejo v2.1: Calculated meta-features for BTCUSDT (19 features) 
2026-01-02 08:23:20,450 ml_service_v2 INFO 🧙 Consejo v2.1: Calculated meta-features for BTCUSDT (19 features) 
2026-01-02 08:23:20,466 ml_service_v2 INFO 🧙 Consejo v2.1: Calculated meta-features for BTCUSDT (19 features) 
2026-01-02 08:23:20,492 ml_service_v2 INFO 🧙 Consejo v2.1: Calculated meta-features for BTCUSDT (19 features) 
2026-01-02 08:23:20,506 ml_service_v2 INFO 🧙 Consejo v2.1: Calculated meta-features for BTCUSDT (19 features) 
2026-01-02 08:23:20,533 ml_service_v2 INFO 🧙 Consejo v2.1: Calculated meta-features for BTCUSDT (19 features) 
2026-01-02 08:23:20,559 ml_service_v2 INFO 🧙 Consejo v2.1: Calculated meta-features for BTCUSDT (19 features) 
2026-01-02 08:23:20,590 ml_service_v2 INFO 🧙 Consejo v2.1: Calculated meta-features for BTCUSDT (19 features) 
2026-01-02 08:23:20,616 ml_service_v2 INFO 🧙 Consejo v2.1: Calculated meta-features for BTCUSDT (19 features) 
2026-01-02 08:23:20,631 ml_service_v2 INFO 🧙 Consejo v2.1: Calculated meta-features for BTCUSDT (19 features) 
2026-01-02 08:23:20,655 ml_service_v2 INFO 🧙 Consejo v2.1: Calculated meta-features for BTCUSDT (19 features) 
2026-01-02 08:23:20,670 ml_service_v2 INFO 🧙 Consejo v2.1: Calculated meta-features for BTCUSDT (19 features) 
2026-01-02 08:23:20,693 ml_service_v2 INFO 🧙 Consejo v2.1: Calculated meta-features for BTCUSDT (19 features) 
2026-01-02 08:23:20,709 ml_service_v2 INFO 🧙 Consejo v2.1: Calculated meta-features for BTCUSDT (19 features) 
2026-01-02 08:23:20,735 ml_service_v2 INFO 🧙 Consejo v2.1: Calculated meta-features for BTCUSDT (19 features) 
2026-01-02 08:23:20,751 ml_service_v2 INFO 🧙 Consejo v2.1: Calculated meta-features for BTCUSDT (19 features) 
2026-01-02 08:23:20,775 ml_service_v2 INFO 🧙 Consejo v2.1: Calculated meta-features for BTCUSDT (19 features) 
2026-01-02 08:23:20,788 ml_service_v2 INFO 🧙 Consejo v2.1: Calculated meta-features for BTCUSDT (19 features) 
2026-01-02 08:23:20,814 ml_service_v2 INFO 🧙 Consejo v2.1: Calculated meta-features for BTCUSDT (19 features) 
2026-01-02 08:23:20,827 ml_service_v2 INFO 🧙 Consejo v2.1: Calculated meta-features for BTCUSDT (19 features) 
2026-01-02 08:23:20,851 ml_service_v2 INFO 🧙 Consejo v2.1: Calculated meta-features for BTCUSDT (19 features) 
2026-01-02 08:23:20,866 ml_service_v2 INFO 🧙 Consejo v2.1: Calculated meta-features for BTCUSDT (19 features) 
2026-01-02 08:23:20,885 ml_service_v2 INFO 🧙 Consejo v2.1: Calculated meta-features for BTCUSDT (19 features) 
2026-01-02 08:23:20,900 ml_service_v2 INFO 🧙 Consejo v2.1: Calculated meta-features for BTCUSDT (19 features) 
2026-01-02 08:23:20,913 ml_service_v2 INFO 🧙 Consejo v2.1: Calculated meta-features for BTCUSDT (19 features) 
2026-01-02 08:23:20,934 ml_service_v2 INFO 🧙 Consejo v2.1: Calculated meta-features for BTCUSDT (19 features) 
2026-01-02 08:23:20,947 ml_service_v2 INFO 🧙 Consejo v2.1: Calculated meta-features for BTCUSDT (19 features) 
2026-01-02 08:23:20,970 ml_service_v2 INFO 🧙 Consejo v2.1: Calculated meta-features for BTCUSDT (19 features) 
2026-01-02 08:23:20,985 ml_service_v2 INFO 🧙 Consejo v2.1: Calculated meta-features for BTCUSDT (19 features) 
2026-01-02 08:23:21,003 ml_service_v2 INFO 🧙 Consejo v2.1: Calculated meta-features for BTCUSDT (19 features) 
2026-01-02 08:23:21,021 ml_service_v2 INFO 🧙 Consejo v2.1: Calculated meta-features for BTCUSDT (19 features) 
2026-01-02 08:23:21,033 ml_service_v2 INFO 🧙 Consejo v2.1: Calculated meta-features for BTCUSDT (19 features) 
2026-01-02 08:23:21,053 ml_service_v2 INFO 🧙 Consejo v2.1: Calculated meta-features for BTCUSDT (19 features) 
2026-01-02 08:23:21,067 ml_service_v2 INFO 🧙 Consejo v2.1: Calculated meta-features for BTCUSDT (19 features) 
2026-01-02 08:23:21,093 ml_service_v2 INFO 🧙 Consejo v2.1: Calculated meta-features for BTCUSDT (19 features) 
2026-01-02 08:23:21,106 ml_service_v2 INFO 🧙 Consejo v2.1: Calculated meta-features for BTCUSDT (19 features) 
2026-01-02 08:23:21,130 ml_service_v2 INFO 🧙 Consejo v2.1: Calculated meta-features for BTCUSDT (19 features) 
2026-01-02 08:23:21,146 ml_service_v2 INFO 🧙 Consejo v2.1: Calculated meta-features for BTCUSDT (19 features) 
2026-01-02 08:23:21,165 ml_service_v2 INFO 🧙 Consejo v2.1: Calculated meta-features for BTCUSDT (19 features) 
2026-01-02 08:23:21,181 ml_service_v2 INFO 🧙 Consejo v2.1: Calculated meta-features for BTCUSDT (19 features) 
2026-01-02 08:23:21,194 ml_service_v2 INFO 🧙 Consejo v2.1: Calculated meta-features for BTCUSDT (19 features) 
2026-01-02 08:23:21,218 ml_service_v2 INFO 🧙 Consejo v2.1: Calculated meta-features for BTCUSDT (19 features) 
2026-01-02 08:23:21,230 ml_service_v2 INFO 🧙 Consejo v2.1: Calculated meta-features for BTCUSDT (19 features) 
2026-01-02 08:23:21,257 ml_service_v2 INFO 🧙 Consejo v2.1: Calculated meta-features for BTCUSDT (19 features) 
2026-01-02 08:23:21,270 ml_service_v2 INFO 🧙 Consejo v2.1: Calculated meta-features for BTCUSDT (19 features) 
2026-01-02 08:23:21,297 ml_service_v2 INFO 🧙 Consejo v2.1: Calculated meta-features for BTCUSDT (19 features) 
2026-01-02 08:23:21,309 ml_service_v2 INFO 🧙 Consejo v2.1: Calculated meta-features for BTCUSDT (19 features) 
2026-01-02 08:23:21,340 ml_service_v2 INFO 🧙 Consejo v2.1: Calculated meta-features for BTCUSDT (19 features) 
2026-01-02 08:23:21,353 ml_service_v2 INFO 🧙 Consejo v2.1: Calculated meta-features for BTCUSDT (19 features) 
2026-01-02 08:23:21,377 ml_service_v2 INFO 🧙 Consejo v2.1: Calculated meta-features for BTCUSDT (19 features) 
2026-01-02 08:23:21,389 ml_service_v2 INFO 🧙 Consejo v2.1: Calculated meta-features for BTCUSDT (19 features) 
2026-01-02 08:23:21,416 ml_service_v2 INFO 🧙 Consejo v2.1: Calculated meta-features for BTCUSDT (19 features) 
2026-01-02 08:23:21,429 ml_service_v2 INFO 🧙 Consejo v2.1: Calculated meta-features for BTCUSDT (19 features) 
2026-01-02 08:23:21,457 ml_service_v2 INFO 🧙 Consejo v2.1: Calculated meta-features for BTCUSDT (19 features) 
2026-01-02 08:23:21,469 ml_service_v2 INFO 🧙 Consejo v2.1: Calculated meta-features for BTCUSDT (19 features) 
2026-01-02 08:23:21,496 ml_service_v2 INFO 🧙 Consejo v2.1: Calculated meta-features for BTCUSDT (19 features) 
2026-01-02 08:23:21,509 ml_service_v2 INFO 🧙 Consejo v2.1: Calculated meta-features for BTCUSDT (19 features) 
2026-01-02 08:23:21,536 ml_service_v2 INFO 🧙 Consejo v2.1: Calculated meta-features for BTCUSDT (19 features) 
2026-01-02 08:23:21,549 ml_service_v2 INFO 🧙 Consejo v2.1: Calculated meta-features for BTCUSDT (19 features) 
2026-01-02 08:23:21,576 ml_service_v2 INFO 🧙 Consejo v2.1: Calculated meta-features for BTCUSDT (19 features) 
2026-01-02 08:23:21,589 ml_service_v2 INFO 🧙 Consejo v2.1: Calculated meta-features for BTCUSDT (19 features) 
2026-01-02 08:23:21,617 ml_service_v2 INFO 🧙 Consejo v2.1: Calculated meta-features for BTCUSDT (19 features) 
2026-01-02 08:23:21,628 ml_service_v2 INFO 🧙 Consejo v2.1: Calculated meta-features for BTCUSDT (19 features) 
2026-01-02 08:23:21,657 ml_service_v2 INFO 🧙 Consejo v2.1: Calculated meta-features for BTCUSDT (19 features) 
2026-01-02 08:23:21,668 ml_service_v2 INFO 🧙 Consejo v2.1: Calculated meta-features for BTCUSDT (19 features) 
2026-01-02 08:23:21,697 ml_service_v2 INFO 🧙 Consejo v2.1: Calculated meta-features for BTCUSDT (19 features) 
2026-01-02 08:23:21,708 ml_service_v2 INFO 🧙 Consejo v2.1: Calculated meta-features for BTCUSDT (19 features) 
2026-01-02 08:23:21,737 ml_service_v2 INFO 🧙 Consejo v2.1: Calculated meta-features for BTCUSDT (19 features) 
2026-01-02 08:23:21,748 ml_service_v2 INFO 🧙 Consejo v2.1: Calculated meta-features for BTCUSDT (19 features) 
2026-01-02 08:23:21,776 ml_service_v2 INFO 🧙 Consejo v2.1: Calculated meta-features for BTCUSDT (19 features) 
2026-01-02 08:23:21,788 ml_service_v2 INFO 🧙 Consejo v2.1: Calculated meta-features for BTCUSDT (19 features) 
2026-01-02 08:23:21,817 ml_service_v2 INFO 🧙 Consejo v2.1: Calculated meta-features for BTCUSDT (19 features) 
2026-01-02 08:23:21,830 ml_service_v2 INFO 🧙 Consejo v2.1: Calculated meta-features for BTCUSDT (19 features) 
2026-01-02 08:23:21,858 ml_service_v2 INFO 🧙 Consejo v2.1: Calculated meta-features for BTCUSDT (19 features) 
2026-01-02 08:23:21,871 ml_service_v2 INFO 🧙 Consejo v2.1: Calculated meta-features for BTCUSDT (19 features) 
2026-01-02 08:23:21,897 ml_service_v2 INFO 🧙 Consejo v2.1: Calculated meta-features for BTCUSDT (19 features) 
2026-01-02 08:23:21,910 ml_service_v2 INFO 🧙 Consejo v2.1: Calculated meta-features for BTCUSDT (19 features) 
2026-01-02 08:23:21,938 ml_service_v2 INFO 🧙 Consejo v2.1: Calculated meta-features for BTCUSDT (19 features) 
2026-01-02 08:23:21,951 ml_service_v2 INFO 🧙 Consejo v2.1: Calculated meta-features for BTCUSDT (19 features) 
2026-01-02 08:23:21,978 ml_service_v2 INFO 🧙 Consejo v2.1: Calculated meta-features for BTCUSDT (19 features) 
2026-01-02 08:23:21,992 ml_service_v2 INFO 🧙 Consejo v2.1: Calculated meta-features for BTCUSDT (19 features) 
2026-01-02 08:23:22,018 ml_service_v2 INFO 🧙 Consejo v2.1: Calculated meta-features for BTCUSDT (19 features) 
2026-01-02 08:23:22,031 ml_service_v2 INFO 🧙 Consejo v2.1: Calculated meta-features for BTCUSDT (19 features) 
2026-01-02 08:23:22,058 ml_service_v2 INFO 🧙 Consejo v2.1: Calculated meta-features for BTCUSDT (19 features) 
2026-01-02 08:23:22,071 ml_service_v2 INFO 🧙 Consejo v2.1: Calculated meta-features for BTCUSDT (19 features) 
2026-01-02 08:23:22,098 ml_service_v2 INFO 🧙 Consejo v2.1: Calculated meta-features for BTCUSDT (19 features) 
2026-01-02 08:23:22,111 ml_service_v2 INFO 🧙 Consejo v2.1: Calculated meta-features for BTCUSDT (19 features) 
2026-01-02 08:23:22,138 ml_service_v2 INFO 🧙 Consejo v2.1: Calculated meta-features for BTCUSDT (19 features) 
2026-01-02 08:23:22,151 ml_service_v2 INFO 🧙 Consejo v2.1: Calculated meta-features for BTCUSDT (19 features) 
2026-01-02 08:23:22,179 ml_service_v2 INFO 🧙 Consejo v2.1: Calculated meta-features for BTCUSDT (19 features) 
2026-01-02 08:23:22,192 ml_service_v2 INFO 🧙 Consejo v2.1: Calculated meta-features for BTCUSDT (19 features) 
2026-01-02 08:23:22,218 ml_service_v2 INFO 🧙 Consejo v2.1: Calculated meta-features for BTCUSDT (19 features) 
2026-01-02 08:23:22,231 ml_service_v2 INFO 🧙 Consejo v2.1: Calculated meta-features for BTCUSDT (19 features) 
2026-01-02 08:23:22,258 ml_service_v2 INFO 🧙 Consejo v2.1: Calculated meta-features for BTCUSDT (19 features) 
2026-01-02 08:23:22,271 ml_service_v2 INFO 🧙 Consejo v2.1: Calculated meta-features for BTCUSDT (19 features) 
2026-01-02 08:23:22,297 ml_service_v2 INFO 🧙 Consejo v2.1: Calculated meta-features for BTCUSDT (19 features) 
2026-01-02 08:23:22,310 ml_service_v2 INFO 🧙 Consejo v2.1: Calculated meta-features for BTCUSDT (19 features) 
2026-01-02 08:23:22,337 ml_service_v2 INFO 🧙 Consejo v2.1: Calculated meta-features for BTCUSDT (19 features) 
2026-01-02 08:23:22,350 ml_service_v2 INFO 🧙 Consejo v2.1: Calculated meta-features for BTCUSDT (19 features) 
2026-01-02 08:23:22,378 ml_service_v2 INFO 🧙 Consejo v2.1: Calculated meta-features for BTCUSDT (19 features) 
2026-01-02 08:23:22,390 ml_service_v2 INFO 🧙 Consejo v2.1: Calculated meta-features for BTCUSDT (19 features) 
2026-01-02 08:23:22,418 ml_service_v2 INFO 🧙 Consejo v2.1: Calculated meta-features for BTCUSDT (19 features) 
2026-01-02 08:23:22,431 ml_service_v2 INFO 🧙 Consejo v2.1: Calculated meta-features for BTCUSDT (19 features) 
2026-01-02 08:23:22,458 ml_service_v2 INFO 🧙 Consejo v2.1: Calculated meta-features for BTCUSDT (19 features) 
2026-01-02 08:23:22,471 ml_service_v2 INFO 🧙 Consejo v2.1: Calculated meta-features for BTCUSDT (19 features) 
2026-01-02 08:23:22,498 ml_service_v2 INFO 🧙 Consejo v2.1: Calculated meta-features for BTCUSDT (19 features) 
2026-01-02 08:23:22,511 ml_service_v2 INFO 🧙 Consejo v2.1: Calculated meta-features for BTCUSDT (19 features) 
2026-01-02 08:23:22,537 ml_service_v2 INFO 🧙 Consejo v2.1: Calculated meta-features for BTCUSDT (19 features) 
2026-01-02 08:23:22,551 ml_service_v2 INFO 🧙 Consejo v2.1: Calculated meta-features for BTCUSDT (19 features) 
2026-01-02 08:23:22,578 ml_service_v2 INFO 🧙 Consejo v2.1: Calculated meta-features for BTCUSDT (19 features) 
2026-01-02 08:23:22,592 ml_service_v2 INFO 🧙 Consejo v2.1: Calculated meta-features for BTCUSDT (19 features) 
2026-01-02 08:23:22,619 ml_service_v2 INFO 🧙 Consejo v2.1: Calculated meta-features for BTCUSDT (19 features) 
2026-01-02 08:23:22,636 ml_service_v2 INFO 🧙 Consejo v2.1: Calculated meta-features for BTCUSDT (19 features) 
2026-01-02 08:23:22,659 ml_service_v2 INFO 🧙 Consejo v2.1: Calculated meta-features for BTCUSDT (19 features) 
2026-01-02 08:23:22,672 ml_service_v2 INFO 🧙 Consejo v2.1: Calculated meta-features for BTCUSDT (19 features) 
2026-01-02 08:23:22,698 ml_service_v2 INFO 🧙 Consejo v2.1: Calculated meta-features for BTCUSDT (19 features) 
2026-01-02 08:23:22,711 ml_service_v2 INFO 🧙 Consejo v2.1: Calculated meta-features for BTCUSDT (19 features) 
2026-01-02 08:23:22,743 ml_service_v2 INFO 🧙 Consejo v2.1: Calculated meta-features for BTCUSDT (19 features) 
2026-01-02 08:23:22,757 ml_service_v2 INFO 🧙 Consejo v2.1: Calculated meta-features for BTCUSDT (19 features) 
2026-01-02 08:23:22,779 ml_service_v2 INFO 🧙 Consejo v2.1: Calculated meta-features for BTCUSDT (19 features) 
2026-01-02 08:23:22,792 ml_service_v2 INFO 🧙 Consejo v2.1: Calculated meta-features for BTCUSDT (19 features) 
2026-01-02 08:23:22,816 ml_service_v2 INFO 🧙 Consejo v2.1: Calculated meta-features for BTCUSDT (19 features) 
2026-01-02 08:23:22,829 ml_service_v2 INFO 🧙 Consejo v2.1: Calculated meta-features for BTCUSDT (19 features) 
2026-01-02 08:23:22,856 ml_service_v2 INFO 🧙 Consejo v2.1: Calculated meta-features for BTCUSDT (19 features) 
2026-01-02 08:23:22,868 ml_service_v2 INFO 🧙 Consejo v2.1: Calculated meta-features for BTCUSDT (19 features) 
2026-01-02 08:23:22,896 ml_service_v2 INFO 🧙 Consejo v2.1: Calculated meta-features for BTCUSDT (19 features) 
2026-01-02 08:23:22,909 ml_service_v2 INFO 🧙 Consejo v2.1: Calculated meta-features for BTCUSDT (19 features) 
2026-01-02 08:23:22,932 ml_service_v2 INFO 🧙 Consejo v2.1: Calculated meta-features for BTCUSDT (19 features) 
2026-01-02 08:23:22,946 ml_service_v2 INFO 🧙 Consejo v2.1: Calculated meta-features for BTCUSDT (19 features) 
2026-01-02 08:23:22,960 ml_service_v2 INFO 🧙 Consejo v2.1: Calculated meta-features for BTCUSDT (19 features) 
2026-01-02 08:23:22,980 ml_service_v2 INFO 🧙 Consejo v2.1: Calculated meta-features for BTCUSDT (19 features) 
2026-01-02 08:23:22,993 ml_service_v2 INFO 🧙 Consejo v2.1: Calculated meta-features for BTCUSDT (19 features) 
2026-01-02 08:23:23,016 ml_service_v2 INFO 🧙 Consejo v2.1: Calculated meta-features for BTCUSDT (19 features) 
2026-01-02 08:23:23,029 ml_service_v2 INFO 🧙 Consejo v2.1: Calculated meta-features for BTCUSDT (19 features) 
2026-01-02 08:23:23,051 ml_service_v2 INFO 🧙 Consejo v2.1: Calculated meta-features for BTCUSDT (19 features) 
2026-01-02 08:23:23,066 ml_service_v2 INFO 🧙 Consejo v2.1: Calculated meta-features for BTCUSDT (19 features) 
2026-01-02 08:23:23,080 ml_service_v2 INFO 🧙 Consejo v2.1: Calculated meta-features for BTCUSDT (19 features) 
2026-01-02 08:23:23,101 ml_service_v2 INFO 🧙 Consejo v2.1: Calculated meta-features for BTCUSDT (19 features) 
2026-01-02 08:23:23,116 ml_service_v2 INFO 🧙 Consejo v2.1: Calculated meta-features for BTCUSDT (19 features) 
2026-01-02 08:23:23,140 ml_service_v2 INFO 🧙 Consejo v2.1: Calculated meta-features for BTCUSDT (19 features) 
2026-01-02 08:23:23,152 ml_service_v2 INFO 🧙 Consejo v2.1: Calculated meta-features for BTCUSDT (19 features) 
2026-01-02 08:23:23,172 ml_service_v2 INFO 🧙 Consejo v2.1: Calculated meta-features for BTCUSDT (19 features) 
2026-01-02 08:23:23,186 ml_service_v2 INFO 🧙 Consejo v2.1: Calculated meta-features for BTCUSDT (19 features) 
2026-01-02 08:23:23,199 ml_service_v2 INFO 🧙 Consejo v2.1: Calculated meta-features for BTCUSDT (19 features) 
2026-01-02 08:23:23,220 ml_service_v2 INFO 🧙 Consejo v2.1: Calculated meta-features for BTCUSDT (19 features) 
2026-01-02 08:23:23,232 ml_service_v2 INFO 🧙 Consejo v2.1: Calculated meta-features for BTCUSDT (19 features) 
2026-01-02 08:23:23,247 ml_service_v2 INFO 🧙 Consejo v2.1: Calculated meta-features for BTCUSDT (19 features) 
2026-01-02 08:23:23,261 ml_service_v2 INFO 🧙 Consejo v2.1: Calculated meta-features for BTCUSDT (19 features) 
2026-01-02 08:23:23,274 ml_service_v2 INFO 🧙 Consejo v2.1: Calculated meta-features for BTCUSDT (19 features) 
2026-01-02 08:23:23,297 ml_service_v2 INFO 🧙 Consejo v2.1: Calculated meta-features for BTCUSDT (19 features) 
2026-01-02 08:23:23,309 ml_service_v2 INFO 🧙 Consejo v2.1: Calculated meta-features for BTCUSDT (19 features) 
2026-01-02 08:23:23,341 ml_service_v2 INFO 🧙 Consejo v2.1: Calculated meta-features for BTCUSDT (19 features) 
2026-01-02 08:23:23,354 ml_service_v2 INFO 🧙 Consejo v2.1: Calculated meta-features for BTCUSDT (19 features) 
2026-01-02 08:23:23,378 ml_service_v2 INFO 🧙 Consejo v2.1: Calculated meta-features for BTCUSDT (19 features) 
2026-01-02 08:23:23,390 ml_service_v2 INFO 🧙 Consejo v2.1: Calculated meta-features for BTCUSDT (19 features) 
2026-01-02 08:23:23,413 ml_service_v2 INFO 🧙 Consejo v2.1: Calculated meta-features for BTCUSDT (19 features) 
2026-01-02 08:23:23,426 ml_service_v2 INFO 🧙 Consejo v2.1: Calculated meta-features for BTCUSDT (19 features) 
2026-01-02 08:23:23,439 ml_service_v2 INFO 🧙 Consejo v2.1: Calculated meta-features for BTCUSDT (19 features) 
2026-01-02 08:23:23,460 ml_service_v2 INFO 🧙 Consejo v2.1: Calculated meta-features for BTCUSDT (19 features) 
2026-01-02 08:23:23,472 ml_service_v2 INFO 🧙 Consejo v2.1: Calculated meta-features for BTCUSDT (19 features) 
2026-01-02 08:23:23,488 ml_service_v2 INFO 🧙 Consejo v2.1: Calculated meta-features for BTCUSDT (19 features) 
2026-01-02 08:23:23,504 ml_service_v2 INFO 🧙 Consejo v2.1: Calculated meta-features for BTCUSDT (19 features) 
2026-01-02 08:23:23,517 ml_service_v2 INFO 🧙 Consejo v2.1: Calculated meta-features for BTCUSDT (19 features) 
2026-01-02 08:23:23,540 ml_service_v2 INFO 🧙 Consejo v2.1: Calculated meta-features for BTCUSDT (19 features) 
2026-01-02 08:23:23,553 ml_service_v2 INFO 🧙 Consejo v2.1: Calculated meta-features for BTCUSDT (19 features) 
2026-01-02 08:23:23,573 ml_service_v2 INFO 🧙 Consejo v2.1: Calculated meta-features for BTCUSDT (19 features) 
2026-01-02 08:23:23,587 ml_service_v2 INFO 🧙 Consejo v2.1: Calculated meta-features for BTCUSDT (19 features) 
2026-01-02 08:23:23,620 ml_service_v2 INFO 🧙 Consejo v2.1: Calculated meta-features for BTCUSDT (19 features) 
2026-01-02 08:23:23,633 ml_service_v2 INFO 🧙 Consejo v2.1: Calculated meta-features for BTCUSDT (19 features) 
2026-01-02 08:23:23,654 ml_service_v2 INFO 🧙 Consejo v2.1: Calculated meta-features for BTCUSDT (19 features) 
2026-01-02 08:23:23,666 ml_service_v2 INFO 🧙 Consejo v2.1: Calculated meta-features for BTCUSDT (19 features) 
2026-01-02 08:23:23,682 ml_service_v2 INFO 🧙 Consejo v2.1: Calculated meta-features for BTCUSDT (19 features) 
2026-01-02 08:23:23,701 ml_service_v2 INFO 🧙 Consejo v2.1: Calculated meta-features for BTCUSDT (19 features) 
2026-01-02 08:23:23,714 ml_service_v2 INFO 🧙 Consejo v2.1: Calculated meta-features for BTCUSDT (19 features) 
2026-01-02 08:23:23,735 ml_service_v2 INFO 🧙 Consejo v2.1: Calculated meta-features for BTCUSDT (19 features) 
2026-01-02 08:23:23,747 ml_service_v2 INFO 🧙 Consejo v2.1: Calculated meta-features for BTCUSDT (19 features) 
2026-01-02 08:23:23,763 ml_service_v2 INFO 🧙 Consejo v2.1: Calculated meta-features for BTCUSDT (19 features) 
2026-01-02 08:23:23,783 ml_service_v2 INFO 🧙 Consejo v2.1: Calculated meta-features for BTCUSDT (19 features) 
2026-01-02 08:23:23,796 ml_service_v2 INFO 🧙 Consejo v2.1: Calculated meta-features for BTCUSDT (19 features) 
2026-01-02 08:23:23,832 ml_service_v2 INFO 🧙 Consejo v2.1: Calculated meta-features for BTCUSDT (19 features) 
2026-01-02 08:23:23,846 ml_service_v2 INFO 🧙 Consejo v2.1: Calculated meta-features for BTCUSDT (19 features) 
2026-01-02 08:23:23,863 ml_service_v2 INFO 🧙 Consejo v2.1: Calculated meta-features for BTCUSDT (19 features) 
2026-01-02 08:23:23,876 ml_service_v2 INFO 🧙 Consejo v2.1: Calculated meta-features for BTCUSDT (19 features) 
2026-01-02 08:23:23,901 ml_service_v2 INFO 🧙 Consejo v2.1: Calculated meta-features for BTCUSDT (19 features) 
2026-01-02 08:23:23,913 ml_service_v2 INFO 🧙 Consejo v2.1: Calculated meta-features for BTCUSDT (19 features) 
2026-01-02 08:23:23,926 ml_service_v2 INFO 🧙 Consejo v2.1: Calculated meta-features for BTCUSDT (19 features) 
2026-01-02 08:23:23,946 ml_service_v2 INFO 🧙 Consejo v2.1: Calculated meta-features for BTCUSDT (19 features) 
2026-01-02 08:23:23,962 ml_service_v2 INFO 🧙 Consejo v2.1: Calculated meta-features for BTCUSDT (19 features) 
2026-01-02 08:23:23,986 ml_service_v2 INFO 🧙 Consejo v2.1: Calculated meta-features for BTCUSDT (19 features) 
2026-01-02 08:23:24,006 ml_service_v2 INFO 🧙 Consejo v2.1: Calculated meta-features for BTCUSDT (19 features) 
2026-01-02 08:23:24,025 ml_service_v2 INFO 🧙 Consejo v2.1: Calculated meta-features for BTCUSDT (19 features) 
2026-01-02 08:23:24,042 ml_service_v2 INFO 🧙 Consejo v2.1: Calculated meta-features for BTCUSDT (19 features) 
2026-01-02 08:23:24,067 ml_service_v2 INFO 🧙 Consejo v2.1: Calculated meta-features for BTCUSDT (19 features) 
2026-01-02 08:23:24,084 ml_service_v2 INFO 🧙 Consejo v2.1: Calculated meta-features for BTCUSDT (19 features) 
2026-01-02 08:23:24,103 ml_service_v2 INFO 🧙 Consejo v2.1: Calculated meta-features for BTCUSDT (19 features) 
2026-01-02 08:23:24,116 ml_service_v2 INFO 🧙 Consejo v2.1: Calculated meta-features for BTCUSDT (19 features) 
2026-01-02 08:23:24,136 ml_service_v2 INFO 🧙 Consejo v2.1: Calculated meta-features for BTCUSDT (19 features) 
2026-01-02 08:23:24,150 ml_service_v2 INFO 🧙 Consejo v2.1: Calculated meta-features for BTCUSDT (19 features) 
2026-01-02 08:23:24,165 ml_service_v2 INFO 🧙 Consejo v2.1: Calculated meta-features for BTCUSDT (19 features) 
2026-01-02 08:23:24,185 ml_service_v2 INFO 🧙 Consejo v2.1: Calculated meta-features for BTCUSDT (19 features) 
2026-01-02 08:23:24,199 ml_service_v2 INFO 🧙 Consejo v2.1: Calculated meta-features for BTCUSDT (19 features) 
2026-01-02 08:23:24,223 ml_service_v2 INFO 🧙 Consejo v2.1: Calculated meta-features for BTCUSDT (19 features) 
2026-01-02 08:23:24,236 ml_service_v2 INFO 🧙 Consejo v2.1: Calculated meta-features for BTCUSDT (19 features) 
2026-01-02 08:23:24,261 ml_service_v2 INFO 🧙 Consejo v2.1: Calculated meta-features for BTCUSDT (19 features) 
2026-01-02 08:23:24,274 ml_service_v2 INFO 🧙 Consejo v2.1: Calculated meta-features for BTCUSDT (19 features) 
2026-01-02 08:23:24,310 ml_service_v2 INFO 🧙 Consejo v2.1: Calculated meta-features for BTCUSDT (19 features) 
2026-01-02 08:23:24,324 ml_service_v2 INFO 🧙 Consejo v2.1: Calculated meta-features for BTCUSDT (19 features) 
2026-01-02 08:23:24,343 ml_service_v2 INFO 🧙 Consejo v2.1: Calculated meta-features for BTCUSDT (19 features) 
2026-01-02 08:23:24,356 ml_service_v2 INFO 🧙 Consejo v2.1: Calculated meta-features for BTCUSDT (19 features) 
2026-01-02 08:23:24,381 ml_service_v2 INFO 🧙 Consejo v2.1: Calculated meta-features for BTCUSDT (19 features) 
2026-01-02 08:23:24,394 ml_service_v2 INFO 🧙 Consejo v2.1: Calculated meta-features for BTCUSDT (19 features) 
2026-01-02 08:23:24,407 ml_service_v2 INFO 🧙 Consejo v2.1: Calculated meta-features for BTCUSDT (19 features) 
2026-01-02 08:23:24,426 ml_service_v2 INFO 🧙 Consejo v2.1: Calculated meta-features for BTCUSDT (19 features) 
2026-01-02 08:23:24,440 ml_service_v2 INFO 🧙 Consejo v2.1: Calculated meta-features for BTCUSDT (19 features) 
2026-01-02 08:23:24,463 ml_service_v2 INFO 🧙 Consejo v2.1: Calculated meta-features for BTCUSDT (19 features) 
2026-01-02 08:23:24,477 ml_service_v2 INFO 🧙 Consejo v2.1: Calculated meta-features for BTCUSDT (19 features) 
2026-01-02 08:23:24,501 ml_service_v2 INFO 🧙 Consejo v2.1: Calculated meta-features for BTCUSDT (19 features) 
2026-01-02 08:23:24,515 ml_service_v2 INFO 🧙 Consejo v2.1: Calculated meta-features for BTCUSDT (19 features) 
2026-01-02 08:23:24,549 ml_service_v2 INFO 🧙 Consejo v2.1: Calculated meta-features for BTCUSDT (19 features) 
2026-01-02 08:23:24,565 ml_service_v2 INFO 🧙 Consejo v2.1: Calculated meta-features for BTCUSDT (19 features) 
2026-01-02 08:23:24,585 ml_service_v2 INFO 🧙 Consejo v2.1: Calculated meta-features for BTCUSDT (19 features) 
2026-01-02 08:23:24,599 ml_service_v2 INFO 🧙 Consejo v2.1: Calculated meta-features for BTCUSDT (19 features) 
2026-01-02 08:23:24,623 ml_service_v2 INFO 🧙 Consejo v2.1: Calculated meta-features for BTCUSDT (19 features) 
2026-01-02 08:23:24,636 ml_service_v2 INFO 🧙 Consejo v2.1: Calculated meta-features for BTCUSDT (19 features) 
2026-01-02 08:23:24,661 ml_service_v2 INFO 🧙 Consejo v2.1: Calculated meta-features for BTCUSDT (19 features) 
2026-01-02 08:23:24,674 ml_service_v2 INFO 🧙 Consejo v2.1: Calculated meta-features for BTCUSDT (19 features) 
2026-01-02 08:23:24,695 ml_service_v2 INFO 🧙 Consejo v2.1: Calculated meta-features for BTCUSDT (19 features) 
2026-01-02 08:23:24,708 ml_service_v2 INFO 🧙 Consejo v2.1: Calculated meta-features for BTCUSDT (19 features) 
2026-01-02 08:23:24,725 ml_service_v2 INFO 🧙 Consejo v2.1: Calculated meta-features for BTCUSDT (19 features) 
2026-01-02 08:23:24,743 ml_service_v2 INFO 🧙 Consejo v2.1: Calculated meta-features for BTCUSDT (19 features) 
2026-01-02 08:23:24,756 ml_service_v2 INFO 🧙 Consejo v2.1: Calculated meta-features for BTCUSDT (19 features) 
2026-01-02 08:23:24,780 ml_service_v2 INFO 🧙 Consejo v2.1: Calculated meta-features for BTCUSDT (19 features) 
2026-01-02 08:23:24,792 ml_service_v2 INFO 🧙 Consejo v2.1: Calculated meta-features for BTCUSDT (19 features) 
2026-01-02 08:23:24,805 ml_service_v2 INFO 🧙 Consejo v2.1: Calculated meta-features for BTCUSDT (19 features) 
2026-01-02 08:23:24,824 ml_service_v2 INFO 🧙 Consejo v2.1: Calculated meta-features for BTCUSDT (19 features) 
2026-01-02 08:23:24,836 ml_service_v2 INFO 🧙 Consejo v2.1: Calculated meta-features for BTCUSDT (19 features) 
2026-01-02 08:23:24,860 ml_service_v2 INFO 🧙 Consejo v2.1: Calculated meta-features for BTCUSDT (19 features) 
2026-01-02 08:23:24,873 ml_service_v2 INFO 🧙 Consejo v2.1: Calculated meta-features for BTCUSDT (19 features) 
2026-01-02 08:23:24,885 ml_service_v2 INFO 🧙 Consejo v2.1: Calculated meta-features for BTCUSDT (19 features) 
2026-01-02 08:23:24,904 ml_service_v2 INFO 🧙 Consejo v2.1: Calculated meta-features for BTCUSDT (19 features) 
2026-01-02 08:23:24,916 ml_service_v2 INFO 🧙 Consejo v2.1: Calculated meta-features for BTCUSDT (19 features) 
2026-01-02 08:23:24,940 ml_service_v2 INFO 🧙 Consejo v2.1: Calculated meta-features for BTCUSDT (19 features) 
2026-01-02 08:23:24,952 ml_service_v2 INFO 🧙 Consejo v2.1: Calculated meta-features for BTCUSDT (19 features) 
2026-01-02 08:23:24,965 ml_service_v2 INFO 🧙 Consejo v2.1: Calculated meta-features for BTCUSDT (19 features) 
2026-01-02 08:23:24,983 ml_service_v2 INFO 🧙 Consejo v2.1: Calculated meta-features for BTCUSDT (19 features) 
2026-01-02 08:23:25,002 ml_service_v2 INFO 🧙 Consejo v2.1: Calculated meta-features for BTCUSDT (19 features) 
2026-01-02 08:23:25,023 ml_service_v2 INFO 🧙 Consejo v2.1: Calculated meta-features for BTCUSDT (19 features) 
2026-01-02 08:23:25,035 ml_service_v2 INFO 🧙 Consejo v2.1: Calculated meta-features for BTCUSDT (19 features) 
2026-01-02 08:23:25,056 ml_service_v2 INFO 🧙 Consejo v2.1: Calculated meta-features for BTCUSDT (19 features) 
2026-01-02 08:23:25,068 ml_service_v2 INFO 🧙 Consejo v2.1: Calculated meta-features for BTCUSDT (19 features) 
2026-01-02 08:23:25,083 ml_service_v2 INFO 🧙 Consejo v2.1: Calculated meta-features for BTCUSDT (19 features) 
2026-01-02 08:23:25,103 ml_service_v2 INFO 🧙 Consejo v2.1: Calculated meta-features for BTCUSDT (19 features) 
2026-01-02 08:23:25,116 ml_service_v2 INFO 🧙 Consejo v2.1: Calculated meta-features for BTCUSDT (19 features) 
2026-01-02 08:23:25,139 ml_service_v2 INFO 🧙 Consejo v2.1: Calculated meta-features for BTCUSDT (19 features) 
2026-01-02 08:23:25,151 ml_service_v2 INFO 🧙 Consejo v2.1: Calculated meta-features for BTCUSDT (19 features) 
2026-01-02 08:23:25,164 ml_service_v2 INFO 🧙 Consejo v2.1: Calculated meta-features for BTCUSDT (19 features) 
2026-01-02 08:23:25,184 ml_service_v2 INFO 🧙 Consejo v2.1: Calculated meta-features for BTCUSDT (19 features) 
2026-01-02 08:23:25,196 ml_service_v2 INFO 🧙 Consejo v2.1: Calculated meta-features for BTCUSDT (19 features) 
2026-01-02 08:23:25,215 ml_service_v2 INFO 🧙 Consejo v2.1: Calculated meta-features for BTCUSDT (19 features) 
2026-01-02 08:23:25,228 ml_service_v2 INFO 🧙 Consejo v2.1: Calculated meta-features for BTCUSDT (19 features) 
2026-01-02 08:23:25,244 ml_service_v2 INFO 🧙 Consejo v2.1: Calculated meta-features for BTCUSDT (19 features) 
2026-01-02 08:23:25,263 ml_service_v2 INFO 🧙 Consejo v2.1: Calculated meta-features for BTCUSDT (19 features) 
2026-01-02 08:23:25,276 ml_service_v2 INFO 🧙 Consejo v2.1: Calculated meta-features for BTCUSDT (19 features) 
2026-01-02 08:23:25,289 ml_service_v2 INFO 🧙 Consejo v2.1: Calculated meta-features for BTCUSDT (19 features) 
2026-01-02 08:23:25,307 ml_service_v2 INFO 🧙 Consejo v2.1: Calculated meta-features for BTCUSDT (19 features) 
2026-01-02 08:23:25,322 ml_service_v2 INFO 🧙 Consejo v2.1: Calculated meta-features for BTCUSDT (19 features) 
2026-01-02 08:23:25,343 ml_service_v2 INFO 🧙 Consejo v2.1: Calculated meta-features for BTCUSDT (19 features) 
2026-01-02 08:23:25,356 ml_service_v2 INFO 🧙 Consejo v2.1: Calculated meta-features for BTCUSDT (19 features) 
2026-01-02 08:23:25,371 ml_service_v2 INFO 🧙 Consejo v2.1: Calculated meta-features for BTCUSDT (19 features) 
2026-01-02 08:23:25,387 ml_service_v2 INFO 🧙 Consejo v2.1: Calculated meta-features for BTCUSDT (19 features) 
2026-01-02 08:23:25,402 ml_service_v2 INFO 🧙 Consejo v2.1: Calculated meta-features for BTCUSDT (19 features) 
2026-01-02 08:23:25,424 ml_service_v2 INFO 🧙 Consejo v2.1: Calculated meta-features for BTCUSDT (19 features) 
2026-01-02 08:23:25,436 ml_service_v2 INFO 🧙 Consejo v2.1: Calculated meta-features for BTCUSDT (19 features) 
2026-01-02 08:23:25,451 ml_service_v2 INFO 🧙 Consejo v2.1: Calculated meta-features for BTCUSDT (19 features) 
2026-01-02 08:23:25,467 ml_service_v2 INFO 🧙 Consejo v2.1: Calculated meta-features for BTCUSDT (19 features) 
2026-01-02 08:23:25,480 ml_service_v2 INFO 🧙 Consejo v2.1: Calculated meta-features for BTCUSDT (19 features) 
2026-01-02 08:23:25,503 ml_service_v2 INFO 🧙 Consejo v2.1: Calculated meta-features for BTCUSDT (19 features) 
2026-01-02 08:23:25,516 ml_service_v2 INFO 🧙 Consejo v2.1: Calculated meta-features for BTCUSDT (19 features) 
2026-01-02 08:23:25,531 ml_service_v2 INFO 🧙 Consejo v2.1: Calculated meta-features for BTCUSDT (19 features) 
2026-01-02 08:23:25,545 ml_service_v2 INFO 🧙 Consejo v2.1: Calculated meta-features for BTCUSDT (19 features) 
2026-01-02 08:23:25,557 ml_service_v2 INFO 🧙 Consejo v2.1: Calculated meta-features for BTCUSDT (19 features) 
2026-01-02 08:23:25,577 ml_service_v2 INFO 🧙 Consejo v2.1: Calculated meta-features for BTCUSDT (19 features) 
2026-01-02 08:23:25,589 ml_service_v2 INFO 🧙 Consejo v2.1: Calculated meta-features for BTCUSDT (19 features) 
2026-01-02 08:23:25,605 ml_service_v2 INFO 🧙 Consejo v2.1: Calculated meta-features for BTCUSDT (19 features) 
2026-01-02 08:23:25,625 ml_service_v2 INFO 🧙 Consejo v2.1: Calculated meta-features for BTCUSDT (19 features) 
2026-01-02 08:23:25,637 ml_service_v2 INFO 🧙 Consejo v2.1: Calculated meta-features for BTCUSDT (19 features) 
2026-01-02 08:23:25,656 ml_service_v2 INFO 🧙 Consejo v2.1: Calculated meta-features for BTCUSDT (19 features) 
2026-01-02 08:23:25,671 ml_service_v2 INFO 🧙 Consejo v2.1: Calculated meta-features for BTCUSDT (19 features) 
2026-01-02 08:23:25,685 ml_service_v2 INFO 🧙 Consejo v2.1: Calculated meta-features for BTCUSDT (19 features) 
2026-01-02 08:23:25,705 ml_service_v2 INFO 🧙 Consejo v2.1: Calculated meta-features for BTCUSDT (19 features) 
2026-01-02 08:23:25,718 ml_service_v2 INFO 🧙 Consejo v2.1: Calculated meta-features for BTCUSDT (19 features) 
2026-01-02 08:23:25,732 ml_service_v2 INFO 🧙 Consejo v2.1: Calculated meta-features for BTCUSDT (19 features) 
2026-01-02 08:23:25,749 ml_service_v2 INFO 🧙 Consejo v2.1: Calculated meta-features for BTCUSDT (19 features) 
2026-01-02 08:23:25,764 ml_service_v2 INFO 🧙 Consejo v2.1: Calculated meta-features for BTCUSDT (19 features) 
2026-01-02 08:23:25,786 ml_service_v2 INFO 🧙 Consejo v2.1: Calculated meta-features for BTCUSDT (19 features) 
2026-01-02 08:23:25,800 ml_service_v2 INFO 🧙 Consejo v2.1: Calculated meta-features for BTCUSDT (19 features) 
2026-01-02 08:23:25,825 ml_service_v2 INFO 🧙 Consejo v2.1: Calculated meta-features for BTCUSDT (19 features) 
2026-01-02 08:23:25,839 ml_service_v2 INFO 🧙 Consejo v2.1: Calculated meta-features for BTCUSDT (19 features) 
2026-01-02 08:23:25,864 ml_service_v2 INFO 🧙 Consejo v2.1: Calculated meta-features for BTCUSDT (19 features) 
2026-01-02 08:23:25,877 ml_service_v2 INFO 🧙 Consejo v2.1: Calculated meta-features for BTCUSDT (19 features) 
2026-01-02 08:23:25,890 ml_service_v2 INFO 🧙 Consejo v2.1: Calculated meta-features for BTCUSDT (19 features) 
2026-01-02 08:23:25,909 ml_service_v2 INFO 🧙 Consejo v2.1: Calculated meta-features for BTCUSDT (19 features) 
2026-01-02 08:23:25,926 ml_service_v2 INFO 🧙 Consejo v2.1: Calculated meta-features for BTCUSDT (19 features) 
2026-01-02 08:23:25,946 ml_service_v2 INFO 🧙 Consejo v2.1: Calculated meta-features for BTCUSDT (19 features) 
2026-01-02 08:23:25,960 ml_service_v2 INFO 🧙 Consejo v2.1: Calculated meta-features for BTCUSDT (19 features) 
2026-01-02 08:23:25,986 ml_service_v2 INFO 🧙 Consejo v2.1: Calculated meta-features for BTCUSDT (19 features) 
2026-01-02 08:23:25,999 ml_service_v2 INFO 🧙 Consejo v2.1: Calculated meta-features for BTCUSDT (19 features) 
2026-01-02 08:23:26,023 ml_service_v2 INFO 🧙 Consejo v2.1: Calculated meta-features for BTCUSDT (19 features) 
2026-01-02 08:23:26,036 ml_service_v2 INFO 🧙 Consejo v2.1: Calculated meta-features for BTCUSDT (19 features) 
2026-01-02 08:23:26,048 ml_service_v2 INFO 🧙 Consejo v2.1: Calculated meta-features for BTCUSDT (19 features) 
2026-01-02 08:23:26,067 ml_service_v2 INFO 🧙 Consejo v2.1: Calculated meta-features for BTCUSDT (19 features) 
2026-01-02 08:23:26,084 ml_service_v2 INFO 🧙 Consejo v2.1: Calculated meta-features for BTCUSDT (19 features) 
2026-01-02 08:23:26,107 ml_service_v2 INFO 🧙 Consejo v2.1: Calculated meta-features for BTCUSDT (19 features) 
2026-01-02 08:23:26,123 ml_service_v2 INFO 🧙 Consejo v2.1: Calculated meta-features for BTCUSDT (19 features) 
2026-01-02 08:23:26,147 ml_service_v2 INFO 🧙 Consejo v2.1: Calculated meta-features for BTCUSDT (19 features) 
2026-01-02 08:23:26,161 ml_service_v2 INFO 🧙 Consejo v2.1: Calculated meta-features for BTCUSDT (19 features) 
2026-01-02 08:23:26,186 ml_service_v2 INFO 🧙 Consejo v2.1: Calculated meta-features for BTCUSDT (19 features) 
2026-01-02 08:23:26,200 ml_service_v2 INFO 🧙 Consejo v2.1: Calculated meta-features for BTCUSDT (19 features) 
2026-01-02 08:23:26,225 ml_service_v2 INFO 🧙 Consejo v2.1: Calculated meta-features for BTCUSDT (19 features) 
2026-01-02 08:23:26,238 ml_service_v2 INFO 🧙 Consejo v2.1: Calculated meta-features for BTCUSDT (19 features) 
2026-01-02 08:23:26,259 ml_service_v2 INFO 🧙 Consejo v2.1: Calculated meta-features for BTCUSDT (19 features) 
2026-01-02 08:23:26,273 ml_service_v2 INFO 🧙 Consejo v2.1: Calculated meta-features for BTCUSDT (19 features) 
2026-01-02 08:23:26,285 ml_service_v2 INFO 🧙 Consejo v2.1: Calculated meta-features for BTCUSDT (19 features) 
2026-01-02 08:23:26,306 ml_service_v2 INFO 🧙 Consejo v2.1: Calculated meta-features for BTCUSDT (19 features) 
2026-01-02 08:23:26,321 ml_service_v2 INFO 🧙 Consejo v2.1: Calculated meta-features for BTCUSDT (19 features) 
2026-01-02 08:23:26,346 ml_service_v2 INFO 🧙 Consejo v2.1: Calculated meta-features for BTCUSDT (19 features) 
2026-01-02 08:23:26,363 ml_service_v2 INFO 🧙 Consejo v2.1: Calculated meta-features for BTCUSDT (19 features) 
2026-01-02 08:23:26,386 ml_service_v2 INFO 🧙 Consejo v2.1: Calculated meta-features for BTCUSDT (19 features) 
2026-01-02 08:23:26,401 ml_service_v2 INFO 🧙 Consejo v2.1: Calculated meta-features for BTCUSDT (19 features) 
2026-01-02 08:23:26,425 ml_service_v2 INFO 🧙 Consejo v2.1: Calculated meta-features for BTCUSDT (19 features) 
2026-01-02 08:23:26,440 ml_service_v2 INFO 🧙 Consejo v2.1: Calculated meta-features for BTCUSDT (19 features) 
2026-01-02 08:23:26,465 ml_service_v2 INFO 🧙 Consejo v2.1: Calculated meta-features for BTCUSDT (19 features) 
2026-01-02 08:23:26,479 ml_service_v2 INFO 🧙 Consejo v2.1: Calculated meta-features for BTCUSDT (19 features) 
2026-01-02 08:23:26,500 ml_service_v2 INFO 🧙 Consejo v2.1: Calculated meta-features for BTCUSDT (19 features) 
2026-01-02 08:23:26,514 ml_service_v2 INFO 🧙 Consejo v2.1: Calculated meta-features for BTCUSDT (19 features) 
2026-01-02 08:23:26,527 ml_service_v2 INFO 🧙 Consejo v2.1: Calculated meta-features for BTCUSDT (19 features) 
2026-01-02 08:23:26,547 ml_service_v2 INFO 🧙 Consejo v2.1: Calculated meta-features for BTCUSDT (19 features) 
2026-01-02 08:23:26,564 ml_service_v2 INFO 🧙 Consejo v2.1: Calculated meta-features for BTCUSDT (19 features) 
2026-01-02 08:23:26,589 ml_service_v2 INFO 🧙 Consejo v2.1: Calculated meta-features for BTCUSDT (19 features) 
2026-01-02 08:23:26,605 ml_service_v2 INFO 🧙 Consejo v2.1: Calculated meta-features for BTCUSDT (19 features) 
2026-01-02 08:23:26,628 ml_service_v2 INFO 🧙 Consejo v2.1: Calculated meta-features for BTCUSDT (19 features) 
2026-01-02 08:23:26,645 ml_service_v2 INFO 🧙 Consejo v2.1: Calculated meta-features for BTCUSDT (19 features) 
2026-01-02 08:23:26,667 ml_service_v2 INFO 🧙 Consejo v2.1: Calculated meta-features for BTCUSDT (19 features) 
2026-01-02 08:23:26,683 ml_service_v2 INFO 🧙 Consejo v2.1: Calculated meta-features for BTCUSDT (19 features) 
2026-01-02 08:23:26,707 ml_service_v2 INFO 🧙 Consejo v2.1: Calculated meta-features for BTCUSDT (19 features) 
2026-01-02 08:23:26,723 ml_service_v2 INFO 🧙 Consejo v2.1: Calculated meta-features for BTCUSDT (19 features) 
2026-01-02 08:23:26,747 ml_service_v2 INFO 🧙 Consejo v2.1: Calculated meta-features for BTCUSDT (19 features) 
2026-01-02 08:23:26,763 ml_service_v2 INFO 🧙 Consejo v2.1: Calculated meta-features for BTCUSDT (19 features) 
2026-01-02 08:23:26,788 ml_service_v2 INFO 🧙 Consejo v2.1: Calculated meta-features for BTCUSDT (19 features) 
2026-01-02 08:23:26,803 ml_service_v2 INFO 🧙 Consejo v2.1: Calculated meta-features for BTCUSDT (19 features) 
2026-01-02 08:23:26,829 ml_service_v2 INFO 🧙 Consejo v2.1: Calculated meta-features for BTCUSDT (19 features) 
2026-01-02 08:23:26,845 ml_service_v2 INFO 🧙 Consejo v2.1: Calculated meta-features for BTCUSDT (19 features) 
2026-01-02 08:23:26,867 ml_service_v2 INFO 🧙 Consejo v2.1: Calculated meta-features for BTCUSDT (19 features) 
2026-01-02 08:23:26,883 ml_service_v2 INFO 🧙 Consejo v2.1: Calculated meta-features for BTCUSDT (19 features) 
2026-01-02 08:23:26,907 ml_service_v2 INFO 🧙 Consejo v2.1: Calculated meta-features for BTCUSDT (19 features) 
2026-01-02 08:23:26,921 ml_service_v2 INFO 🧙 Consejo v2.1: Calculated meta-features for BTCUSDT (19 features) 
2026-01-02 08:23:26,940 ml_service_v2 INFO 🧙 Consejo v2.1: Calculated meta-features for BTCUSDT (19 features) 
2026-01-02 08:23:26,954 ml_service_v2 INFO 🧙 Consejo v2.1: Calculated meta-features for BTCUSDT (19 features) 
2026-01-02 08:23:26,966 ml_service_v2 INFO 🧙 Consejo v2.1: Calculated meta-features for BTCUSDT (19 features) 
2026-01-02 08:23:26,987 ml_service_v2 INFO 🧙 Consejo v2.1: Calculated meta-features for BTCUSDT (19 features) 
2026-01-02 08:23:27,003 ml_service_v2 INFO 🧙 Consejo v2.1: Calculated meta-features for BTCUSDT (19 features) 
2026-01-02 08:23:27,027 ml_service_v2 INFO 🧙 Consejo v2.1: Calculated meta-features for BTCUSDT (19 features) 
2026-01-02 08:23:27,042 ml_service_v2 INFO 🧙 Consejo v2.1: Calculated meta-features for BTCUSDT (19 features) 
2026-01-02 08:23:27,066 ml_service_v2 INFO 🧙 Consejo v2.1: Calculated meta-features for BTCUSDT (19 features) 
2026-01-02 08:23:27,080 ml_service_v2 INFO 🧙 Consejo v2.1: Calculated meta-features for BTCUSDT (19 features) 
2026-01-02 08:23:27,095 ml_service_v2 INFO 🧙 Consejo v2.1: Calculated meta-features for BTCUSDT (19 features) 
2026-01-02 08:23:27,111 ml_service_v2 INFO 🧙 Consejo v2.1: Calculated meta-features for BTCUSDT (19 features) 
2026-01-02 08:23:27,125 ml_service_v2 INFO 🧙 Consejo v2.1: Calculated meta-features for BTCUSDT (19 features) 
2026-01-02 08:23:27,148 ml_service_v2 INFO 🧙 Consejo v2.1: Calculated meta-features for BTCUSDT (19 features) 
2026-01-02 08:23:27,164 ml_service_v2 INFO 🧙 Consejo v2.1: Calculated meta-features for BTCUSDT (19 features) 
2026-01-02 08:23:27,188 ml_service_v2 INFO 🧙 Consejo v2.1: Calculated meta-features for BTCUSDT (19 features) 
2026-01-02 08:23:27,204 ml_service_v2 INFO 🧙 Consejo v2.1: Calculated meta-features for BTCUSDT (19 features) 
2026-01-02 08:23:27,228 ml_service_v2 INFO 🧙 Consejo v2.1: Calculated meta-features for BTCUSDT (19 features) 
2026-01-02 08:23:27,243 ml_service_v2 INFO 🧙 Consejo v2.1: Calculated meta-features for BTCUSDT (19 features) 
2026-01-02 08:23:27,268 ml_service_v2 INFO 🧙 Consejo v2.1: Calculated meta-features for BTCUSDT (19 features) 
2026-01-02 08:23:27,283 ml_service_v2 INFO 🧙 Consejo v2.1: Calculated meta-features for BTCUSDT (19 features) 
2026-01-02 08:23:27,307 ml_service_v2 INFO 🧙 Consejo v2.1: Calculated meta-features for BTCUSDT (19 features) 
2026-01-02 08:23:27,322 ml_service_v2 INFO 🧙 Consejo v2.1: Calculated meta-features for BTCUSDT (19 features) 
2026-01-02 08:23:27,347 ml_service_v2 INFO 🧙 Consejo v2.1: Calculated meta-features for BTCUSDT (19 features) 
2026-01-02 08:23:27,360 ml_service_v2 INFO 🧙 Consejo v2.1: Calculated meta-features for BTCUSDT (19 features) 
2026-01-02 08:23:27,378 ml_service_v2 INFO 🧙 Consejo v2.1: Calculated meta-features for BTCUSDT (19 features) 
2026-01-02 08:23:27,393 ml_service_v2 INFO 🧙 Consejo v2.1: Calculated meta-features for BTCUSDT (19 features) 
2026-01-02 08:23:27,406 ml_service_v2 INFO 🧙 Consejo v2.1: Calculated meta-features for BTCUSDT (19 features) 
2026-01-02 08:23:27,428 ml_service_v2 INFO 🧙 Consejo v2.1: Calculated meta-features for BTCUSDT (19 features) 
2026-01-02 08:23:27,443 ml_service_v2 INFO 🧙 Consejo v2.1: Calculated meta-features for BTCUSDT (19 features) 
2026-01-02 08:23:27,467 ml_service_v2 INFO 🧙 Consejo v2.1: Calculated meta-features for BTCUSDT (19 features) 
2026-01-02 08:23:27,480 ml_service_v2 INFO 🧙 Consejo v2.1: Calculated meta-features for BTCUSDT (19 features) 
2026-01-02 08:23:27,499 ml_service_v2 INFO 🧙 Consejo v2.1: Calculated meta-features for BTCUSDT (19 features) 
2026-01-02 08:23:27,513 ml_service_v2 INFO 🧙 Consejo v2.1: Calculated meta-features for BTCUSDT (19 features) 
2026-01-02 08:23:27,525 ml_service_v2 INFO 🧙 Consejo v2.1: Calculated meta-features for BTCUSDT (19 features) 
2026-01-02 08:23:27,548 ml_service_v2 INFO 🧙 Consejo v2.1: Calculated meta-features for BTCUSDT (19 features) 
2026-01-02 08:23:27,564 ml_service_v2 INFO 🧙 Consejo v2.1: Calculated meta-features for BTCUSDT (19 features) 
2026-01-02 08:23:27,587 ml_service_v2 INFO 🧙 Consejo v2.1: Calculated meta-features for BTCUSDT (19 features) 
2026-01-02 08:23:27,603 ml_service_v2 INFO 🧙 Consejo v2.1: Calculated meta-features for BTCUSDT (19 features) 
2026-01-02 08:23:27,627 ml_service_v2 INFO 🧙 Consejo v2.1: Calculated meta-features for BTCUSDT (19 features) 
2026-01-02 08:23:27,643 ml_service_v2 INFO 🧙 Consejo v2.1: Calculated meta-features for BTCUSDT (19 features) 
2026-01-02 08:23:27,668 ml_service_v2 INFO 🧙 Consejo v2.1: Calculated meta-features for BTCUSDT (19 features) 
2026-01-02 08:23:27,683 ml_service_v2 INFO 🧙 Consejo v2.1: Calculated meta-features for BTCUSDT (19 features) 
2026-01-02 08:23:27,707 ml_service_v2 INFO 🧙 Consejo v2.1: Calculated meta-features for BTCUSDT (19 features) 
2026-01-02 08:23:27,722 ml_service_v2 INFO 🧙 Consejo v2.1: Calculated meta-features for BTCUSDT (19 features) 
2026-01-02 08:23:27,745 ml_service_v2 INFO 🧙 Consejo v2.1: Calculated meta-features for BTCUSDT (19 features) 
2026-01-02 08:23:27,757 ml_service_v2 INFO 🧙 Consejo v2.1: Calculated meta-features for BTCUSDT (19 features) 
2026-01-02 08:23:27,769 ml_service_v2 INFO 🧙 Consejo v2.1: Calculated meta-features for BTCUSDT (19 features) 
2026-01-02 08:23:27,789 ml_service_v2 INFO 🧙 Consejo v2.1: Calculated meta-features for BTCUSDT (19 features) 
2026-01-02 08:23:27,805 ml_service_v2 INFO 🧙 Consejo v2.1: Calculated meta-features for BTCUSDT (19 features) 
2026-01-02 08:23:27,829 ml_service_v2 INFO 🧙 Consejo v2.1: Calculated meta-features for BTCUSDT (19 features) 
2026-01-02 08:23:27,846 ml_service_v2 INFO 🧙 Consejo v2.1: Calculated meta-features for BTCUSDT (19 features) 
2026-01-02 08:23:27,869 ml_service_v2 INFO 🧙 Consejo v2.1: Calculated meta-features for BTCUSDT (19 features) 
2026-01-02 08:23:27,885 ml_service_v2 INFO 🧙 Consejo v2.1: Calculated meta-features for BTCUSDT (19 features) 
2026-01-02 08:23:27,908 ml_service_v2 INFO 🧙 Consejo v2.1: Calculated meta-features for BTCUSDT (19 features) 
2026-01-02 08:23:27,925 ml_service_v2 INFO 🧙 Consejo v2.1: Calculated meta-features for BTCUSDT (19 features) 
2026-01-02 08:23:27,948 ml_service_v2 INFO 🧙 Consejo v2.1: Calculated meta-features for BTCUSDT (19 features) 
2026-01-02 08:23:27,965 ml_service_v2 INFO 🧙 Consejo v2.1: Calculated meta-features for BTCUSDT (19 features) 
2026-01-02 08:23:27,988 ml_service_v2 INFO 🧙 Consejo v2.1: Calculated meta-features for BTCUSDT (19 features) 
2026-01-02 08:23:28,004 ml_service_v2 INFO 🧙 Consejo v2.1: Calculated meta-features for BTCUSDT (19 features) 
2026-01-02 08:23:28,028 ml_service_v2 INFO 🧙 Consejo v2.1: Calculated meta-features for BTCUSDT (19 features) 
2026-01-02 08:23:28,045 ml_service_v2 INFO 🧙 Consejo v2.1: Calculated meta-features for BTCUSDT (19 features) 
2026-01-02 08:23:28,068 ml_service_v2 INFO 🧙 Consejo v2.1: Calculated meta-features for BTCUSDT (19 features) 
2026-01-02 08:23:28,085 ml_service_v2 INFO 🧙 Consejo v2.1: Calculated meta-features for BTCUSDT (19 features) 
2026-01-02 08:23:28,108 ml_service_v2 INFO 🧙 Consejo v2.1: Calculated meta-features for BTCUSDT (19 features) 
2026-01-02 08:23:28,125 ml_service_v2 INFO 🧙 Consejo v2.1: Calculated meta-features for BTCUSDT (19 features) 
2026-01-02 08:23:28,148 ml_service_v2 INFO 🧙 Consejo v2.1: Calculated meta-features for BTCUSDT (19 features) 
2026-01-02 08:23:28,166 ml_service_v2 INFO 🧙 Consejo v2.1: Calculated meta-features for BTCUSDT (19 features) 
2026-01-02 08:23:28,188 ml_service_v2 INFO 🧙 Consejo v2.1: Calculated meta-features for BTCUSDT (19 features) 
2026-01-02 08:23:28,204 ml_service_v2 INFO 🧙 Consejo v2.1: Calculated meta-features for BTCUSDT (19 features) 
2026-01-02 08:23:28,228 ml_service_v2 INFO 🧙 Consejo v2.1: Calculated meta-features for BTCUSDT (19 features) 
2026-01-02 08:23:28,245 ml_service_v2 INFO 🧙 Consejo v2.1: Calculated meta-features for BTCUSDT (19 features) 
2026-01-02 08:23:28,268 ml_service_v2 INFO 🧙 Consejo v2.1: Calculated meta-features for BTCUSDT (19 features) 
2026-01-02 08:23:28,285 ml_service_v2 INFO 🧙 Consejo v2.1: Calculated meta-features for BTCUSDT (19 features) 
2026-01-02 08:23:28,308 ml_service_v2 INFO 🧙 Consejo v2.1: Calculated meta-features for BTCUSDT (19 features) 
2026-01-02 08:23:28,324 ml_service_v2 INFO 🧙 Consejo v2.1: Calculated meta-features for BTCUSDT (19 features) 
2026-01-02 08:23:28,348 ml_service_v2 INFO 🧙 Consejo v2.1: Calculated meta-features for BTCUSDT (19 features) 
2026-01-02 08:23:28,364 ml_service_v2 INFO 🧙 Consejo v2.1: Calculated meta-features for BTCUSDT (19 features) 
2026-01-02 08:23:28,388 ml_service_v2 INFO 🧙 Consejo v2.1: Calculated meta-features for BTCUSDT (19 features) 
2026-01-02 08:23:28,405 ml_service_v2 INFO 🧙 Consejo v2.1: Calculated meta-features for BTCUSDT (19 features) 
2026-01-02 08:23:28,428 ml_service_v2 INFO 🧙 Consejo v2.1: Calculated meta-features for BTCUSDT (19 features) 
2026-01-02 08:23:28,445 ml_service_v2 INFO 🧙 Consejo v2.1: Calculated meta-features for BTCUSDT (19 features) 
2026-01-02 08:23:28,468 ml_service_v2 INFO 🧙 Consejo v2.1: Calculated meta-features for BTCUSDT (19 features) 
2026-01-02 08:23:28,485 ml_service_v2 INFO 🧙 Consejo v2.1: Calculated meta-features for BTCUSDT (19 features) 
2026-01-02 08:23:28,508 ml_service_v2 INFO 🧙 Consejo v2.1: Calculated meta-features for BTCUSDT (19 features) 
2026-01-02 08:23:28,525 ml_service_v2 INFO 🧙 Consejo v2.1: Calculated meta-features for BTCUSDT (19 features) 
2026-01-02 08:23:28,549 ml_service_v2 INFO 🧙 Consejo v2.1: Calculated meta-features for BTCUSDT (19 features) 
2026-01-02 08:23:28,565 ml_service_v2 INFO 🧙 Consejo v2.1: Calculated meta-features for BTCUSDT (19 features) 
2026-01-02 08:23:28,589 ml_service_v2 INFO 🧙 Consejo v2.1: Calculated meta-features for BTCUSDT (19 features) 
2026-01-02 08:23:28,605 ml_service_v2 INFO 🧙 Consejo v2.1: Calculated meta-features for BTCUSDT (19 features) 
2026-01-02 08:23:28,628 ml_service_v2 INFO 🧙 Consejo v2.1: Calculated meta-features for BTCUSDT (19 features) 
2026-01-02 08:23:28,645 ml_service_v2 INFO 🧙 Consejo v2.1: Calculated meta-features for BTCUSDT (19 features) 
2026-01-02 08:23:28,670 ml_service_v2 INFO 🧙 Consejo v2.1: Calculated meta-features for BTCUSDT (19 features) 
2026-01-02 08:23:28,686 ml_service_v2 INFO 🧙 Consejo v2.1: Calculated meta-features for BTCUSDT (19 features) 
2026-01-02 08:23:28,710 ml_service_v2 INFO 🧙 Consejo v2.1: Calculated meta-features for BTCUSDT (19 features) 
2026-01-02 08:23:28,726 ml_service_v2 INFO 🧙 Consejo v2.1: Calculated meta-features for BTCUSDT (19 features) 
2026-01-02 08:23:28,750 ml_service_v2 INFO 🧙 Consejo v2.1: Calculated meta-features for BTCUSDT (19 features) 
2026-01-02 08:23:28,766 ml_service_v2 INFO 🧙 Consejo v2.1: Calculated meta-features for BTCUSDT (19 features) 
2026-01-02 08:23:28,789 ml_service_v2 INFO 🧙 Consejo v2.1: Calculated meta-features for BTCUSDT (19 features) 
2026-01-02 08:23:28,805 ml_service_v2 INFO 🧙 Consejo v2.1: Calculated meta-features for BTCUSDT (19 features) 
2026-01-02 08:23:28,829 ml_service_v2 INFO 🧙 Consejo v2.1: Calculated meta-features for BTCUSDT (19 features) 
2026-01-02 08:23:28,844 ml_service_v2 INFO 🧙 Consejo v2.1: Calculated meta-features for BTCUSDT (19 features) 
2026-01-02 08:23:28,868 ml_service_v2 INFO 🧙 Consejo v2.1: Calculated meta-features for BTCUSDT (19 features) 
2026-01-02 08:23:28,884 ml_service_v2 INFO 🧙 Consejo v2.1: Calculated meta-features for BTCUSDT (19 features) 
2026-01-02 08:23:28,907 ml_service_v2 INFO 🧙 Consejo v2.1: Calculated meta-features for BTCUSDT (19 features) 
2026-01-02 08:23:28,922 ml_service_v2 INFO 🧙 Consejo v2.1: Calculated meta-features for BTCUSDT (19 features) 
2026-01-02 08:23:28,941 ml_service_v2 INFO 🧙 Consejo v2.1: Calculated meta-features for BTCUSDT (19 features) 
2026-01-02 08:23:28,956 ml_service_v2 INFO 🧙 Consejo v2.1: Calculated meta-features for BTCUSDT (19 features) 
2026-01-02 08:23:28,967 ml_service_v2 INFO 🧙 Consejo v2.1: Calculated meta-features for BTCUSDT (19 features) 
2026-01-02 08:23:28,989 ml_service_v2 INFO 🧙 Consejo v2.1: Calculated meta-features for BTCUSDT (19 features) 
2026-01-02 08:23:29,004 ml_service_v2 INFO 🧙 Consejo v2.1: Calculated meta-features for BTCUSDT (19 features) 
2026-01-02 08:23:29,029 ml_service_v2 INFO 🧙 Consejo v2.1: Calculated meta-features for BTCUSDT (19 features) 
2026-01-02 08:23:29,044 ml_service_v2 INFO 🧙 Consejo v2.1: Calculated meta-features for BTCUSDT (19 features) 
2026-01-02 08:23:29,067 ml_service_v2 INFO 🧙 Consejo v2.1: Calculated meta-features for BTCUSDT (19 features) 
2026-01-02 08:23:29,083 ml_service_v2 INFO 🧙 Consejo v2.1: Calculated meta-features for BTCUSDT (19 features) 
2026-01-02 08:23:29,103 ml_service_v2 INFO 🧙 Consejo v2.1: Calculated meta-features for BTCUSDT (19 features) 
2026-01-02 08:23:29,117 ml_service_v2 INFO 🧙 Consejo v2.1: Calculated meta-features for BTCUSDT (19 features) 
2026-01-02 08:23:29,129 ml_service_v2 INFO 🧙 Consejo v2.1: Calculated meta-features for BTCUSDT (19 features) 
2026-01-02 08:23:29,151 ml_service_v2 INFO 🧙 Consejo v2.1: Calculated meta-features for BTCUSDT (19 features) 
2026-01-02 08:23:29,165 ml_service_v2 INFO 🧙 Consejo v2.1: Calculated meta-features for BTCUSDT (19 features) 
2026-01-02 08:23:29,188 ml_service_v2 INFO 🧙 Consejo v2.1: Calculated meta-features for BTCUSDT (19 features) 
2026-01-02 08:23:29,204 ml_service_v2 INFO 🧙 Consejo v2.1: Calculated meta-features for BTCUSDT (19 features) 
2026-01-02 08:23:29,226 ml_service_v2 INFO 🧙 Consejo v2.1: Calculated meta-features for BTCUSDT (19 features) 
2026-01-02 08:23:29,240 ml_service_v2 INFO 🧙 Consejo v2.1: Calculated meta-features for BTCUSDT (19 features) 
2026-01-02 08:23:29,252 ml_service_v2 INFO 🧙 Consejo v2.1: Calculated meta-features for BTCUSDT (19 features) 
2026-01-02 08:23:29,272 ml_service_v2 INFO 🧙 Consejo v2.1: Calculated meta-features for BTCUSDT (19 features) 
2026-01-02 08:23:29,285 ml_service_v2 INFO 🧙 Consejo v2.1: Calculated meta-features for BTCUSDT (19 features) 
2026-01-02 08:23:29,308 ml_service_v2 INFO 🧙 Consejo v2.1: Calculated meta-features for BTCUSDT (19 features) 
2026-01-02 08:23:29,323 ml_service_v2 INFO 🧙 Consejo v2.1: Calculated meta-features for BTCUSDT (19 features) 
2026-01-02 08:23:29,343 ml_service_v2 INFO 🧙 Consejo v2.1: Calculated meta-features for BTCUSDT (19 features) 
2026-01-02 08:23:29,356 ml_service_v2 INFO 🧙 Consejo v2.1: Calculated meta-features for BTCUSDT (19 features) 
2026-01-02 08:23:29,368 ml_service_v2 INFO 🧙 Consejo v2.1: Calculated meta-features for BTCUSDT (19 features) 
2026-01-02 08:23:29,391 ml_service_v2 INFO 🧙 Consejo v2.1: Calculated meta-features for BTCUSDT (19 features) 
2026-01-02 08:23:29,405 ml_service_v2 INFO 🧙 Consejo v2.1: Calculated meta-features for BTCUSDT (19 features) 
2026-01-02 08:23:29,428 ml_service_v2 INFO 🧙 Consejo v2.1: Calculated meta-features for BTCUSDT (19 features) 
2026-01-02 08:23:29,444 ml_service_v2 INFO 🧙 Consejo v2.1: Calculated meta-features for BTCUSDT (19 features) 
2026-01-02 08:23:29,465 ml_service_v2 INFO 🧙 Consejo v2.1: Calculated meta-features for BTCUSDT (19 features) 
2026-01-02 08:23:29,478 ml_service_v2 INFO 🧙 Consejo v2.1: Calculated meta-features for BTCUSDT (19 features) 
2026-01-02 08:23:29,490 ml_service_v2 INFO 🧙 Consejo v2.1: Calculated meta-features for BTCUSDT (19 features) 
2026-01-02 08:23:29,511 ml_service_v2 INFO 🧙 Consejo v2.1: Calculated meta-features for BTCUSDT (19 features) 
2026-01-02 08:23:29,524 ml_service_v2 INFO 🧙 Consejo v2.1: Calculated meta-features for BTCUSDT (19 features) 
2026-01-02 08:23:29,548 ml_service_v2 INFO 🧙 Consejo v2.1: Calculated meta-features for BTCUSDT (19 features) 
2026-01-02 08:23:29,563 ml_service_v2 INFO 🧙 Consejo v2.1: Calculated meta-features for BTCUSDT (19 features) 
2026-01-02 08:23:29,582 ml_service_v2 INFO 🧙 Consejo v2.1: Calculated meta-features for BTCUSDT (19 features) 
2026-01-02 08:23:29,596 ml_service_v2 INFO 🧙 Consejo v2.1: Calculated meta-features for BTCUSDT (19 features) 
2026-01-02 08:23:29,608 ml_service_v2 INFO 🧙 Consejo v2.1: Calculated meta-features for BTCUSDT (19 features) 
2026-01-02 08:23:29,631 ml_service_v2 INFO 🧙 Consejo v2.1: Calculated meta-features for BTCUSDT (19 features) 
2026-01-02 08:23:29,645 ml_service_v2 INFO 🧙 Consejo v2.1: Calculated meta-features for BTCUSDT (19 features) 
2026-01-02 08:23:29,669 ml_service_v2 INFO 🧙 Consejo v2.1: Calculated meta-features for BTCUSDT (19 features) 
2026-01-02 08:23:29,685 ml_service_v2 INFO 🧙 Consejo v2.1: Calculated meta-features for BTCUSDT (19 features) 
2026-01-02 08:23:29,708 ml_service_v2 INFO 🧙 Consejo v2.1: Calculated meta-features for BTCUSDT (19 features) 
2026-01-02 08:23:29,724 ml_service_v2 INFO 🧙 Consejo v2.1: Calculated meta-features for BTCUSDT (19 features) 
2026-01-02 08:23:29,747 ml_service_v2 INFO 🧙 Consejo v2.1: Calculated meta-features for BTCUSDT (19 features) 
2026-01-02 08:23:29,763 ml_service_v2 INFO 🧙 Consejo v2.1: Calculated meta-features for BTCUSDT (19 features) 
2026-01-02 08:23:29,781 ml_service_v2 INFO 🧙 Consejo v2.1: Calculated meta-features for BTCUSDT (19 features) 
2026-01-02 08:23:29,795 ml_service_v2 INFO 🧙 Consejo v2.1: Calculated meta-features for BTCUSDT (19 features) 
2026-01-02 08:23:29,807 ml_service_v2 INFO 🧙 Consejo v2.1: Calculated meta-features for BTCUSDT (19 features) 
2026-01-02 08:23:29,831 ml_service_v2 INFO 🧙 Consejo v2.1: Calculated meta-features for BTCUSDT (19 features) 
2026-01-02 08:23:29,844 ml_service_v2 INFO 🧙 Consejo v2.1: Calculated meta-features for BTCUSDT (19 features) 
2026-01-02 08:23:29,863 ml_service_v2 INFO 🧙 Consejo v2.1: Calculated meta-features for BTCUSDT (19 features) 
2026-01-02 08:23:29,877 ml_service_v2 INFO 🧙 Consejo v2.1: Calculated meta-features for BTCUSDT (19 features) 
2026-01-02 08:23:29,889 ml_service_v2 INFO 🧙 Consejo v2.1: Calculated meta-features for BTCUSDT (19 features) 
2026-01-02 08:23:29,911 ml_service_v2 INFO 🧙 Consejo v2.1: Calculated meta-features for BTCUSDT (19 features) 
2026-01-02 08:23:29,925 ml_service_v2 INFO 🧙 Consejo v2.1: Calculated meta-features for BTCUSDT (19 features) 
2026-01-02 08:23:29,948 ml_service_v2 INFO 🧙 Consejo v2.1: Calculated meta-features for BTCUSDT (19 features) 
2026-01-02 08:23:29,963 ml_service_v2 INFO 🧙 Consejo v2.1: Calculated meta-features for BTCUSDT (19 features) 
2026-01-02 08:23:29,982 ml_service_v2 INFO 🧙 Consejo v2.1: Calculated meta-features for BTCUSDT (19 features) 
2026-01-02 08:23:29,997 ml_service_v2 INFO 🧙 Consejo v2.1: Calculated meta-features for BTCUSDT (19 features) 
2026-01-02 08:23:30,009 ml_service_v2 INFO 🧙 Consejo v2.1: Calculated meta-features for BTCUSDT (19 features) 
2026-01-02 08:23:30,030 ml_service_v2 INFO 🧙 Consejo v2.1: Calculated meta-features for BTCUSDT (19 features) 
2026-01-02 08:23:30,046 ml_service_v2 INFO 🧙 Consejo v2.1: Calculated meta-features for BTCUSDT (19 features) 
2026-01-02 08:23:30,069 ml_service_v2 INFO 🧙 Consejo v2.1: Calculated meta-features for BTCUSDT (19 features) 
2026-01-02 08:23:30,085 ml_service_v2 INFO 🧙 Consejo v2.1: Calculated meta-features for BTCUSDT (19 features) 
2026-01-02 08:23:30,104 ml_service_v2 INFO 🧙 Consejo v2.1: Calculated meta-features for BTCUSDT (19 features) 
2026-01-02 08:23:30,118 ml_service_v2 INFO 🧙 Consejo v2.1: Calculated meta-features for BTCUSDT (19 features) 
2026-01-02 08:23:30,130 ml_service_v2 INFO 🧙 Consejo v2.1: Calculated meta-features for BTCUSDT (19 features) 
2026-01-02 08:23:30,153 ml_service_v2 INFO 🧙 Consejo v2.1: Calculated meta-features for BTCUSDT (19 features) 
2026-01-02 08:23:30,165 ml_service_v2 INFO 🧙 Consejo v2.1: Calculated meta-features for BTCUSDT (19 features) 
2026-01-02 08:23:30,188 ml_service_v2 INFO 🧙 Consejo v2.1: Calculated meta-features for BTCUSDT (19 features) 
2026-01-02 08:23:30,204 ml_service_v2 INFO 🧙 Consejo v2.1: Calculated meta-features for BTCUSDT (19 features) 
2026-01-02 08:23:30,222 ml_service_v2 INFO 🧙 Consejo v2.1: Calculated meta-features for BTCUSDT (19 features) 
2026-01-02 08:23:30,237 ml_service_v2 INFO 🧙 Consejo v2.1: Calculated meta-features for BTCUSDT (19 features) 
2026-01-02 08:23:30,249 ml_service_v2 INFO 🧙 Consejo v2.1: Calculated meta-features for BTCUSDT (19 features) 
2026-01-02 08:23:30,272 ml_service_v2 INFO 🧙 Consejo v2.1: Calculated meta-features for BTCUSDT (19 features) 
2026-01-02 08:23:30,285 ml_service_v2 INFO 🧙 Consejo v2.1: Calculated meta-features for BTCUSDT (19 features) 
2026-01-02 08:23:30,304 ml_service_v2 INFO 🧙 Consejo v2.1: Calculated meta-features for BTCUSDT (19 features) 
2026-01-02 08:23:30,318 ml_service_v2 INFO 🧙 Consejo v2.1: Calculated meta-features for BTCUSDT (19 features) 
2026-01-02 08:23:30,330 ml_service_v2 INFO 🧙 Consejo v2.1: Calculated meta-features for BTCUSDT (19 features) 
2026-01-02 08:23:30,353 ml_service_v2 INFO 🧙 Consejo v2.1: Calculated meta-features for BTCUSDT (19 features) 
2026-01-02 08:23:30,365 ml_service_v2 INFO 🧙 Consejo v2.1: Calculated meta-features for BTCUSDT (19 features) 
2026-01-02 08:23:30,383 ml_service_v2 INFO 🧙 Consejo v2.1: Calculated meta-features for BTCUSDT (19 features) 
2026-01-02 08:23:30,400 ml_service_v2 INFO 🧙 Consejo v2.1: Calculated meta-features for BTCUSDT (19 features) 
2026-01-02 08:23:30,412 ml_service_v2 INFO 🧙 Consejo v2.1: Calculated meta-features for BTCUSDT (19 features) 
2026-01-02 08:23:30,437 ml_service_v2 INFO 🧙 Consejo v2.1: Calculated meta-features for BTCUSDT (19 features) 
2026-01-02 08:23:30,448 ml_service_v2 INFO 🧙 Consejo v2.1: Calculated meta-features for BTCUSDT (19 features) 
2026-01-02 08:23:30,476 ml_service_v2 INFO 🧙 Consejo v2.1: Calculated meta-features for BTCUSDT (19 features) 
2026-01-02 08:23:30,488 ml_service_v2 INFO 🧙 Consejo v2.1: Calculated meta-features for BTCUSDT (19 features) 
2026-01-02 08:23:30,516 ml_service_v2 INFO 🧙 Consejo v2.1: Calculated meta-features for BTCUSDT (19 features) 
2026-01-02 08:23:30,528 ml_service_v2 INFO 🧙 Consejo v2.1: Calculated meta-features for BTCUSDT (19 features) 
2026-01-02 08:23:30,552 ml_service_v2 INFO 🧙 Consejo v2.1: Calculated meta-features for BTCUSDT (19 features) 
2026-01-02 08:23:30,566 ml_service_v2 INFO 🧙 Consejo v2.1: Calculated meta-features for BTCUSDT (19 features) 
2026-01-02 08:23:30,578 ml_service_v2 INFO 🧙 Consejo v2.1: Calculated meta-features for BTCUSDT (19 features) 
2026-01-02 08:23:30,598 ml_service_v2 INFO 🧙 Consejo v2.1: Calculated meta-features for BTCUSDT (19 features) 
2026-01-02 08:23:30,610 ml_service_v2 INFO 🧙 Consejo v2.1: Calculated meta-features for BTCUSDT (19 features) 
2026-01-02 08:23:30,636 ml_service_v2 INFO 🧙 Consejo v2.1: Calculated meta-features for BTCUSDT (19 features) 
2026-01-02 08:23:30,648 ml_service_v2 INFO 🧙 Consejo v2.1: Calculated meta-features for BTCUSDT (19 features) 
2026-01-02 08:23:30,673 ml_service_v2 INFO 🧙 Consejo v2.1: Calculated meta-features for BTCUSDT (19 features) 
2026-01-02 08:23:30,686 ml_service_v2 INFO 🧙 Consejo v2.1: Calculated meta-features for BTCUSDT (19 features) 
2026-01-02 08:23:30,700 ml_service_v2 INFO 🧙 Consejo v2.1: Calculated meta-features for BTCUSDT (19 features) 
2026-01-02 08:23:30,718 ml_service_v2 INFO 🧙 Consejo v2.1: Calculated meta-features for BTCUSDT (19 features) 
2026-01-02 08:23:30,730 ml_service_v2 INFO 🧙 Consejo v2.1: Calculated meta-features for BTCUSDT (19 features) 
2026-01-02 08:23:30,756 ml_service_v2 INFO 🧙 Consejo v2.1: Calculated meta-features for BTCUSDT (19 features) 
2026-01-02 08:23:30,768 ml_service_v2 INFO 🧙 Consejo v2.1: Calculated meta-features for BTCUSDT (19 features) 
2026-01-02 08:23:30,792 ml_service_v2 INFO 🧙 Consejo v2.1: Calculated meta-features for BTCUSDT (19 features) 
2026-01-02 08:23:30,805 ml_service_v2 INFO 🧙 Consejo v2.1: Calculated meta-features for BTCUSDT (19 features) 
2026-01-02 08:23:30,819 ml_service_v2 INFO 🧙 Consejo v2.1: Calculated meta-features for BTCUSDT (19 features) 
2026-01-02 08:23:30,838 ml_service_v2 INFO 🧙 Consejo v2.1: Calculated meta-features for BTCUSDT (19 features) 
2026-01-02 08:23:30,851 ml_service_v2 INFO 🧙 Consejo v2.1: Calculated meta-features for BTCUSDT (19 features) 
2026-01-02 08:23:30,877 ml_service_v2 INFO 🧙 Consejo v2.1: Calculated meta-features for BTCUSDT (19 features) 
2026-01-02 08:23:30,889 ml_service_v2 INFO 🧙 Consejo v2.1: Calculated meta-features for BTCUSDT (19 features) 
2026-01-02 08:23:30,917 ml_service_v2 INFO 🧙 Consejo v2.1: Calculated meta-features for BTCUSDT (19 features) 
2026-01-02 08:23:30,929 ml_service_v2 INFO 🧙 Consejo v2.1: Calculated meta-features for BTCUSDT (19 features) 
2026-01-02 08:23:30,957 ml_service_v2 INFO 🧙 Consejo v2.1: Calculated meta-features for BTCUSDT (19 features) 
2026-01-02 08:23:30,969 ml_service_v2 INFO 🧙 Consejo v2.1: Calculated meta-features for BTCUSDT (19 features) 
2026-01-02 08:23:30,997 ml_service_v2 INFO 🧙 Consejo v2.1: Calculated meta-features for BTCUSDT (19 features) 
2026-01-02 08:23:31,009 ml_service_v2 INFO 🧙 Consejo v2.1: Calculated meta-features for BTCUSDT (19 features) 
2026-01-02 08:23:31,037 ml_service_v2 INFO 🧙 Consejo v2.1: Calculated meta-features for BTCUSDT (19 features) 
2026-01-02 08:23:31,049 ml_service_v2 INFO 🧙 Consejo v2.1: Calculated meta-features for BTCUSDT (19 features) 
2026-01-02 08:23:31,076 ml_service_v2 INFO 🧙 Consejo v2.1: Calculated meta-features for BTCUSDT (19 features) 
2026-01-02 08:23:31,089 ml_service_v2 INFO 🧙 Consejo v2.1: Calculated meta-features for BTCUSDT (19 features) 
2026-01-02 08:23:31,116 ml_service_v2 INFO 🧙 Consejo v2.1: Calculated meta-features for BTCUSDT (19 features) 
2026-01-02 08:23:31,128 ml_service_v2 INFO 🧙 Consejo v2.1: Calculated meta-features for BTCUSDT (19 features) 
2026-01-02 08:23:31,155 ml_service_v2 INFO 🧙 Consejo v2.1: Calculated meta-features for BTCUSDT (19 features) 
2026-01-02 08:23:31,167 ml_service_v2 INFO 🧙 Consejo v2.1: Calculated meta-features for BTCUSDT (19 features) 
2026-01-02 08:23:31,195 ml_service_v2 INFO 🧙 Consejo v2.1: Calculated meta-features for BTCUSDT (19 features) 
2026-01-02 08:23:31,207 ml_service_v2 INFO 🧙 Consejo v2.1: Calculated meta-features for BTCUSDT (19 features) 
2026-01-02 08:23:31,231 ml_service_v2 INFO 🧙 Consejo v2.1: Calculated meta-features for BTCUSDT (19 features) 
2026-01-02 08:23:31,246 ml_service_v2 INFO 🧙 Consejo v2.1: Calculated meta-features for BTCUSDT (19 features) 
2026-01-02 08:23:31,259 ml_service_v2 INFO 🧙 Consejo v2.1: Calculated meta-features for BTCUSDT (19 features) 
2026-01-02 08:23:31,278 ml_service_v2 INFO 🧙 Consejo v2.1: Calculated meta-features for BTCUSDT (19 features) 
2026-01-02 08:23:31,290 ml_service_v2 INFO 🧙 Consejo v2.1: Calculated meta-features for BTCUSDT (19 features) 
2026-01-02 08:23:31,316 ml_service_v2 INFO 🧙 Consejo v2.1: Calculated meta-features for BTCUSDT (19 features) 
2026-01-02 08:23:31,329 ml_service_v2 INFO 🧙 Consejo v2.1: Calculated meta-features for BTCUSDT (19 features) 
2026-01-02 08:23:31,357 ml_service_v2 INFO 🧙 Consejo v2.1: Calculated meta-features for BTCUSDT (19 features) 
2026-01-02 08:23:31,369 ml_service_v2 INFO 🧙 Consejo v2.1: Calculated meta-features for BTCUSDT (19 features) 
2026-01-02 08:23:31,397 ml_service_v2 INFO 🧙 Consejo v2.1: Calculated meta-features for BTCUSDT (19 features) 
2026-01-02 08:23:31,408 ml_service_v2 INFO 🧙 Consejo v2.1: Calculated meta-features for BTCUSDT (19 features) 
2026-01-02 08:23:31,434 ml_service_v2 INFO 🧙 Consejo v2.1: Calculated meta-features for BTCUSDT (19 features) 
2026-01-02 08:23:31,446 ml_service_v2 INFO 🧙 Consejo v2.1: Calculated meta-features for BTCUSDT (19 features) 
2026-01-02 08:23:31,460 ml_service_v2 INFO 🧙 Consejo v2.1: Calculated meta-features for BTCUSDT (19 features) 
2026-01-02 08:23:31,479 ml_service_v2 INFO 🧙 Consejo v2.1: Calculated meta-features for BTCUSDT (19 features) 
2026-01-02 08:23:31,491 ml_service_v2 INFO 🧙 Consejo v2.1: Calculated meta-features for BTCUSDT (19 features) 
2026-01-02 08:23:31,518 ml_service_v2 INFO 🧙 Consejo v2.1: Calculated meta-features for BTCUSDT (19 features) 
2026-01-02 08:23:31,531 ml_service_v2 INFO 🧙 Consejo v2.1: Calculated meta-features for BTCUSDT (19 features) 
2026-01-02 08:23:31,557 ml_service_v2 INFO 🧙 Consejo v2.1: Calculated meta-features for BTCUSDT (19 features) 
2026-01-02 08:23:31,569 ml_service_v2 INFO 🧙 Consejo v2.1: Calculated meta-features for BTCUSDT (19 features) 
2026-01-02 08:23:31,596 ml_service_v2 INFO 🧙 Consejo v2.1: Calculated meta-features for BTCUSDT (19 features) 
2026-01-02 08:23:31,608 ml_service_v2 INFO 🧙 Consejo v2.1: Calculated meta-features for BTCUSDT (19 features) 
2026-01-02 08:23:31,635 ml_service_v2 INFO 🧙 Consejo v2.1: Calculated meta-features for BTCUSDT (19 features) 
2026-01-02 08:23:31,648 ml_service_v2 INFO 🧙 Consejo v2.1: Calculated meta-features for BTCUSDT (19 features) 
2026-01-02 08:23:31,676 ml_service_v2 INFO 🧙 Consejo v2.1: Calculated meta-features for BTCUSDT (19 features) 
2026-01-02 08:23:31,688 ml_service_v2 INFO 🧙 Consejo v2.1: Calculated meta-features for BTCUSDT (19 features) 
2026-01-02 08:23:31,716 ml_service_v2 INFO 🧙 Consejo v2.1: Calculated meta-features for BTCUSDT (19 features) 
2026-01-02 08:23:31,728 ml_service_v2 INFO 🧙 Consejo v2.1: Calculated meta-features for BTCUSDT (19 features) 
2026-01-02 08:23:31,755 ml_service_v2 INFO 🧙 Consejo v2.1: Calculated meta-features for BTCUSDT (19 features) 
2026-01-02 08:23:31,768 ml_service_v2 INFO 🧙 Consejo v2.1: Calculated meta-features for BTCUSDT (19 features) 
2026-01-02 08:23:31,794 ml_service_v2 INFO 🧙 Consejo v2.1: Calculated meta-features for BTCUSDT (19 features) 
2026-01-02 08:23:31,807 ml_service_v2 INFO 🧙 Consejo v2.1: Calculated meta-features for BTCUSDT (19 features) 
2026-01-02 08:23:31,830 ml_service_v2 INFO 🧙 Consejo v2.1: Calculated meta-features for BTCUSDT (19 features) 
2026-01-02 08:23:31,846 ml_service_v2 INFO 🧙 Consejo v2.1: Calculated meta-features for BTCUSDT (19 features) 
2026-01-02 08:23:31,858 ml_service_v2 INFO 🧙 Consejo v2.1: Calculated meta-features for BTCUSDT (19 features) 
2026-01-02 08:23:31,878 ml_service_v2 INFO 🧙 Consejo v2.1: Calculated meta-features for BTCUSDT (19 features) 
2026-01-02 08:23:31,890 ml_service_v2 INFO 🧙 Consejo v2.1: Calculated meta-features for BTCUSDT (19 features) 
2026-01-02 08:23:31,917 ml_service_v2 INFO 🧙 Consejo v2.1: Calculated meta-features for BTCUSDT (19 features) 
2026-01-02 08:23:31,929 ml_service_v2 INFO 🧙 Consejo v2.1: Calculated meta-features for BTCUSDT (19 features) 
2026-01-02 08:23:31,956 ml_service_v2 INFO 🧙 Consejo v2.1: Calculated meta-features for BTCUSDT (19 features) 
2026-01-02 08:23:31,968 ml_service_v2 INFO 🧙 Consejo v2.1: Calculated meta-features for BTCUSDT (19 features) 
2026-01-02 08:23:31,995 ml_service_v2 INFO 🧙 Consejo v2.1: Calculated meta-features for BTCUSDT (19 features) 
2026-01-02 08:23:32,007 ml_service_v2 INFO 🧙 Consejo v2.1: Calculated meta-features for BTCUSDT (19 features) 
2026-01-02 08:23:32,031 ml_service_v2 INFO 🧙 Consejo v2.1: Calculated meta-features for BTCUSDT (19 features) 
2026-01-02 08:23:32,045 ml_service_v2 INFO 🧙 Consejo v2.1: Calculated meta-features for BTCUSDT (19 features) 
2026-01-02 08:23:32,057 ml_service_v2 INFO 🧙 Consejo v2.1: Calculated meta-features for BTCUSDT (19 features) 
2026-01-02 08:23:32,079 ml_service_v2 INFO 🧙 Consejo v2.1: Calculated meta-features for BTCUSDT (19 features) 
2026-01-02 08:23:32,091 ml_service_v2 INFO 🧙 Consejo v2.1: Calculated meta-features for BTCUSDT (19 features) 
2026-01-02 08:23:32,117 ml_service_v2 INFO 🧙 Consejo v2.1: Calculated meta-features for BTCUSDT (19 features) 
2026-01-02 08:23:32,129 ml_service_v2 INFO 🧙 Consejo v2.1: Calculated meta-features for BTCUSDT (19 features) 
2026-01-02 08:23:32,157 ml_service_v2 INFO 🧙 Consejo v2.1: Calculated meta-features for BTCUSDT (19 features) 
2026-01-02 08:23:32,168 ml_service_v2 INFO 🧙 Consejo v2.1: Calculated meta-features for BTCUSDT (19 features) 
2026-01-02 08:23:32,197 ml_service_v2 INFO 🧙 Consejo v2.1: Calculated meta-features for BTCUSDT (19 features) 
2026-01-02 08:23:32,209 ml_service_v2 INFO 🧙 Consejo v2.1: Calculated meta-features for BTCUSDT (19 features) 
2026-01-02 08:23:32,235 ml_service_v2 INFO 🧙 Consejo v2.1: Calculated meta-features for BTCUSDT (19 features) 
2026-01-02 08:23:32,247 ml_service_v2 INFO 🧙 Consejo v2.1: Calculated meta-features for BTCUSDT (19 features) 
2026-01-02 08:23:32,266 ml_service_v2 INFO 🧙 Consejo v2.1: Calculated meta-features for BTCUSDT (19 features) 
2026-01-02 08:23:32,280 ml_service_v2 INFO 🧙 Consejo v2.1: Calculated meta-features for BTCUSDT (19 features) 
2026-01-02 08:23:32,292 ml_service_v2 INFO 🧙 Consejo v2.1: Calculated meta-features for BTCUSDT (19 features) 
2026-01-02 08:23:32,317 ml_service_v2 INFO 🧙 Consejo v2.1: Calculated meta-features for BTCUSDT (19 features) 
2026-01-02 08:23:32,329 ml_service_v2 INFO 🧙 Consejo v2.1: Calculated meta-features for BTCUSDT (19 features) 
2026-01-02 08:23:32,359 ml_service_v2 INFO 🧙 Consejo v2.1: Calculated meta-features for BTCUSDT (19 features) 
2026-01-02 08:23:32,380 ml_service_v2 INFO 🧙 Consejo v2.1: Calculated meta-features for BTCUSDT (19 features) 
2026-01-02 08:23:32,411 ml_service_v2 INFO 🧙 Consejo v2.1: Calculated meta-features for BTCUSDT (19 features) 
2026-01-02 08:23:32,434 ml_service_v2 INFO 🧙 Consejo v2.1: Calculated meta-features for BTCUSDT (19 features) 
2026-01-02 08:23:32,449 ml_service_v2 INFO 🧙 Consejo v2.1: Calculated meta-features for BTCUSDT (19 features) 
2026-01-02 08:23:32,472 ml_service_v2 INFO 🧙 Consejo v2.1: Calculated meta-features for BTCUSDT (19 features) 
2026-01-02 08:23:32,485 ml_service_v2 INFO 🧙 Consejo v2.1: Calculated meta-features for BTCUSDT (19 features) 
2026-01-02 08:23:32,502 ml_service_v2 INFO 🧙 Consejo v2.1: Calculated meta-features for BTCUSDT (19 features) 
2026-01-02 08:23:32,526 ml_service_v2 INFO 🧙 Consejo v2.1: Calculated meta-features for BTCUSDT (19 features) 
2026-01-02 08:23:32,545 ml_service_v2 INFO 🧙 Consejo v2.1: Calculated meta-features for BTCUSDT (19 features) 
2026-01-02 08:23:32,566 ml_service_v2 INFO 🧙 Consejo v2.1: Calculated meta-features for BTCUSDT (19 features) 
2026-01-02 08:23:32,586 ml_service_v2 INFO 🧙 Consejo v2.1: Calculated meta-features for BTCUSDT (19 features) 
2026-01-02 08:23:32,606 ml_service_v2 INFO 🧙 Consejo v2.1: Calculated meta-features for BTCUSDT (19 features) 
2026-01-02 08:23:32,646 ml_service_v2 INFO 🧙 Consejo v2.1: Calculated meta-features for BTCUSDT (19 features) 
2026-01-02 08:23:32,663 ml_service_v2 INFO 🧙 Consejo v2.1: Calculated meta-features for BTCUSDT (19 features) 
2026-01-02 08:23:32,685 ml_service_v2 INFO 🧙 Consejo v2.1: Calculated meta-features for BTCUSDT (19 features) 
2026-01-02 08:23:32,702 ml_service_v2 INFO 🧙 Consejo v2.1: Calculated meta-features for BTCUSDT (19 features) 
2026-01-02 08:23:32,730 ml_service_v2 INFO 🧙 Consejo v2.1: Calculated meta-features for BTCUSDT (19 features) 
2026-01-02 08:23:32,746 ml_service_v2 INFO 🧙 Consejo v2.1: Calculated meta-features for BTCUSDT (19 features) 
2026-01-02 08:23:32,766 ml_service_v2 INFO 🧙 Consejo v2.1: Calculated meta-features for BTCUSDT (19 features) 
2026-01-02 08:23:32,784 ml_service_v2 INFO 🧙 Consejo v2.1: Calculated meta-features for BTCUSDT (19 features) 
2026-01-02 08:23:32,802 ml_service_v2 INFO 🧙 Consejo v2.1: Calculated meta-features for BTCUSDT (19 features) 
2026-01-02 08:23:32,816 ml_service_v2 INFO 🧙 Consejo v2.1: Calculated meta-features for BTCUSDT (19 features) 
2026-01-02 08:23:32,840 ml_service_v2 INFO 🧙 Consejo v2.1: Calculated meta-features for BTCUSDT (19 features) 
2026-01-02 08:23:32,856 ml_service_v2 INFO 🧙 Consejo v2.1: Calculated meta-features for BTCUSDT (19 features) 
2026-01-02 08:23:32,880 ml_service_v2 INFO 🧙 Consejo v2.1: Calculated meta-features for BTCUSDT (19 features) 
2026-01-02 08:23:32,892 ml_service_v2 INFO 🧙 Consejo v2.1: Calculated meta-features for BTCUSDT (19 features) 
2026-01-02 08:23:32,905 ml_service_v2 INFO 🧙 Consejo v2.1: Calculated meta-features for BTCUSDT (19 features) 
2026-01-02 08:23:32,923 ml_service_v2 INFO 🧙 Consejo v2.1: Calculated meta-features for BTCUSDT (19 features) 
2026-01-02 08:23:32,936 ml_service_v2 INFO 🧙 Consejo v2.1: Calculated meta-features for BTCUSDT (19 features) 
2026-01-02 08:23:32,960 ml_service_v2 INFO 🧙 Consejo v2.1: Calculated meta-features for BTCUSDT (19 features) 
2026-01-02 08:23:32,973 ml_service_v2 INFO 🧙 Consejo v2.1: Calculated meta-features for BTCUSDT (19 features) 
2026-01-02 08:23:32,986 ml_service_v2 INFO 🧙 Consejo v2.1: Calculated meta-features for BTCUSDT (19 features) 
2026-01-02 08:23:33,004 ml_service_v2 INFO 🧙 Consejo v2.1: Calculated meta-features for BTCUSDT (19 features) 
2026-01-02 08:23:33,019 ml_service_v2 INFO 🧙 Consejo v2.1: Calculated meta-features for BTCUSDT (19 features) 
2026-01-02 08:23:33,045 ml_service_v2 INFO 🧙 Consejo v2.1: Calculated meta-features for BTCUSDT (19 features) 
2026-01-02 08:23:33,060 ml_service_v2 INFO 🧙 Consejo v2.1: Calculated meta-features for BTCUSDT (19 features) 
2026-01-02 08:23:33,085 ml_service_v2 INFO 🧙 Consejo v2.1: Calculated meta-features for BTCUSDT (19 features) 
2026-01-02 08:23:33,101 ml_service_v2 INFO 🧙 Consejo v2.1: Calculated meta-features for BTCUSDT (19 features) 
2026-01-02 08:23:33,130 ml_service_v2 INFO 🧙 Consejo v2.1: Calculated meta-features for BTCUSDT (19 features) 
2026-01-02 08:23:33,146 ml_service_v2 INFO 🧙 Consejo v2.1: Calculated meta-features for BTCUSDT (19 features) 
2026-01-02 08:23:33,165 ml_service_v2 INFO 🧙 Consejo v2.1: Calculated meta-features for BTCUSDT (19 features) 
2026-01-02 08:23:33,178 ml_service_v2 INFO 🧙 Consejo v2.1: Calculated meta-features for BTCUSDT (19 features) 
2026-01-02 08:23:33,201 ml_service_v2 INFO 🧙 Consejo v2.1: Calculated meta-features for BTCUSDT (19 features) 
2026-01-02 08:23:33,214 ml_service_v2 INFO 🧙 Consejo v2.1: Calculated meta-features for BTCUSDT (19 features) 
2026-01-02 08:23:33,227 ml_service_v2 INFO 🧙 Consejo v2.1: Calculated meta-features for BTCUSDT (19 features) 
2026-01-02 08:23:33,245 ml_service_v2 INFO 🧙 Consejo v2.1: Calculated meta-features for BTCUSDT (19 features) 
2026-01-02 08:23:33,257 ml_service_v2 INFO 🧙 Consejo v2.1: Calculated meta-features for BTCUSDT (19 features) 
2026-01-02 08:23:33,278 ml_service_v2 INFO 🧙 Consejo v2.1: Calculated meta-features for BTCUSDT (19 features) 
2026-01-02 08:23:33,290 ml_service_v2 INFO 🧙 Consejo v2.1: Calculated meta-features for BTCUSDT (19 features) 
2026-01-02 08:23:33,305 ml_service_v2 INFO 🧙 Consejo v2.1: Calculated meta-features for BTCUSDT (19 features) 
2026-01-02 08:23:33,324 ml_service_v2 INFO 🧙 Consejo v2.1: Calculated meta-features for BTCUSDT (19 features) 
2026-01-02 08:23:33,337 ml_service_v2 INFO 🧙 Consejo v2.1: Calculated meta-features for BTCUSDT (19 features) 
2026-01-02 08:23:33,360 ml_service_v2 INFO 🧙 Consejo v2.1: Calculated meta-features for BTCUSDT (19 features) 
2026-01-02 08:23:33,373 ml_service_v2 INFO 🧙 Consejo v2.1: Calculated meta-features for BTCUSDT (19 features) 
2026-01-02 08:23:33,386 ml_service_v2 INFO 🧙 Consejo v2.1: Calculated meta-features for BTCUSDT (19 features) 
2026-01-02 08:23:33,405 ml_service_v2 INFO 🧙 Consejo v2.1: Calculated meta-features for BTCUSDT (19 features) 
2026-01-02 08:23:33,417 ml_service_v2 INFO 🧙 Consejo v2.1: Calculated meta-features for BTCUSDT (19 features) 
2026-01-02 08:23:33,441 ml_service_v2 INFO 🧙 Consejo v2.1: Calculated meta-features for BTCUSDT (19 features) 
2026-01-02 08:23:33,454 ml_service_v2 INFO 🧙 Consejo v2.1: Calculated meta-features for BTCUSDT (19 features) 
2026-01-02 08:23:33,467 ml_service_v2 INFO 🧙 Consejo v2.1: Calculated meta-features for BTCUSDT (19 features) 
2026-01-02 08:23:33,486 ml_service_v2 INFO 🧙 Consejo v2.1: Calculated meta-features for BTCUSDT (19 features) 
2026-01-02 08:23:33,499 ml_service_v2 INFO 🧙 Consejo v2.1: Calculated meta-features for BTCUSDT (19 features) 
2026-01-02 08:23:33,524 ml_service_v2 INFO 🧙 Consejo v2.1: Calculated meta-features for BTCUSDT (19 features) 
2026-01-02 08:23:33,537 ml_service_v2 INFO 🧙 Consejo v2.1: Calculated meta-features for BTCUSDT (19 features) 
2026-01-02 08:23:33,565 ml_service_v2 INFO 🧙 Consejo v2.1: Calculated meta-features for BTCUSDT (19 features) 
2026-01-02 08:23:33,578 ml_service_v2 INFO 🧙 Consejo v2.1: Calculated meta-features for BTCUSDT (19 features) 
2026-01-02 08:23:33,597 ml_service_v2 INFO 🧙 Consejo v2.1: Calculated meta-features for BTCUSDT (19 features) 
2026-01-02 08:23:33,611 ml_service_v2 INFO 🧙 Consejo v2.1: Calculated meta-features for BTCUSDT (19 features) 
2026-01-02 08:23:33,626 ml_service_v2 INFO 🧙 Consejo v2.1: Calculated meta-features for BTCUSDT (19 features) 
2026-01-02 08:23:33,648 ml_service_v2 INFO 🧙 Consejo v2.1: Calculated meta-features for BTCUSDT (19 features) 
2026-01-02 08:23:33,666 ml_service_v2 INFO 🧙 Consejo v2.1: Calculated meta-features for BTCUSDT (19 features) 
2026-01-02 08:23:33,688 ml_service_v2 INFO 🧙 Consejo v2.1: Calculated meta-features for BTCUSDT (19 features) 
2026-01-02 08:23:33,706 ml_service_v2 INFO 🧙 Consejo v2.1: Calculated meta-features for BTCUSDT (19 features) 
2026-01-02 08:23:33,726 ml_service_v2 INFO 🧙 Consejo v2.1: Calculated meta-features for BTCUSDT (19 features) 
2026-01-02 08:23:33,742 ml_service_v2 INFO 🧙 Consejo v2.1: Calculated meta-features for BTCUSDT (19 features) 
2026-01-02 08:23:33,768 ml_service_v2 INFO 🧙 Consejo v2.1: Calculated meta-features for BTCUSDT (19 features) 
2026-01-02 08:23:33,789 ml_service_v2 INFO 🧙 Consejo v2.1: Calculated meta-features for BTCUSDT (19 features) 
2026-01-02 08:23:33,808 ml_service_v2 INFO 🧙 Consejo v2.1: Calculated meta-features for BTCUSDT (19 features) 
2026-01-02 08:23:33,826 ml_service_v2 INFO 🧙 Consejo v2.1: Calculated meta-features for BTCUSDT (19 features) 
2026-01-02 08:23:33,848 ml_service_v2 INFO 🧙 Consejo v2.1: Calculated meta-features for BTCUSDT (19 features) 
2026-01-02 08:23:33,866 ml_service_v2 INFO 🧙 Consejo v2.1: Calculated meta-features for BTCUSDT (19 features) 
2026-01-02 08:23:33,889 ml_service_v2 INFO 🧙 Consejo v2.1: Calculated meta-features for BTCUSDT (19 features) 
2026-01-02 08:23:33,906 ml_service_v2 INFO 🧙 Consejo v2.1: Calculated meta-features for BTCUSDT (19 features) 
2026-01-02 08:23:33,929 ml_service_v2 INFO 🧙 Consejo v2.1: Calculated meta-features for BTCUSDT (19 features) 
2026-01-02 08:23:33,946 ml_service_v2 INFO 🧙 Consejo v2.1: Calculated meta-features for BTCUSDT (19 features) 
2026-01-02 08:23:33,969 ml_service_v2 INFO 🧙 Consejo v2.1: Calculated meta-features for BTCUSDT (19 features) 
2026-01-02 08:23:33,989 ml_service_v2 INFO 🧙 Consejo v2.1: Calculated meta-features for BTCUSDT (19 features) 
2026-01-02 08:23:34,009 ml_service_v2 INFO 🧙 Consejo v2.1: Calculated meta-features for BTCUSDT (19 features) 
2026-01-02 08:23:34,026 ml_service_v2 INFO 🧙 Consejo v2.1: Calculated meta-features for BTCUSDT (19 features) 
2026-01-02 08:23:34,052 ml_service_v2 INFO 🧙 Consejo v2.1: Calculated meta-features for BTCUSDT (19 features) 
2026-01-02 08:23:34,069 ml_service_v2 INFO 🧙 Consejo v2.1: Calculated meta-features for BTCUSDT (19 features) 
2026-01-02 08:23:34,090 ml_service_v2 INFO 🧙 Consejo v2.1: Calculated meta-features for BTCUSDT (19 features) 
2026-01-02 08:23:34,109 ml_service_v2 INFO 🧙 Consejo v2.1: Calculated meta-features for BTCUSDT (19 features) 
2026-01-02 08:23:34,131 ml_service_v2 INFO 🧙 Consejo v2.1: Calculated meta-features for BTCUSDT (19 features) 
2026-01-02 08:23:34,146 ml_service_v2 INFO 🧙 Consejo v2.1: Calculated meta-features for BTCUSDT (19 features) 
2026-01-02 08:23:34,169 ml_service_v2 INFO 🧙 Consejo v2.1: Calculated meta-features for BTCUSDT (19 features) 
2026-01-02 08:23:34,186 ml_service_v2 INFO 🧙 Consejo v2.1: Calculated meta-features for BTCUSDT (19 features) 
2026-01-02 08:23:34,209 ml_service_v2 INFO 🧙 Consejo v2.1: Calculated meta-features for BTCUSDT (19 features) 
2026-01-02 08:23:34,227 ml_service_v2 INFO 🧙 Consejo v2.1: Calculated meta-features for BTCUSDT (19 features) 
2026-01-02 08:23:34,249 ml_service_v2 INFO 🧙 Consejo v2.1: Calculated meta-features for BTCUSDT (19 features) 
2026-01-02 08:23:34,266 ml_service_v2 INFO 🧙 Consejo v2.1: Calculated meta-features for BTCUSDT (19 features) 
2026-01-02 08:23:34,290 ml_service_v2 INFO 🧙 Consejo v2.1: Calculated meta-features for BTCUSDT (19 features) 
2026-01-02 08:23:34,308 ml_service_v2 INFO 🧙 Consejo v2.1: Calculated meta-features for BTCUSDT (19 features) 
2026-01-02 08:23:34,331 ml_service_v2 INFO 🧙 Consejo v2.1: Calculated meta-features for BTCUSDT (19 features) 
2026-01-02 08:23:34,347 ml_service_v2 INFO 🧙 Consejo v2.1: Calculated meta-features for BTCUSDT (19 features) 
2026-01-02 08:23:34,370 ml_service_v2 INFO 🧙 Consejo v2.1: Calculated meta-features for BTCUSDT (19 features) 
2026-01-02 08:23:34,386 ml_service_v2 INFO 🧙 Consejo v2.1: Calculated meta-features for BTCUSDT (19 features) 
2026-01-02 08:23:34,410 ml_service_v2 INFO 🧙 Consejo v2.1: Calculated meta-features for BTCUSDT (19 features) 
2026-01-02 08:23:34,427 ml_service_v2 INFO 🧙 Consejo v2.1: Calculated meta-features for BTCUSDT (19 features) 
2026-01-02 08:23:34,450 ml_service_v2 INFO 🧙 Consejo v2.1: Calculated meta-features for BTCUSDT (19 features) 
2026-01-02 08:23:34,466 ml_service_v2 INFO 🧙 Consejo v2.1: Calculated meta-features for BTCUSDT (19 features) 
2026-01-02 08:23:34,491 ml_service_v2 INFO 🧙 Consejo v2.1: Calculated meta-features for BTCUSDT (19 features) 
2026-01-02 08:23:34,507 ml_service_v2 INFO 🧙 Consejo v2.1: Calculated meta-features for BTCUSDT (19 features) 
2026-01-02 08:23:34,537 ml_service_v2 INFO 🧙 Consejo v2.1: Calculated meta-features for BTCUSDT (19 features) 
2026-01-02 08:23:34,552 ml_service_v2 INFO 🧙 Consejo v2.1: Calculated meta-features for BTCUSDT (19 features) 
2026-01-02 08:23:34,573 ml_service_v2 INFO 🧙 Consejo v2.1: Calculated meta-features for BTCUSDT (19 features) 
2026-01-02 08:23:34,587 ml_service_v2 INFO 🧙 Consejo v2.1: Calculated meta-features for BTCUSDT (19 features) 
2026-01-02 08:23:34,613 ml_service_v2 INFO 🧙 Consejo v2.1: Calculated meta-features for BTCUSDT (19 features) 
2026-01-02 08:23:34,627 ml_service_v2 INFO 🧙 Consejo v2.1: Calculated meta-features for BTCUSDT (19 features) 
2026-01-02 08:23:34,653 ml_service_v2 INFO 🧙 Consejo v2.1: Calculated meta-features for BTCUSDT (19 features) 
2026-01-02 08:23:34,667 ml_service_v2 INFO 🧙 Consejo v2.1: Calculated meta-features for BTCUSDT (19 features) 
2026-01-02 08:23:34,693 ml_service_v2 INFO 🧙 Consejo v2.1: Calculated meta-features for BTCUSDT (19 features) 
2026-01-02 08:23:34,707 ml_service_v2 INFO 🧙 Consejo v2.1: Calculated meta-features for BTCUSDT (19 features) 
2026-01-02 08:23:34,736 ml_service_v2 INFO 🧙 Consejo v2.1: Calculated meta-features for BTCUSDT (19 features) 
2026-01-02 08:23:34,753 ml_service_v2 INFO 🧙 Consejo v2.1: Calculated meta-features for BTCUSDT (19 features) 
2026-01-02 08:23:34,776 ml_service_v2 INFO 🧙 Consejo v2.1: Calculated meta-features for BTCUSDT (19 features) 
2026-01-02 08:23:34,789 ml_service_v2 INFO 🧙 Consejo v2.1: Calculated meta-features for BTCUSDT (19 features) 
2026-01-02 08:23:34,812 ml_service_v2 INFO 🧙 Consejo v2.1: Calculated meta-features for BTCUSDT (19 features) 
2026-01-02 08:23:34,826 ml_service_v2 INFO 🧙 Consejo v2.1: Calculated meta-features for BTCUSDT (19 features) 
2026-01-02 08:23:34,850 ml_service_v2 INFO 🧙 Consejo v2.1: Calculated meta-features for BTCUSDT (19 features) 
2026-01-02 08:23:34,866 ml_service_v2 INFO 🧙 Consejo v2.1: Calculated meta-features for BTCUSDT (19 features) 
2026-01-02 08:23:34,891 ml_service_v2 INFO 🧙 Consejo v2.1: Calculated meta-features for BTCUSDT (19 features) 
2026-01-02 08:23:34,907 ml_service_v2 INFO 🧙 Consejo v2.1: Calculated meta-features for BTCUSDT (19 features) 
2026-01-02 08:23:34,932 ml_service_v2 INFO 🧙 Consejo v2.1: Calculated meta-features for BTCUSDT (19 features) 
2026-01-02 08:23:34,947 ml_service_v2 INFO 🧙 Consejo v2.1: Calculated meta-features for BTCUSDT (19 features) 
2026-01-02 08:23:34,978 ml_service_v2 INFO 🧙 Consejo v2.1: Calculated meta-features for BTCUSDT (19 features) 
2026-01-02 08:23:34,992 ml_service_v2 INFO 🧙 Consejo v2.1: Calculated meta-features for BTCUSDT (19 features) 
2026-01-02 08:23:35,015 ml_service_v2 INFO 🧙 Consejo v2.1: Calculated meta-features for BTCUSDT (19 features) 
2026-01-02 08:23:35,027 ml_service_v2 INFO 🧙 Consejo v2.1: Calculated meta-features for BTCUSDT (19 features) 
2026-01-02 08:23:35,053 ml_service_v2 INFO 🧙 Consejo v2.1: Calculated meta-features for BTCUSDT (19 features) 
2026-01-02 08:23:35,066 ml_service_v2 INFO 🧙 Consejo v2.1: Calculated meta-features for BTCUSDT (19 features) 
2026-01-02 08:23:35,086 ml_service_v2 INFO 🧙 Consejo v2.1: Calculated meta-features for BTCUSDT (19 features) 
2026-01-02 08:23:35,100 ml_service_v2 INFO 🧙 Consejo v2.1: Calculated meta-features for BTCUSDT (19 features) 
2026-01-02 08:23:35,113 ml_service_v2 INFO 🧙 Consejo v2.1: Calculated meta-features for BTCUSDT (19 features) 
2026-01-02 08:23:35,136 ml_service_v2 INFO 🧙 Consejo v2.1: Calculated meta-features for BTCUSDT (19 features) 
2026-01-02 08:23:35,148 ml_service_v2 INFO 🧙 Consejo v2.1: Calculated meta-features for BTCUSDT (19 features) 
2026-01-02 08:23:35,173 ml_service_v2 INFO 🧙 Consejo v2.1: Calculated meta-features for BTCUSDT (19 features) 
2026-01-02 08:23:35,187 ml_service_v2 INFO 🧙 Consejo v2.1: Calculated meta-features for BTCUSDT (19 features) 
2026-01-02 08:23:35,213 ml_service_v2 INFO 🧙 Consejo v2.1: Calculated meta-features for BTCUSDT (19 features) 
2026-01-02 08:23:35,227 ml_service_v2 INFO 🧙 Consejo v2.1: Calculated meta-features for BTCUSDT (19 features) 
2026-01-02 08:23:35,251 ml_service_v2 INFO 🧙 Consejo v2.1: Calculated meta-features for BTCUSDT (19 features) 
2026-01-02 08:23:35,265 ml_service_v2 INFO 🧙 Consejo v2.1: Calculated meta-features for BTCUSDT (19 features) 
2026-01-02 08:23:35,285 ml_service_v2 INFO 🧙 Consejo v2.1: Calculated meta-features for BTCUSDT (19 features) 
2026-01-02 08:23:35,301 ml_service_v2 INFO 🧙 Consejo v2.1: Calculated meta-features for BTCUSDT (19 features) 
2026-01-02 08:23:35,314 ml_service_v2 INFO 🧙 Consejo v2.1: Calculated meta-features for BTCUSDT (19 features) 
2026-01-02 08:23:35,335 ml_service_v2 INFO 🧙 Consejo v2.1: Calculated meta-features for BTCUSDT (19 features) 
2026-01-02 08:23:35,348 ml_service_v2 INFO 🧙 Consejo v2.1: Calculated meta-features for BTCUSDT (19 features) 
2026-01-02 08:23:35,373 ml_service_v2 INFO 🧙 Consejo v2.1: Calculated meta-features for BTCUSDT (19 features) 
2026-01-02 08:23:35,387 ml_service_v2 INFO 🧙 Consejo v2.1: Calculated meta-features for BTCUSDT (19 features) 
2026-01-02 08:23:35,412 ml_service_v2 INFO 🧙 Consejo v2.1: Calculated meta-features for BTCUSDT (19 features) 
2026-01-02 08:23:35,426 ml_service_v2 INFO 🧙 Consejo v2.1: Calculated meta-features for BTCUSDT (19 features) 
2026-01-02 08:23:35,451 ml_service_v2 INFO 🧙 Consejo v2.1: Calculated meta-features for BTCUSDT (19 features) 
2026-01-02 08:23:35,466 ml_service_v2 INFO 🧙 Consejo v2.1: Calculated meta-features for BTCUSDT (19 features) 
2026-01-02 08:23:35,490 ml_service_v2 INFO 🧙 Consejo v2.1: Calculated meta-features for BTCUSDT (19 features) 
2026-01-02 08:23:35,505 ml_service_v2 INFO 🧙 Consejo v2.1: Calculated meta-features for BTCUSDT (19 features) 
2026-01-02 08:23:35,525 ml_service_v2 INFO 🧙 Consejo v2.1: Calculated meta-features for BTCUSDT (19 features) 
2026-01-02 08:23:35,542 ml_service_v2 INFO 🧙 Consejo v2.1: Calculated meta-features for BTCUSDT (19 features) 
2026-01-02 08:23:35,556 ml_service_v2 INFO 🧙 Consejo v2.1: Calculated meta-features for BTCUSDT (19 features) 
2026-01-02 08:23:35,577 ml_service_v2 INFO 🧙 Consejo v2.1: Calculated meta-features for BTCUSDT (19 features) 
2026-01-02 08:23:35,592 ml_service_v2 INFO 🧙 Consejo v2.1: Calculated meta-features for BTCUSDT (19 features) 
2026-01-02 08:23:35,614 ml_service_v2 INFO 🧙 Consejo v2.1: Calculated meta-features for BTCUSDT (19 features) 
2026-01-02 08:23:35,627 ml_service_v2 INFO 🧙 Consejo v2.1: Calculated meta-features for BTCUSDT (19 features) 
2026-01-02 08:23:35,652 ml_service_v2 INFO 🧙 Consejo v2.1: Calculated meta-features for BTCUSDT (19 features) 
2026-01-02 08:23:35,666 ml_service_v2 INFO 🧙 Consejo v2.1: Calculated meta-features for BTCUSDT (19 features) 
2026-01-02 08:23:35,690 ml_service_v2 INFO 🧙 Consejo v2.1: Calculated meta-features for BTCUSDT (19 features) 
2026-01-02 08:23:35,706 ml_service_v2 INFO 🧙 Consejo v2.1: Calculated meta-features for BTCUSDT (19 features) 
2026-01-02 08:23:35,726 ml_service_v2 INFO 🧙 Consejo v2.1: Calculated meta-features for BTCUSDT (19 features) 
2026-01-02 08:23:35,741 ml_service_v2 INFO 🧙 Consejo v2.1: Calculated meta-features for BTCUSDT (19 features) 
2026-01-02 08:23:35,754 ml_service_v2 INFO 🧙 Consejo v2.1: Calculated meta-features for BTCUSDT (19 features) 
2026-01-02 08:23:35,777 ml_service_v2 INFO 🧙 Consejo v2.1: Calculated meta-features for BTCUSDT (19 features) 
2026-01-02 08:23:35,791 ml_service_v2 INFO 🧙 Consejo v2.1: Calculated meta-features for BTCUSDT (19 features) 
2026-01-02 08:23:35,816 ml_service_v2 INFO 🧙 Consejo v2.1: Calculated meta-features for BTCUSDT (19 features) 
2026-01-02 08:23:35,828 ml_service_v2 INFO 🧙 Consejo v2.1: Calculated meta-features for BTCUSDT (19 features) 
2026-01-02 08:23:35,855 ml_service_v2 INFO 🧙 Consejo v2.1: Calculated meta-features for BTCUSDT (19 features) 
2026-01-02 08:23:35,867 ml_service_v2 INFO 🧙 Consejo v2.1: Calculated meta-features for BTCUSDT (19 features) 
2026-01-02 08:23:35,894 ml_service_v2 INFO 🧙 Consejo v2.1: Calculated meta-features for BTCUSDT (19 features) 
2026-01-02 08:23:35,906 ml_service_v2 INFO 🧙 Consejo v2.1: Calculated meta-features for BTCUSDT (19 features) 
2026-01-02 08:23:35,921 ml_service_v2 INFO 🧙 Consejo v2.1: Calculated meta-features for BTCUSDT (19 features) 
2026-01-02 08:23:35,939 ml_service_v2 INFO 🧙 Consejo v2.1: Calculated meta-features for BTCUSDT (19 features) 
2026-01-02 08:23:35,951 ml_service_v2 INFO 🧙 Consejo v2.1: Calculated meta-features for BTCUSDT (19 features) 
2026-01-02 08:23:35,976 ml_service_v2 INFO 🧙 Consejo v2.1: Calculated meta-features for BTCUSDT (19 features) 
2026-01-02 08:23:35,988 ml_service_v2 INFO 🧙 Consejo v2.1: Calculated meta-features for BTCUSDT (19 features) 
2026-01-02 08:23:36,013 ml_service_v2 INFO 🧙 Consejo v2.1: Calculated meta-features for BTCUSDT (19 features) 
2026-01-02 08:23:36,025 ml_service_v2 INFO 🧙 Consejo v2.1: Calculated meta-features for BTCUSDT (19 features) 
2026-01-02 08:23:36,039 ml_service_v2 INFO 🧙 Consejo v2.1: Calculated meta-features for BTCUSDT (19 features) 
2026-01-02 08:23:36,057 ml_service_v2 INFO 🧙 Consejo v2.1: Calculated meta-features for BTCUSDT (19 features) 
2026-01-02 08:23:36,069 ml_service_v2 INFO 🧙 Consejo v2.1: Calculated meta-features for BTCUSDT (19 features) 
2026-01-02 08:23:36,096 ml_service_v2 INFO 🧙 Consejo v2.1: Calculated meta-features for BTCUSDT (19 features) 
2026-01-02 08:23:36,108 ml_service_v2 INFO 🧙 Consejo v2.1: Calculated meta-features for BTCUSDT (19 features) 
2026-01-02 08:23:36,135 ml_service_v2 INFO 🧙 Consejo v2.1: Calculated meta-features for BTCUSDT (19 features) 
2026-01-02 08:23:36,147 ml_service_v2 INFO 🧙 Consejo v2.1: Calculated meta-features for BTCUSDT (19 features) 
2026-01-02 08:23:36,163 ml_service_v2 INFO 🧙 Consejo v2.1: Calculated meta-features for BTCUSDT (19 features) 
2026-01-02 08:23:36,179 ml_service_v2 INFO 🧙 Consejo v2.1: Calculated meta-features for BTCUSDT (19 features) 
2026-01-02 08:23:36,192 ml_service_v2 INFO 🧙 Consejo v2.1: Calculated meta-features for BTCUSDT (19 features) 
2026-01-02 08:23:36,217 ml_service_v2 INFO 🧙 Consejo v2.1: Calculated meta-features for BTCUSDT (19 features) 
2026-01-02 08:23:36,229 ml_service_v2 INFO 🧙 Consejo v2.1: Calculated meta-features for BTCUSDT (19 features) 
2026-01-02 08:23:36,257 ml_service_v2 INFO 🧙 Consejo v2.1: Calculated meta-features for BTCUSDT (19 features) 
2026-01-02 08:23:36,268 ml_service_v2 INFO 🧙 Consejo v2.1: Calculated meta-features for BTCUSDT (19 features) 
2026-01-02 08:23:36,295 ml_service_v2 INFO 🧙 Consejo v2.1: Calculated meta-features for BTCUSDT (19 features) 
2026-01-02 08:23:36,308 ml_service_v2 INFO 🧙 Consejo v2.1: Calculated meta-features for BTCUSDT (19 features) 
2026-01-02 08:23:36,334 ml_service_v2 INFO 🧙 Consejo v2.1: Calculated meta-features for BTCUSDT (19 features) 
2026-01-02 08:23:36,346 ml_service_v2 INFO 🧙 Consejo v2.1: Calculated meta-features for BTCUSDT (19 features) 
2026-01-02 08:23:36,369 ml_service_v2 INFO 🧙 Consejo v2.1: Calculated meta-features for BTCUSDT (19 features) 
2026-01-02 08:23:36,385 ml_service_v2 INFO 🧙 Consejo v2.1: Calculated meta-features for BTCUSDT (19 features) 
2026-01-02 08:23:36,399 ml_service_v2 INFO 🧙 Consejo v2.1: Calculated meta-features for BTCUSDT (19 features) 
2026-01-02 08:23:36,418 ml_service_v2 INFO 🧙 Consejo v2.1: Calculated meta-features for BTCUSDT (19 features) 
2026-01-02 08:23:36,430 ml_service_v2 INFO 🧙 Consejo v2.1: Calculated meta-features for BTCUSDT (19 features) 
2026-01-02 08:23:36,456 ml_service_v2 INFO 🧙 Consejo v2.1: Calculated meta-features for BTCUSDT (19 features) 
2026-01-02 08:23:36,469 ml_service_v2 INFO 🧙 Consejo v2.1: Calculated meta-features for BTCUSDT (19 features) 
2026-01-02 08:23:36,497 ml_service_v2 INFO 🧙 Consejo v2.1: Calculated meta-features for BTCUSDT (19 features) 
2026-01-02 08:23:36,509 ml_service_v2 INFO 🧙 Consejo v2.1: Calculated meta-features for BTCUSDT (19 features) 
2026-01-02 08:23:36,537 ml_service_v2 INFO 🧙 Consejo v2.1: Calculated meta-features for BTCUSDT (19 features) 
2026-01-02 08:23:36,549 ml_service_v2 INFO 🧙 Consejo v2.1: Calculated meta-features for BTCUSDT (19 features) 
2026-01-02 08:23:36,577 ml_service_v2 INFO 🧙 Consejo v2.1: Calculated meta-features for BTCUSDT (19 features) 
2026-01-02 08:23:36,590 ml_service_v2 INFO 🧙 Consejo v2.1: Calculated meta-features for BTCUSDT (19 features) 
2026-01-02 08:23:36,617 ml_service_v2 INFO 🧙 Consejo v2.1: Calculated meta-features for BTCUSDT (19 features) 
2026-01-02 08:23:36,629 ml_service_v2 INFO 🧙 Consejo v2.1: Calculated meta-features for BTCUSDT (19 features) 
2026-01-02 08:23:36,657 ml_service_v2 INFO 🧙 Consejo v2.1: Calculated meta-features for BTCUSDT (19 features) 
2026-01-02 08:23:36,669 ml_service_v2 INFO 🧙 Consejo v2.1: Calculated meta-features for BTCUSDT (19 features) 
2026-01-02 08:23:36,697 ml_service_v2 INFO 🧙 Consejo v2.1: Calculated meta-features for BTCUSDT (19 features) 
2026-01-02 08:23:36,709 ml_service_v2 INFO 🧙 Consejo v2.1: Calculated meta-features for BTCUSDT (19 features) 
2026-01-02 08:23:36,736 ml_service_v2 INFO 🧙 Consejo v2.1: Calculated meta-features for BTCUSDT (19 features) 
2026-01-02 08:23:36,748 ml_service_v2 INFO 🧙 Consejo v2.1: Calculated meta-features for BTCUSDT (19 features) 
2026-01-02 08:23:36,777 ml_service_v2 INFO 🧙 Consejo v2.1: Calculated meta-features for BTCUSDT (19 features) 
2026-01-02 08:23:36,789 ml_service_v2 INFO 🧙 Consejo v2.1: Calculated meta-features for BTCUSDT (19 features) 
2026-01-02 08:23:36,818 ml_service_v2 INFO 🧙 Consejo v2.1: Calculated meta-features for BTCUSDT (19 features) 
2026-01-02 08:23:36,831 ml_service_v2 INFO 🧙 Consejo v2.1: Calculated meta-features for BTCUSDT (19 features) 
2026-01-02 08:23:36,856 ml_service_v2 INFO 🧙 Consejo v2.1: Calculated meta-features for BTCUSDT (19 features) 
2026-01-02 08:23:36,868 ml_service_v2 INFO 🧙 Consejo v2.1: Calculated meta-features for BTCUSDT (19 features) 
2026-01-02 08:23:36,896 ml_service_v2 INFO 🧙 Consejo v2.1: Calculated meta-features for BTCUSDT (19 features) 
2026-01-02 08:23:36,907 ml_service_v2 INFO 🧙 Consejo v2.1: Calculated meta-features for BTCUSDT (19 features) 
2026-01-02 08:23:36,935 ml_service_v2 INFO 🧙 Consejo v2.1: Calculated meta-features for BTCUSDT (19 features) 
2026-01-02 08:23:36,947 ml_service_v2 INFO 🧙 Consejo v2.1: Calculated meta-features for BTCUSDT (19 features) 
2026-01-02 08:23:36,961 ml_service_v2 INFO 🧙 Consejo v2.1: Calculated meta-features for BTCUSDT (19 features) 
2026-01-02 08:23:36,980 ml_service_v2 INFO 🧙 Consejo v2.1: Calculated meta-features for BTCUSDT (19 features) 
2026-01-02 08:23:36,992 ml_service_v2 INFO 🧙 Consejo v2.1: Calculated meta-features for BTCUSDT (19 features) 
2026-01-02 08:23:37,016 ml_service_v2 INFO 🧙 Consejo v2.1: Calculated meta-features for BTCUSDT (19 features) 
2026-01-02 08:23:37,028 ml_service_v2 INFO 🧙 Consejo v2.1: Calculated meta-features for BTCUSDT (19 features) 
2026-01-02 08:23:37,057 ml_service_v2 INFO 🧙 Consejo v2.1: Calculated meta-features for BTCUSDT (19 features) 
2026-01-02 08:23:37,070 ml_service_v2 INFO 🧙 Consejo v2.1: Calculated meta-features for BTCUSDT (19 features) 
2026-01-02 08:23:37,096 ml_service_v2 INFO 🧙 Consejo v2.1: Calculated meta-features for BTCUSDT (19 features) 
2026-01-02 08:23:37,108 ml_service_v2 INFO 🧙 Consejo v2.1: Calculated meta-features for BTCUSDT (19 features) 
2026-01-02 08:23:37,136 ml_service_v2 INFO 🧙 Consejo v2.1: Calculated meta-features for BTCUSDT (19 features) 
2026-01-02 08:23:37,147 ml_service_v2 INFO 🧙 Consejo v2.1: Calculated meta-features for BTCUSDT (19 features) 
2026-01-02 08:23:37,169 ml_service_v2 INFO 🧙 Consejo v2.1: Calculated meta-features for BTCUSDT (19 features) 
2026-01-02 08:23:37,186 ml_service_v2 INFO 🧙 Consejo v2.1: Calculated meta-features for BTCUSDT (19 features) 
2026-01-02 08:23:37,200 ml_service_v2 INFO 🧙 Consejo v2.1: Calculated meta-features for BTCUSDT (19 features) 
2026-01-02 08:23:37,218 ml_service_v2 INFO 🧙 Consejo v2.1: Calculated meta-features for BTCUSDT (19 features) 
2026-01-02 08:23:37,230 ml_service_v2 INFO 🧙 Consejo v2.1: Calculated meta-features for BTCUSDT (19 features) 
2026-01-02 08:23:37,256 ml_service_v2 INFO 🧙 Consejo v2.1: Calculated meta-features for BTCUSDT (19 features) 
2026-01-02 08:23:37,268 ml_service_v2 INFO 🧙 Consejo v2.1: Calculated meta-features for BTCUSDT (19 features) 
2026-01-02 08:23:37,296 ml_service_v2 INFO 🧙 Consejo v2.1: Calculated meta-features for BTCUSDT (19 features) 
2026-01-02 08:23:37,307 ml_service_v2 INFO 🧙 Consejo v2.1: Calculated meta-features for BTCUSDT (19 features) 
2026-01-02 08:23:37,330 ml_service_v2 INFO 🧙 Consejo v2.1: Calculated meta-features for BTCUSDT (19 features) 
2026-01-02 08:23:37,345 ml_service_v2 INFO 🧙 Consejo v2.1: Calculated meta-features for BTCUSDT (19 features) 
2026-01-02 08:23:37,358 ml_service_v2 INFO 🧙 Consejo v2.1: Calculated meta-features for BTCUSDT (19 features) 
2026-01-02 08:23:37,377 ml_service_v2 INFO 🧙 Consejo v2.1: Calculated meta-features for BTCUSDT (19 features) 
2026-01-02 08:23:37,389 ml_service_v2 INFO 🧙 Consejo v2.1: Calculated meta-features for BTCUSDT (19 features) 
2026-01-02 08:23:37,416 ml_service_v2 INFO 🧙 Consejo v2.1: Calculated meta-features for BTCUSDT (19 features) 
2026-01-02 08:23:37,428 ml_service_v2 INFO 🧙 Consejo v2.1: Calculated meta-features for BTCUSDT (19 features) 
2026-01-02 08:23:37,456 ml_service_v2 INFO 🧙 Consejo v2.1: Calculated meta-features for BTCUSDT (19 features) 
2026-01-02 08:23:37,468 ml_service_v2 INFO 🧙 Consejo v2.1: Calculated meta-features for BTCUSDT (19 features) 
2026-01-02 08:23:37,494 ml_service_v2 INFO 🧙 Consejo v2.1: Calculated meta-features for BTCUSDT (19 features) 
2026-01-02 08:23:37,507 ml_service_v2 INFO 🧙 Consejo v2.1: Calculated meta-features for BTCUSDT (19 features) 
2026-01-02 08:23:37,520 ml_service_v2 INFO 🧙 Consejo v2.1: Calculated meta-features for BTCUSDT (19 features) 
2026-01-02 08:23:37,539 ml_service_v2 INFO 🧙 Consejo v2.1: Calculated meta-features for BTCUSDT (19 features) 
2026-01-02 08:23:37,550 ml_service_v2 INFO 🧙 Consejo v2.1: Calculated meta-features for BTCUSDT (19 features) 
2026-01-02 08:23:37,577 ml_service_v2 INFO 🧙 Consejo v2.1: Calculated meta-features for BTCUSDT (19 features) 
2026-01-02 08:23:37,589 ml_service_v2 INFO 🧙 Consejo v2.1: Calculated meta-features for BTCUSDT (19 features) 
2026-01-02 08:23:37,616 ml_service_v2 INFO 🧙 Consejo v2.1: Calculated meta-features for BTCUSDT (19 features) 
2026-01-02 08:23:37,628 ml_service_v2 INFO 🧙 Consejo v2.1: Calculated meta-features for BTCUSDT (19 features) 
2026-01-02 08:23:37,653 ml_service_v2 INFO 🧙 Consejo v2.1: Calculated meta-features for BTCUSDT (19 features) 
2026-01-02 08:23:37,665 ml_service_v2 INFO 🧙 Consejo v2.1: Calculated meta-features for BTCUSDT (19 features) 
2026-01-02 08:23:37,677 ml_service_v2 INFO 🧙 Consejo v2.1: Calculated meta-features for BTCUSDT (19 features) 
2026-01-02 08:23:37,698 ml_service_v2 INFO 🧙 Consejo v2.1: Calculated meta-features for BTCUSDT (19 features) 
2026-01-02 08:23:37,709 ml_service_v2 INFO 🧙 Consejo v2.1: Calculated meta-features for BTCUSDT (19 features) 
2026-01-02 08:23:37,737 ml_service_v2 INFO 🧙 Consejo v2.1: Calculated meta-features for BTCUSDT (19 features) 
2026-01-02 08:23:37,748 ml_service_v2 INFO 🧙 Consejo v2.1: Calculated meta-features for BTCUSDT (19 features) 
2026-01-02 08:23:37,775 ml_service_v2 INFO 🧙 Consejo v2.1: Calculated meta-features for BTCUSDT (19 features) 
2026-01-02 08:23:37,787 ml_service_v2 INFO 🧙 Consejo v2.1: Calculated meta-features for BTCUSDT (19 features) 
2026-01-02 08:23:37,800 ml_service_v2 INFO 🧙 Consejo v2.1: Calculated meta-features for BTCUSDT (19 features) 
2026-01-02 08:23:37,820 ml_service_v2 INFO 🧙 Consejo v2.1: Calculated meta-features for BTCUSDT (19 features) 
2026-01-02 08:23:37,833 ml_service_v2 INFO 🧙 Consejo v2.1: Calculated meta-features for BTCUSDT (19 features) 
2026-01-02 08:23:37,858 ml_service_v2 INFO 🧙 Consejo v2.1: Calculated meta-features for BTCUSDT (19 features) 
2026-01-02 08:23:37,870 ml_service_v2 INFO 🧙 Consejo v2.1: Calculated meta-features for BTCUSDT (19 features) 
2026-01-02 08:23:37,897 ml_service_v2 INFO 🧙 Consejo v2.1: Calculated meta-features for BTCUSDT (19 features) 
2026-01-02 08:23:37,914 ml_service_v2 INFO 🧙 Consejo v2.1: Calculated meta-features for BTCUSDT (19 features) 
2026-01-02 08:23:37,938 ml_service_v2 INFO 🧙 Consejo v2.1: Calculated meta-features for BTCUSDT (19 features) 
2026-01-02 08:23:37,950 ml_service_v2 INFO 🧙 Consejo v2.1: Calculated meta-features for BTCUSDT (19 features) 
2026-01-02 08:23:37,973 ml_service_v2 INFO 🧙 Consejo v2.1: Calculated meta-features for BTCUSDT (19 features) 
2026-01-02 08:23:37,986 ml_service_v2 INFO 🧙 Consejo v2.1: Calculated meta-features for BTCUSDT (19 features) 
2026-01-02 08:23:38,000 ml_service_v2 INFO 🧙 Consejo v2.1: Calculated meta-features for BTCUSDT (19 features) 
2026-01-02 08:23:38,020 ml_service_v2 INFO 🧙 Consejo v2.1: Calculated meta-features for BTCUSDT (19 features) 
2026-01-02 08:23:38,032 ml_service_v2 INFO 🧙 Consejo v2.1: Calculated meta-features for BTCUSDT (19 features) 
2026-01-02 08:23:38,053 ml_service_v2 INFO 🧙 Consejo v2.1: Calculated meta-features for BTCUSDT (19 features) 
2026-01-02 08:23:38,066 ml_service_v2 INFO 🧙 Consejo v2.1: Calculated meta-features for BTCUSDT (19 features) 
2026-01-02 08:23:38,081 ml_service_v2 INFO 🧙 Consejo v2.1: Calculated meta-features for BTCUSDT (19 features) 
2026-01-02 08:23:38,100 ml_service_v2 INFO 🧙 Consejo v2.1: Calculated meta-features for BTCUSDT (19 features) 
2026-01-02 08:23:38,115 ml_service_v2 INFO 🧙 Consejo v2.1: Calculated meta-features for BTCUSDT (19 features) 
2026-01-02 08:23:38,138 ml_service_v2 INFO 🧙 Consejo v2.1: Calculated meta-features for BTCUSDT (19 features) 
2026-01-02 08:23:38,151 ml_service_v2 INFO 🧙 Consejo v2.1: Calculated meta-features for BTCUSDT (19 features) 
2026-01-02 08:23:38,173 ml_service_v2 INFO 🧙 Consejo v2.1: Calculated meta-features for BTCUSDT (19 features) 
2026-01-02 08:23:38,187 ml_service_v2 INFO 🧙 Consejo v2.1: Calculated meta-features for BTCUSDT (19 features) 
2026-01-02 08:23:38,203 ml_service_v2 INFO 🧙 Consejo v2.1: Calculated meta-features for BTCUSDT (19 features) 
2026-01-02 08:23:38,221 ml_service_v2 INFO 🧙 Consejo v2.1: Calculated meta-features for BTCUSDT (19 features) 
2026-01-02 08:23:38,233 ml_service_v2 INFO 🧙 Consejo v2.1: Calculated meta-features for BTCUSDT (19 features) 
2026-01-02 08:23:38,257 ml_service_v2 INFO 🧙 Consejo v2.1: Calculated meta-features for BTCUSDT (19 features) 
2026-01-02 08:23:38,270 ml_service_v2 INFO 🧙 Consejo v2.1: Calculated meta-features for BTCUSDT (19 features) 
2026-01-02 08:23:38,291 ml_service_v2 INFO 🧙 Consejo v2.1: Calculated meta-features for BTCUSDT (19 features) 
2026-01-02 08:23:38,306 ml_service_v2 INFO 🧙 Consejo v2.1: Calculated meta-features for BTCUSDT (19 features) 
2026-01-02 08:23:38,320 ml_service_v2 INFO 🧙 Consejo v2.1: Calculated meta-features for BTCUSDT (19 features) 
2026-01-02 08:23:38,341 ml_service_v2 INFO 🧙 Consejo v2.1: Calculated meta-features for BTCUSDT (19 features) 
2026-01-02 08:23:38,354 ml_service_v2 INFO 🧙 Consejo v2.1: Calculated meta-features for BTCUSDT (19 features) 
2026-01-02 08:23:38,376 ml_service_v2 INFO 🧙 Consejo v2.1: Calculated meta-features for BTCUSDT (19 features) 
2026-01-02 08:23:38,388 ml_service_v2 INFO 🧙 Consejo v2.1: Calculated meta-features for BTCUSDT (19 features) 
2026-01-02 08:23:38,412 ml_service_v2 INFO 🧙 Consejo v2.1: Calculated meta-features for BTCUSDT (19 features) 
2026-01-02 08:23:38,426 ml_service_v2 INFO 🧙 Consejo v2.1: Calculated meta-features for BTCUSDT (19 features) 
2026-01-02 08:23:38,439 ml_service_v2 INFO 🧙 Consejo v2.1: Calculated meta-features for BTCUSDT (19 features) 
2026-01-02 08:23:38,460 ml_service_v2 INFO 🧙 Consejo v2.1: Calculated meta-features for BTCUSDT (19 features) 
2026-01-02 08:23:38,473 ml_service_v2 INFO 🧙 Consejo v2.1: Calculated meta-features for BTCUSDT (19 features) 
2026-01-02 08:23:38,492 ml_service_v2 INFO 🧙 Consejo v2.1: Calculated meta-features for BTCUSDT (19 features) 
2026-01-02 08:23:38,506 ml_service_v2 INFO 🧙 Consejo v2.1: Calculated meta-features for BTCUSDT (19 features) 
2026-01-02 08:23:38,521 ml_service_v2 INFO 🧙 Consejo v2.1: Calculated meta-features for BTCUSDT (19 features) 
2026-01-02 08:23:38,542 ml_service_v2 INFO 🧙 Consejo v2.1: Calculated meta-features for BTCUSDT (19 features) 
2026-01-02 08:23:38,554 ml_service_v2 INFO 🧙 Consejo v2.1: Calculated meta-features for BTCUSDT (19 features) 
2026-01-02 08:23:38,574 ml_service_v2 INFO 🧙 Consejo v2.1: Calculated meta-features for BTCUSDT (19 features) 
2026-01-02 08:23:38,587 ml_service_v2 INFO 🧙 Consejo v2.1: Calculated meta-features for BTCUSDT (19 features) 
2026-01-02 08:23:38,604 ml_service_v2 INFO 🧙 Consejo v2.1: Calculated meta-features for BTCUSDT (19 features) 
2026-01-02 08:23:38,622 ml_service_v2 INFO 🧙 Consejo v2.1: Calculated meta-features for BTCUSDT (19 features) 
2026-01-02 08:23:38,635 ml_service_v2 INFO 🧙 Consejo v2.1: Calculated meta-features for BTCUSDT (19 features) 
2026-01-02 08:23:38,648 ml_service_v2 INFO 🧙 Consejo v2.1: Calculated meta-features for BTCUSDT (19 features) 
2026-01-02 08:23:38,666 ml_service_v2 INFO 🧙 Consejo v2.1: Calculated meta-features for BTCUSDT (19 features) 
2026-01-02 08:23:38,681 ml_service_v2 INFO 🧙 Consejo v2.1: Calculated meta-features for BTCUSDT (19 features) 
2026-01-02 08:23:38,704 ml_service_v2 INFO 🧙 Consejo v2.1: Calculated meta-features for BTCUSDT (19 features) 
2026-01-02 08:23:38,717 ml_service_v2 INFO 🧙 Consejo v2.1: Calculated meta-features for BTCUSDT (19 features) 
2026-01-02 08:23:38,729 ml_service_v2 INFO 🧙 Consejo v2.1: Calculated meta-features for BTCUSDT (19 features) 
2026-01-02 08:23:38,748 ml_service_v2 INFO 🧙 Consejo v2.1: Calculated meta-features for BTCUSDT (19 features) 
2026-01-02 08:23:38,763 ml_service_v2 INFO 🧙 Consejo v2.1: Calculated meta-features for BTCUSDT (19 features) 
2026-01-02 08:23:38,785 ml_service_v2 INFO 🧙 Consejo v2.1: Calculated meta-features for BTCUSDT (19 features) 
2026-01-02 08:23:38,798 ml_service_v2 INFO 🧙 Consejo v2.1: Calculated meta-features for BTCUSDT (19 features) 
2026-01-02 08:23:38,816 ml_service_v2 INFO 🧙 Consejo v2.1: Calculated meta-features for BTCUSDT (19 features) 
2026-01-02 08:23:38,830 ml_service_v2 INFO 🧙 Consejo v2.1: Calculated meta-features for BTCUSDT (19 features) 
2026-01-02 08:23:38,845 ml_service_v2 INFO 🧙 Consejo v2.1: Calculated meta-features for BTCUSDT (19 features) 
2026-01-02 08:23:38,866 ml_service_v2 INFO 🧙 Consejo v2.1: Calculated meta-features for BTCUSDT (19 features) 
2026-01-02 08:23:38,878 ml_service_v2 INFO 🧙 Consejo v2.1: Calculated meta-features for BTCUSDT (19 features) 
2026-01-02 08:23:38,897 ml_service_v2 INFO 🧙 Consejo v2.1: Calculated meta-features for BTCUSDT (19 features) 
2026-01-02 08:23:38,911 ml_service_v2 INFO 🧙 Consejo v2.1: Calculated meta-features for BTCUSDT (19 features) 
2026-01-02 08:23:38,927 ml_service_v2 INFO 🧙 Consejo v2.1: Calculated meta-features for BTCUSDT (19 features) 
2026-01-02 08:23:38,946 ml_service_v2 INFO 🧙 Consejo v2.1: Calculated meta-features for BTCUSDT (19 features) 
2026-01-02 08:23:38,959 ml_service_v2 INFO 🧙 Consejo v2.1: Calculated meta-features for BTCUSDT (19 features) 
2026-01-02 08:23:38,980 ml_service_v2 INFO 🧙 Consejo v2.1: Calculated meta-features for BTCUSDT (19 features) 
2026-01-02 08:23:38,992 ml_service_v2 INFO 🧙 Consejo v2.1: Calculated meta-features for BTCUSDT (19 features) 
2026-01-02 08:23:39,004 ml_service_v2 INFO 🧙 Consejo v2.1: Calculated meta-features for BTCUSDT (19 features) 
2026-01-02 08:23:39,027 ml_service_v2 INFO 🧙 Consejo v2.1: Calculated meta-features for BTCUSDT (19 features) 
2026-01-02 08:23:39,044 ml_service_v2 INFO 🧙 Consejo v2.1: Calculated meta-features for BTCUSDT (19 features) 
2026-01-02 08:23:39,066 ml_service_v2 INFO 🧙 Consejo v2.1: Calculated meta-features for BTCUSDT (19 features) 
2026-01-02 08:23:39,078 ml_service_v2 INFO 🧙 Consejo v2.1: Calculated meta-features for BTCUSDT (19 features) 
2026-01-02 08:23:39,097 ml_service_v2 INFO 🧙 Consejo v2.1: Calculated meta-features for BTCUSDT (19 features) 
2026-01-02 08:23:39,111 ml_service_v2 INFO 🧙 Consejo v2.1: Calculated meta-features for BTCUSDT (19 features) 
2026-01-02 08:23:39,124 ml_service_v2 INFO 🧙 Consejo v2.1: Calculated meta-features for BTCUSDT (19 features) 
2026-01-02 08:23:39,147 ml_service_v2 INFO 🧙 Consejo v2.1: Calculated meta-features for BTCUSDT (19 features) 
2026-01-02 08:23:39,162 ml_service_v2 INFO 🧙 Consejo v2.1: Calculated meta-features for BTCUSDT (19 features) 
2026-01-02 08:23:39,185 ml_service_v2 INFO 🧙 Consejo v2.1: Calculated meta-features for BTCUSDT (19 features) 
2026-01-02 08:23:39,198 ml_service_v2 INFO 🧙 Consejo v2.1: Calculated meta-features for BTCUSDT (19 features) 
2026-01-02 08:23:39,213 ml_service_v2 INFO 🧙 Consejo v2.1: Calculated meta-features for BTCUSDT (19 features) 
2026-01-02 08:23:39,229 ml_service_v2 INFO 🧙 Consejo v2.1: Calculated meta-features for BTCUSDT (19 features) 
2026-01-02 08:23:39,244 ml_service_v2 INFO 🧙 Consejo v2.1: Calculated meta-features for BTCUSDT (19 features) 
2026-01-02 08:23:39,265 ml_service_v2 INFO 🧙 Consejo v2.1: Calculated meta-features for BTCUSDT (19 features) 
2026-01-02 08:23:39,278 ml_service_v2 INFO 🧙 Consejo v2.1: Calculated meta-features for BTCUSDT (19 features) 
2026-01-02 08:23:39,296 ml_service_v2 INFO 🧙 Consejo v2.1: Calculated meta-features for BTCUSDT (19 features) 
2026-01-02 08:23:39,311 ml_service_v2 INFO 🧙 Consejo v2.1: Calculated meta-features for BTCUSDT (19 features) 
2026-01-02 08:23:39,325 ml_service_v2 INFO 🧙 Consejo v2.1: Calculated meta-features for BTCUSDT (19 features) 
2026-01-02 08:23:39,345 ml_service_v2 INFO 🧙 Consejo v2.1: Calculated meta-features for BTCUSDT (19 features) 
2026-01-02 08:23:39,358 ml_service_v2 INFO 🧙 Consejo v2.1: Calculated meta-features for BTCUSDT (19 features) 
2026-01-02 08:23:39,373 ml_service_v2 INFO 🧙 Consejo v2.1: Calculated meta-features for BTCUSDT (19 features) 
2026-01-02 08:23:39,389 ml_service_v2 INFO 🧙 Consejo v2.1: Calculated meta-features for BTCUSDT (19 features) 
2026-01-02 08:23:39,404 ml_service_v2 INFO 🧙 Consejo v2.1: Calculated meta-features for BTCUSDT (19 features) 
2026-01-02 08:23:39,424 ml_service_v2 INFO 🧙 Consejo v2.1: Calculated meta-features for BTCUSDT (19 features) 
2026-01-02 08:23:39,436 ml_service_v2 INFO 🧙 Consejo v2.1: Calculated meta-features for BTCUSDT (19 features) 
2026-01-02 08:23:39,448 ml_service_v2 INFO 🧙 Consejo v2.1: Calculated meta-features for BTCUSDT (19 features) 
2026-01-02 08:23:39,466 ml_service_v2 INFO 🧙 Consejo v2.1: Calculated meta-features for BTCUSDT (19 features) 
2026-01-02 08:23:39,479 ml_service_v2 INFO 🧙 Consejo v2.1: Calculated meta-features for BTCUSDT (19 features) 
2026-01-02 08:23:39,498 ml_service_v2 INFO 🧙 Consejo v2.1: Calculated meta-features for BTCUSDT (19 features) 
2026-01-02 08:23:39,511 ml_service_v2 INFO 🧙 Consejo v2.1: Calculated meta-features for BTCUSDT (19 features) 
2026-01-02 08:23:39,524 ml_service_v2 INFO 🧙 Consejo v2.1: Calculated meta-features for BTCUSDT (19 features) 
2026-01-02 08:23:39,546 ml_service_v2 INFO 🧙 Consejo v2.1: Calculated meta-features for BTCUSDT (19 features) 
2026-01-02 08:23:39,559 ml_service_v2 INFO 🧙 Consejo v2.1: Calculated meta-features for BTCUSDT (19 features) 
2026-01-02 08:23:39,579 ml_service_v2 INFO 🧙 Consejo v2.1: Calculated meta-features for BTCUSDT (19 features) 
2026-01-02 08:23:39,591 ml_service_v2 INFO 🧙 Consejo v2.1: Calculated meta-features for BTCUSDT (19 features) 
2026-01-02 08:23:39,604 ml_service_v2 INFO 🧙 Consejo v2.1: Calculated meta-features for BTCUSDT (19 features) 
2026-01-02 08:23:39,625 ml_service_v2 INFO 🧙 Consejo v2.1: Calculated meta-features for BTCUSDT (19 features) 
2026-01-02 08:23:39,637 ml_service_v2 INFO 🧙 Consejo v2.1: Calculated meta-features for BTCUSDT (19 features) 
2026-01-02 08:23:39,649 ml_service_v2 INFO 🧙 Consejo v2.1: Calculated meta-features for BTCUSDT (19 features) 
2026-01-02 08:23:39,667 ml_service_v2 INFO 🧙 Consejo v2.1: Calculated meta-features for BTCUSDT (19 features) 
2026-01-02 08:23:39,680 ml_service_v2 INFO 🧙 Consejo v2.1: Calculated meta-features for BTCUSDT (19 features) 
2026-01-02 08:23:39,703 ml_service_v2 INFO 🧙 Consejo v2.1: Calculated meta-features for BTCUSDT (19 features) 
2026-01-02 08:23:39,715 ml_service_v2 INFO 🧙 Consejo v2.1: Calculated meta-features for BTCUSDT (19 features) 
2026-01-02 08:23:39,726 ml_service_v2 INFO 🧙 Consejo v2.1: Calculated meta-features for BTCUSDT (19 features) 
2026-01-02 08:23:39,745 ml_service_v2 INFO 🧙 Consejo v2.1: Calculated meta-features for BTCUSDT (19 features) 
2026-01-02 08:23:39,758 ml_service_v2 INFO 🧙 Consejo v2.1: Calculated meta-features for BTCUSDT (19 features) 
2026-01-02 08:23:39,769 ml_service_v2 INFO 🧙 Consejo v2.1: Calculated meta-features for BTCUSDT (19 features) 
2026-01-02 08:23:39,787 ml_service_v2 INFO 🧙 Consejo v2.1: Calculated meta-features for BTCUSDT (19 features) 
2026-01-02 08:23:39,802 ml_service_v2 INFO 🧙 Consejo v2.1: Calculated meta-features for BTCUSDT (19 features) 
2026-01-02 08:23:39,825 ml_service_v2 INFO 🧙 Consejo v2.1: Calculated meta-features for BTCUSDT (19 features) 
2026-01-02 08:23:39,838 ml_service_v2 INFO 🧙 Consejo v2.1: Calculated meta-features for BTCUSDT (19 features) 
2026-01-02 08:23:39,853 ml_service_v2 INFO 🧙 Consejo v2.1: Calculated meta-features for BTCUSDT (19 features) 
2026-01-02 08:23:39,869 ml_service_v2 INFO 🧙 Consejo v2.1: Calculated meta-features for BTCUSDT (19 features) 
2026-01-02 08:23:39,884 ml_service_v2 INFO 🧙 Consejo v2.1: Calculated meta-features for BTCUSDT (19 features) 
2026-01-02 08:23:39,905 ml_service_v2 INFO 🧙 Consejo v2.1: Calculated meta-features for BTCUSDT (19 features) 
2026-01-02 08:23:39,918 ml_service_v2 INFO 🧙 Consejo v2.1: Calculated meta-features for BTCUSDT (19 features) 
2026-01-02 08:23:39,930 ml_service_v2 INFO 🧙 Consejo v2.1: Calculated meta-features for BTCUSDT (19 features) 
2026-01-02 08:23:39,947 ml_service_v2 INFO 🧙 Consejo v2.1: Calculated meta-features for BTCUSDT (19 features) 
2026-01-02 08:23:39,961 ml_service_v2 INFO 🧙 Consejo v2.1: Calculated meta-features for BTCUSDT (19 features) 
2026-01-02 08:23:39,985 ml_service_v2 INFO 🧙 Consejo v2.1: Calculated meta-features for BTCUSDT (19 features) 
2026-01-02 08:23:39,997 ml_service_v2 INFO 🧙 Consejo v2.1: Calculated meta-features for BTCUSDT (19 features) 
2026-01-02 08:23:40,014 ml_service_v2 INFO 🧙 Consejo v2.1: Calculated meta-features for BTCUSDT (19 features) 
2026-01-02 08:23:40,033 ml_service_v2 INFO 🧙 Consejo v2.1: Calculated meta-features for BTCUSDT (19 features) 
2026-01-02 08:23:40,048 ml_service_v2 INFO 🧙 Consejo v2.1: Calculated meta-features for BTCUSDT (19 features) 
2026-01-02 08:23:40,065 ml_service_v2 INFO 🧙 Consejo v2.1: Calculated meta-features for BTCUSDT (19 features) 
2026-01-02 08:23:40,078 ml_service_v2 INFO 🧙 Consejo v2.1: Calculated meta-features for BTCUSDT (19 features) 
2026-01-02 08:23:40,090 ml_service_v2 INFO 🧙 Consejo v2.1: Calculated meta-features for BTCUSDT (19 features) 
2026-01-02 08:23:40,108 ml_service_v2 INFO 🧙 Consejo v2.1: Calculated meta-features for BTCUSDT (19 features) 
2026-01-02 08:23:40,124 ml_service_v2 INFO 🧙 Consejo v2.1: Calculated meta-features for BTCUSDT (19 features) 
2026-01-02 08:23:40,147 ml_service_v2 INFO 🧙 Consejo v2.1: Calculated meta-features for BTCUSDT (19 features) 
2026-01-02 08:23:40,161 ml_service_v2 INFO 🧙 Consejo v2.1: Calculated meta-features for BTCUSDT (19 features) 
2026-01-02 08:23:40,186 ml_service_v2 INFO 🧙 Consejo v2.1: Calculated meta-features for BTCUSDT (19 features) 
2026-01-02 08:23:40,199 ml_service_v2 INFO 🧙 Consejo v2.1: Calculated meta-features for BTCUSDT (19 features) 
2026-01-02 08:23:40,218 ml_service_v2 INFO 🧙 Consejo v2.1: Calculated meta-features for BTCUSDT (19 features) 
2026-01-02 08:23:40,233 ml_service_v2 INFO 🧙 Consejo v2.1: Calculated meta-features for BTCUSDT (19 features) 
2026-01-02 08:23:40,245 ml_service_v2 INFO 🧙 Consejo v2.1: Calculated meta-features for BTCUSDT (19 features) 
2026-01-02 08:23:40,267 ml_service_v2 INFO 🧙 Consejo v2.1: Calculated meta-features for BTCUSDT (19 features) 
2026-01-02 08:23:40,283 ml_service_v2 INFO 🧙 Consejo v2.1: Calculated meta-features for BTCUSDT (19 features) 
2026-01-02 08:23:40,307 ml_service_v2 INFO 🧙 Consejo v2.1: Calculated meta-features for BTCUSDT (19 features) 
2026-01-02 08:23:40,322 ml_service_v2 INFO 🧙 Consejo v2.1: Calculated meta-features for BTCUSDT (19 features) 
2026-01-02 08:23:40,346 ml_service_v2 INFO 🧙 Consejo v2.1: Calculated meta-features for BTCUSDT (19 features) 
2026-01-02 08:23:40,360 ml_service_v2 INFO 🧙 Consejo v2.1: Calculated meta-features for BTCUSDT (19 features) 
2026-01-02 08:23:40,380 ml_service_v2 INFO 🧙 Consejo v2.1: Calculated meta-features for BTCUSDT (19 features) 
2026-01-02 08:23:40,394 ml_service_v2 INFO 🧙 Consejo v2.1: Calculated meta-features for BTCUSDT (19 features) 
2026-01-02 08:23:40,406 ml_service_v2 INFO 🧙 Consejo v2.1: Calculated meta-features for BTCUSDT (19 features) 
2026-01-02 08:23:40,427 ml_service_v2 INFO 🧙 Consejo v2.1: Calculated meta-features for BTCUSDT (19 features) 
2026-01-02 08:23:40,441 ml_service_v2 INFO 🧙 Consejo v2.1: Calculated meta-features for BTCUSDT (19 features) 
2026-01-02 08:23:40,464 ml_service_v2 INFO 🧙 Consejo v2.1: Calculated meta-features for BTCUSDT (19 features) 
2026-01-02 08:23:40,477 ml_service_v2 INFO 🧙 Consejo v2.1: Calculated meta-features for BTCUSDT (19 features) 
2026-01-02 08:23:40,490 ml_service_v2 INFO 🧙 Consejo v2.1: Calculated meta-features for BTCUSDT (19 features) 
2026-01-02 08:23:40,509 ml_service_v2 INFO 🧙 Consejo v2.1: Calculated meta-features for BTCUSDT (19 features) 
2026-01-02 08:23:40,525 ml_service_v2 INFO 🧙 Consejo v2.1: Calculated meta-features for BTCUSDT (19 features) 
2026-01-02 08:23:40,546 ml_service_v2 INFO 🧙 Consejo v2.1: Calculated meta-features for BTCUSDT (19 features) 
2026-01-02 08:23:40,560 ml_service_v2 INFO 🧙 Consejo v2.1: Calculated meta-features for BTCUSDT (19 features) 
2026-01-02 08:23:40,583 ml_service_v2 INFO 🧙 Consejo v2.1: Calculated meta-features for BTCUSDT (19 features) 
2026-01-02 08:23:40,596 ml_service_v2 INFO 🧙 Consejo v2.1: Calculated meta-features for BTCUSDT (19 features) 
2026-01-02 08:23:40,608 ml_service_v2 INFO 🧙 Consejo v2.1: Calculated meta-features for BTCUSDT (19 features) 
2026-01-02 08:23:40,628 ml_service_v2 INFO 🧙 Consejo v2.1: Calculated meta-features for BTCUSDT (19 features) 
2026-01-02 08:23:40,644 ml_service_v2 INFO 🧙 Consejo v2.1: Calculated meta-features for BTCUSDT (19 features) 
2026-01-02 08:23:40,667 ml_service_v2 INFO 🧙 Consejo v2.1: Calculated meta-features for BTCUSDT (19 features) 
2026-01-02 08:23:40,683 ml_service_v2 INFO 🧙 Consejo v2.1: Calculated meta-features for BTCUSDT (19 features) 
2026-01-02 08:23:40,707 ml_service_v2 INFO 🧙 Consejo v2.1: Calculated meta-features for BTCUSDT (19 features) 
2026-01-02 08:23:40,722 ml_service_v2 INFO 🧙 Consejo v2.1: Calculated meta-features for BTCUSDT (19 features) 
2026-01-02 08:23:40,746 ml_service_v2 INFO 🧙 Consejo v2.1: Calculated meta-features for BTCUSDT (19 features) 
2026-01-02 08:23:40,760 ml_service_v2 INFO 🧙 Consejo v2.1: Calculated meta-features for BTCUSDT (19 features) 
2026-01-02 08:23:40,782 ml_service_v2 INFO 🧙 Consejo v2.1: Calculated meta-features for BTCUSDT (19 features) 
2026-01-02 08:23:40,795 ml_service_v2 INFO 🧙 Consejo v2.1: Calculated meta-features for BTCUSDT (19 features) 
2026-01-02 08:23:40,807 ml_service_v2 INFO 🧙 Consejo v2.1: Calculated meta-features for BTCUSDT (19 features) 
2026-01-02 08:23:40,827 ml_service_v2 INFO 🧙 Consejo v2.1: Calculated meta-features for BTCUSDT (19 features) 
2026-01-02 08:23:40,842 ml_service_v2 INFO 🧙 Consejo v2.1: Calculated meta-features for BTCUSDT (19 features) 
2026-01-02 08:23:40,866 ml_service_v2 INFO 🧙 Consejo v2.1: Calculated meta-features for BTCUSDT (19 features) 
2026-01-02 08:23:40,880 ml_service_v2 INFO 🧙 Consejo v2.1: Calculated meta-features for BTCUSDT (19 features) 
2026-01-02 08:23:40,899 ml_service_v2 INFO 🧙 Consejo v2.1: Calculated meta-features for BTCUSDT (19 features) 
2026-01-02 08:23:40,914 ml_service_v2 INFO 🧙 Consejo v2.1: Calculated meta-features for BTCUSDT (19 features) 
2026-01-02 08:23:40,926 ml_service_v2 INFO 🧙 Consejo v2.1: Calculated meta-features for BTCUSDT (19 features) 
2026-01-02 08:23:40,948 ml_service_v2 INFO 🧙 Consejo v2.1: Calculated meta-features for BTCUSDT (19 features) 
2026-01-02 08:23:40,963 ml_service_v2 INFO 🧙 Consejo v2.1: Calculated meta-features for BTCUSDT (19 features) 
2026-01-02 08:23:40,987 ml_service_v2 INFO 🧙 Consejo v2.1: Calculated meta-features for BTCUSDT (19 features) 
2026-01-02 08:23:41,002 ml_service_v2 INFO 🧙 Consejo v2.1: Calculated meta-features for BTCUSDT (19 features) 
2026-01-02 08:23:41,026 ml_service_v2 INFO 🧙 Consejo v2.1: Calculated meta-features for BTCUSDT (19 features) 
2026-01-02 08:23:41,040 ml_service_v2 INFO 🧙 Consejo v2.1: Calculated meta-features for BTCUSDT (19 features) 
2026-01-02 08:23:41,052 ml_service_v2 INFO 🧙 Consejo v2.1: Calculated meta-features for BTCUSDT (19 features) 
2026-01-02 08:23:41,070 ml_service_v2 INFO 🧙 Consejo v2.1: Calculated meta-features for BTCUSDT (19 features) 
2026-01-02 08:23:41,084 ml_service_v2 INFO 🧙 Consejo v2.1: Calculated meta-features for BTCUSDT (19 features) 
2026-01-02 08:23:41,111 ml_service_v2 INFO 🧙 Consejo v2.1: Calculated meta-features for BTCUSDT (19 features) 
2026-01-02 08:23:41,126 ml_service_v2 INFO 🧙 Consejo v2.1: Calculated meta-features for BTCUSDT (19 features) 
2026-01-02 08:23:41,149 ml_service_v2 INFO 🧙 Consejo v2.1: Calculated meta-features for BTCUSDT (19 features) 
2026-01-02 08:23:41,164 ml_service_v2 INFO 🧙 Consejo v2.1: Calculated meta-features for BTCUSDT (19 features) 
2026-01-02 08:23:41,188 ml_service_v2 INFO 🧙 Consejo v2.1: Calculated meta-features for BTCUSDT (19 features) 
2026-01-02 08:23:41,204 ml_service_v2 INFO 🧙 Consejo v2.1: Calculated meta-features for BTCUSDT (19 features) 
2026-01-02 08:23:41,228 ml_service_v2 INFO 🧙 Consejo v2.1: Calculated meta-features for BTCUSDT (19 features) 
2026-01-02 08:23:41,244 ml_service_v2 INFO 🧙 Consejo v2.1: Calculated meta-features for BTCUSDT (19 features) 
2026-01-02 08:23:41,268 ml_service_v2 INFO 🧙 Consejo v2.1: Calculated meta-features for BTCUSDT (19 features) 
2026-01-02 08:23:41,283 ml_service_v2 INFO 🧙 Consejo v2.1: Calculated meta-features for BTCUSDT (19 features) 
2026-01-02 08:23:41,306 ml_service_v2 INFO 🧙 Consejo v2.1: Calculated meta-features for BTCUSDT (19 features) 
2026-01-02 08:23:41,320 ml_service_v2 INFO 🧙 Consejo v2.1: Calculated meta-features for BTCUSDT (19 features) 
2026-01-02 08:23:41,331 ml_service_v2 INFO 🧙 Consejo v2.1: Calculated meta-features for BTCUSDT (19 features) 
2026-01-02 08:23:41,351 ml_service_v2 INFO 🧙 Consejo v2.1: Calculated meta-features for BTCUSDT (19 features) 
2026-01-02 08:23:41,364 ml_service_v2 INFO 🧙 Consejo v2.1: Calculated meta-features for BTCUSDT (19 features) 
2026-01-02 08:23:41,388 ml_service_v2 INFO 🧙 Consejo v2.1: Calculated meta-features for BTCUSDT (19 features) 
2026-01-02 08:23:41,404 ml_service_v2 INFO 🧙 Consejo v2.1: Calculated meta-features for BTCUSDT (19 features) 
2026-01-02 08:23:41,428 ml_service_v2 INFO 🧙 Consejo v2.1: Calculated meta-features for BTCUSDT (19 features) 
2026-01-02 08:23:41,444 ml_service_v2 INFO 🧙 Consejo v2.1: Calculated meta-features for BTCUSDT (19 features) 
2026-01-02 08:23:41,468 ml_service_v2 INFO 🧙 Consejo v2.1: Calculated meta-features for BTCUSDT (19 features) 
2026-01-02 08:23:41,484 ml_service_v2 INFO 🧙 Consejo v2.1: Calculated meta-features for BTCUSDT (19 features) 
2026-01-02 08:23:41,507 ml_service_v2 INFO 🧙 Consejo v2.1: Calculated meta-features for BTCUSDT (19 features) 
2026-01-02 08:23:41,522 ml_service_v2 INFO 🧙 Consejo v2.1: Calculated meta-features for BTCUSDT (19 features) 
2026-01-02 08:23:41,541 ml_service_v2 INFO 🧙 Consejo v2.1: Calculated meta-features for BTCUSDT (19 features) 
2026-01-02 08:23:41,555 ml_service_v2 INFO 🧙 Consejo v2.1: Calculated meta-features for BTCUSDT (19 features) 
2026-01-02 08:23:41,567 ml_service_v2 INFO 🧙 Consejo v2.1: Calculated meta-features for BTCUSDT (19 features) 
2026-01-02 08:23:41,591 ml_service_v2 INFO 🧙 Consejo v2.1: Calculated meta-features for BTCUSDT (19 features) 
2026-01-02 08:23:41,606 ml_service_v2 INFO 🧙 Consejo v2.1: Calculated meta-features for BTCUSDT (19 features) 
2026-01-02 08:23:41,630 ml_service_v2 INFO 🧙 Consejo v2.1: Calculated meta-features for BTCUSDT (19 features) 
2026-01-02 08:23:41,644 ml_service_v2 INFO 🧙 Consejo v2.1: Calculated meta-features for BTCUSDT (19 features) 
2026-01-02 08:23:41,668 ml_service_v2 INFO 🧙 Consejo v2.1: Calculated meta-features for BTCUSDT (19 features) 
2026-01-02 08:23:41,683 ml_service_v2 INFO 🧙 Consejo v2.1: Calculated meta-features for BTCUSDT (19 features) 
2026-01-02 08:23:41,707 ml_service_v2 INFO 🧙 Consejo v2.1: Calculated meta-features for BTCUSDT (19 features) 
2026-01-02 08:23:41,721 ml_service_v2 INFO 🧙 Consejo v2.1: Calculated meta-features for BTCUSDT (19 features) 
2026-01-02 08:23:41,733 ml_service_v2 INFO 🧙 Consejo v2.1: Calculated meta-features for BTCUSDT (19 features) 
2026-01-02 08:23:41,749 ml_service_v2 INFO 🧙 Consejo v2.1: Calculated meta-features for BTCUSDT (19 features) 
2026-01-02 08:23:41,765 ml_service_v2 INFO 🧙 Consejo v2.1: Calculated meta-features for BTCUSDT (19 features) 
2026-01-02 08:23:41,789 ml_service_v2 INFO 🧙 Consejo v2.1: Calculated meta-features for BTCUSDT (19 features) 
2026-01-02 08:23:41,805 ml_service_v2 INFO 🧙 Consejo v2.1: Calculated meta-features for BTCUSDT (19 features) 
2026-01-02 08:23:41,830 ml_service_v2 INFO 🧙 Consejo v2.1: Calculated meta-features for BTCUSDT (19 features) 
2026-01-02 08:23:41,845 ml_service_v2 INFO 🧙 Consejo v2.1: Calculated meta-features for BTCUSDT (19 features) 
2026-01-02 08:23:41,870 ml_service_v2 INFO 🧙 Consejo v2.1: Calculated meta-features for BTCUSDT (19 features) 
2026-01-02 08:23:41,885 ml_service_v2 INFO 🧙 Consejo v2.1: Calculated meta-features for BTCUSDT (19 features) 
2026-01-02 08:23:41,911 ml_service_v2 INFO 🧙 Consejo v2.1: Calculated meta-features for BTCUSDT (19 features) 
2026-01-02 08:23:41,924 ml_service_v2 INFO 🧙 Consejo v2.1: Calculated meta-features for BTCUSDT (19 features) 
2026-01-02 08:23:41,948 ml_service_v2 INFO 🧙 Consejo v2.1: Calculated meta-features for BTCUSDT (19 features) 
2026-01-02 08:23:41,964 ml_service_v2 INFO 🧙 Consejo v2.1: Calculated meta-features for BTCUSDT (19 features) 
2026-01-02 08:23:41,987 ml_service_v2 INFO 🧙 Consejo v2.1: Calculated meta-features for BTCUSDT (19 features) 
2026-01-02 08:23:42,001 ml_service_v2 INFO 🧙 Consejo v2.1: Calculated meta-features for BTCUSDT (19 features) 
2026-01-02 08:23:42,014 ml_service_v2 INFO 🧙 Consejo v2.1: Calculated meta-features for BTCUSDT (19 features) 
2026-01-02 08:23:42,033 ml_service_v2 INFO 🧙 Consejo v2.1: Calculated meta-features for BTCUSDT (19 features) 
2026-01-02 08:23:42,045 ml_service_v2 INFO 🧙 Consejo v2.1: Calculated meta-features for BTCUSDT (19 features) 
2026-01-02 08:23:42,069 ml_service_v2 INFO 🧙 Consejo v2.1: Calculated meta-features for BTCUSDT (19 features) 
2026-01-02 08:23:42,085 ml_service_v2 INFO 🧙 Consejo v2.1: Calculated meta-features for BTCUSDT (19 features) 
2026-01-02 08:23:42,111 ml_service_v2 INFO 🧙 Consejo v2.1: Calculated meta-features for BTCUSDT (19 features) 
2026-01-02 08:23:42,125 ml_service_v2 INFO 🧙 Consejo v2.1: Calculated meta-features for BTCUSDT (19 features) 
2026-01-02 08:23:42,150 ml_service_v2 INFO 🧙 Consejo v2.1: Calculated meta-features for BTCUSDT (19 features) 
2026-01-02 08:23:42,166 ml_service_v2 INFO 🧙 Consejo v2.1: Calculated meta-features for BTCUSDT (19 features) 
2026-01-02 08:23:42,190 ml_service_v2 INFO 🧙 Consejo v2.1: Calculated meta-features for BTCUSDT (19 features) 
2026-01-02 08:23:42,205 ml_service_v2 INFO 🧙 Consejo v2.1: Calculated meta-features for BTCUSDT (19 features) 
2026-01-02 08:23:42,229 ml_service_v2 INFO 🧙 Consejo v2.1: Calculated meta-features for BTCUSDT (19 features) 
2026-01-02 08:23:42,245 ml_service_v2 INFO 🧙 Consejo v2.1: Calculated meta-features for BTCUSDT (19 features) 
2026-01-02 08:23:42,269 ml_service_v2 INFO 🧙 Consejo v2.1: Calculated meta-features for BTCUSDT (19 features) 
2026-01-02 08:23:42,285 ml_service_v2 INFO 🧙 Consejo v2.1: Calculated meta-features for BTCUSDT (19 features) 
2026-01-02 08:23:42,310 ml_service_v2 INFO 🧙 Consejo v2.1: Calculated meta-features for BTCUSDT (19 features) 
2026-01-02 08:23:42,325 ml_service_v2 INFO 🧙 Consejo v2.1: Calculated meta-features for BTCUSDT (19 features) 
2026-01-02 08:23:42,350 ml_service_v2 INFO 🧙 Consejo v2.1: Calculated meta-features for BTCUSDT (19 features) 
2026-01-02 08:23:42,364 ml_service_v2 INFO 🧙 Consejo v2.1: Calculated meta-features for BTCUSDT (19 features) 
2026-01-02 08:23:42,387 ml_service_v2 INFO 🧙 Consejo v2.1: Calculated meta-features for BTCUSDT (19 features) 
2026-01-02 08:23:42,402 ml_service_v2 INFO 🧙 Consejo v2.1: Calculated meta-features for BTCUSDT (19 features) 
2026-01-02 08:23:42,424 ml_service_v2 INFO 🧙 Consejo v2.1: Calculated meta-features for BTCUSDT (19 features) 
2026-01-02 08:23:42,437 ml_service_v2 INFO 🧙 Consejo v2.1: Calculated meta-features for BTCUSDT (19 features) 
2026-01-02 08:23:42,449 ml_service_v2 INFO 🧙 Consejo v2.1: Calculated meta-features for BTCUSDT (19 features) 
2026-01-02 08:23:42,471 ml_service_v2 INFO 🧙 Consejo v2.1: Calculated meta-features for BTCUSDT (19 features) 
2026-01-02 08:23:42,484 ml_service_v2 INFO 🧙 Consejo v2.1: Calculated meta-features for BTCUSDT (19 features) 
2026-01-02 08:23:42,507 ml_service_v2 INFO 🧙 Consejo v2.1: Calculated meta-features for BTCUSDT (19 features) 
2026-01-02 08:23:42,523 ml_service_v2 INFO 🧙 Consejo v2.1: Calculated meta-features for BTCUSDT (19 features) 
2026-01-02 08:23:42,542 ml_service_v2 INFO 🧙 Consejo v2.1: Calculated meta-features for BTCUSDT (19 features) 
2026-01-02 08:23:42,556 ml_service_v2 INFO 🧙 Consejo v2.1: Calculated meta-features for BTCUSDT (19 features) 
2026-01-02 08:23:42,567 ml_service_v2 INFO 🧙 Consejo v2.1: Calculated meta-features for BTCUSDT (19 features) 
2026-01-02 08:23:42,590 ml_service_v2 INFO 🧙 Consejo v2.1: Calculated meta-features for BTCUSDT (19 features) 
2026-01-02 08:23:42,604 ml_service_v2 INFO 🧙 Consejo v2.1: Calculated meta-features for BTCUSDT (19 features) 
2026-01-02 08:23:42,625 ml_service_v2 INFO 🧙 Consejo v2.1: Calculated meta-features for BTCUSDT (19 features) 
2026-01-02 08:23:42,638 ml_service_v2 INFO 🧙 Consejo v2.1: Calculated meta-features for BTCUSDT (19 features) 
2026-01-02 08:23:42,649 ml_service_v2 INFO 🧙 Consejo v2.1: Calculated meta-features for BTCUSDT (19 features) 
2026-01-02 08:23:42,671 ml_service_v2 INFO 🧙 Consejo v2.1: Calculated meta-features for BTCUSDT (19 features) 
2026-01-02 08:23:42,685 ml_service_v2 INFO 🧙 Consejo v2.1: Calculated meta-features for BTCUSDT (19 features) 
2026-01-02 08:23:42,709 ml_service_v2 INFO 🧙 Consejo v2.1: Calculated meta-features for BTCUSDT (19 features) 
2026-01-02 08:23:42,725 ml_service_v2 INFO 🧙 Consejo v2.1: Calculated meta-features for BTCUSDT (19 features) 
2026-01-02 08:23:42,748 ml_service_v2 INFO 🧙 Consejo v2.1: Calculated meta-features for BTCUSDT (19 features) 
2026-01-02 08:23:42,764 ml_service_v2 INFO 🧙 Consejo v2.1: Calculated meta-features for BTCUSDT (19 features) 
2026-01-02 08:23:42,785 ml_service_v2 INFO 🧙 Consejo v2.1: Calculated meta-features for BTCUSDT (19 features) 
2026-01-02 08:23:42,799 ml_service_v2 INFO 🧙 Consejo v2.1: Calculated meta-features for BTCUSDT (19 features) 
2026-01-02 08:23:42,813 ml_service_v2 INFO 🧙 Consejo v2.1: Calculated meta-features for BTCUSDT (19 features) 
2026-01-02 08:23:42,835 ml_service_v2 INFO 🧙 Consejo v2.1: Calculated meta-features for BTCUSDT (19 features) 
2026-01-02 08:23:42,849 ml_service_v2 INFO 🧙 Consejo v2.1: Calculated meta-features for BTCUSDT (19 features) 
2026-01-02 08:23:42,874 ml_service_v2 INFO 🧙 Consejo v2.1: Calculated meta-features for BTCUSDT (19 features) 
2026-01-02 08:23:42,889 ml_service_v2 INFO 🧙 Consejo v2.1: Calculated meta-features for BTCUSDT (19 features) 
2026-01-02 08:23:42,913 ml_service_v2 INFO 🧙 Consejo v2.1: Calculated meta-features for BTCUSDT (19 features) 
2026-01-02 08:23:42,927 ml_service_v2 INFO 🧙 Consejo v2.1: Calculated meta-features for BTCUSDT (19 features) 
2026-01-02 08:23:42,952 ml_service_v2 INFO 🧙 Consejo v2.1: Calculated meta-features for BTCUSDT (19 features) 
2026-01-02 08:23:42,967 ml_service_v2 INFO 🧙 Consejo v2.1: Calculated meta-features for BTCUSDT (19 features) 
2026-01-02 08:23:42,992 ml_service_v2 INFO 🧙 Consejo v2.1: Calculated meta-features for BTCUSDT (19 features) 
2026-01-02 08:23:43,007 ml_service_v2 INFO 🧙 Consejo v2.1: Calculated meta-features for BTCUSDT (19 features) 
2026-01-02 08:23:43,033 ml_service_v2 INFO 🧙 Consejo v2.1: Calculated meta-features for BTCUSDT (19 features) 
2026-01-02 08:23:43,047 ml_service_v2 INFO 🧙 Consejo v2.1: Calculated meta-features for BTCUSDT (19 features) 
2026-01-02 08:23:43,073 ml_service_v2 INFO 🧙 Consejo v2.1: Calculated meta-features for BTCUSDT (19 features) 
2026-01-02 08:23:43,087 ml_service_v2 INFO 🧙 Consejo v2.1: Calculated meta-features for BTCUSDT (19 features) 
2026-01-02 08:23:43,116 ml_service_v2 INFO 🧙 Consejo v2.1: Calculated meta-features for BTCUSDT (19 features) 
2026-01-02 08:23:43,130 ml_service_v2 INFO 🧙 Consejo v2.1: Calculated meta-features for BTCUSDT (19 features) 
2026-01-02 08:23:43,158 ml_service_v2 INFO 🧙 Consejo v2.1: Calculated meta-features for BTCUSDT (19 features) 
2026-01-02 08:23:43,173 ml_service_v2 INFO 🧙 Consejo v2.1: Calculated meta-features for BTCUSDT (19 features) 
2026-01-02 08:23:43,198 ml_service_v2 INFO 🧙 Consejo v2.1: Calculated meta-features for BTCUSDT (19 features) 
2026-01-02 08:23:43,215 ml_service_v2 INFO 🧙 Consejo v2.1: Calculated meta-features for BTCUSDT (19 features) 
2026-01-02 08:23:43,239 ml_service_v2 INFO 🧙 Consejo v2.1: Calculated meta-features for BTCUSDT (19 features) 
2026-01-02 08:23:43,253 ml_service_v2 INFO 🧙 Consejo v2.1: Calculated meta-features for BTCUSDT (19 features) 
2026-01-02 08:23:43,278 ml_service_v2 INFO 🧙 Consejo v2.1: Calculated meta-features for BTCUSDT (19 features) 
2026-01-02 08:23:43,292 ml_service_v2 INFO 🧙 Consejo v2.1: Calculated meta-features for BTCUSDT (19 features) 
2026-01-02 08:23:43,319 ml_service_v2 INFO 🧙 Consejo v2.1: Calculated meta-features for BTCUSDT (19 features) 
2026-01-02 08:23:43,334 ml_service_v2 INFO 🧙 Consejo v2.1: Calculated meta-features for BTCUSDT (19 features) 
2026-01-02 08:23:43,359 ml_service_v2 INFO 🧙 Consejo v2.1: Calculated meta-features for BTCUSDT (19 features) 
2026-01-02 08:23:43,373 ml_service_v2 INFO 🧙 Consejo v2.1: Calculated meta-features for BTCUSDT (19 features) 
2026-01-02 08:23:43,397 ml_service_v2 INFO 🧙 Consejo v2.1: Calculated meta-features for BTCUSDT (19 features) 
2026-01-02 08:23:43,412 ml_service_v2 INFO 🧙 Consejo v2.1: Calculated meta-features for BTCUSDT (19 features) 
2026-01-02 08:23:43,439 ml_service_v2 INFO 🧙 Consejo v2.1: Calculated meta-features for BTCUSDT (19 features) 
2026-01-02 08:23:43,453 ml_service_v2 INFO 🧙 Consejo v2.1: Calculated meta-features for BTCUSDT (19 features) 
2026-01-02 08:23:43,478 ml_service_v2 INFO 🧙 Consejo v2.1: Calculated meta-features for BTCUSDT (19 features) 
2026-01-02 08:23:43,492 ml_service_v2 INFO 🧙 Consejo v2.1: Calculated meta-features for BTCUSDT (19 features) 
2026-01-02 08:23:43,518 ml_service_v2 INFO 🧙 Consejo v2.1: Calculated meta-features for BTCUSDT (19 features) 
2026-01-02 08:23:43,532 ml_service_v2 INFO 🧙 Consejo v2.1: Calculated meta-features for BTCUSDT (19 features) 
2026-01-02 08:23:43,558 ml_service_v2 INFO 🧙 Consejo v2.1: Calculated meta-features for BTCUSDT (19 features) 
2026-01-02 08:23:43,572 ml_service_v2 INFO 🧙 Consejo v2.1: Calculated meta-features for BTCUSDT (19 features) 
2026-01-02 08:23:43,598 ml_service_v2 INFO 🧙 Consejo v2.1: Calculated meta-features for BTCUSDT (19 features) 
2026-01-02 08:23:43,612 ml_service_v2 INFO 🧙 Consejo v2.1: Calculated meta-features for BTCUSDT (19 features) 
2026-01-02 08:23:43,639 ml_service_v2 INFO 🧙 Consejo v2.1: Calculated meta-features for BTCUSDT (19 features) 
2026-01-02 08:23:43,653 ml_service_v2 INFO 🧙 Consejo v2.1: Calculated meta-features for BTCUSDT (19 features) 
2026-01-02 08:23:43,678 ml_service_v2 INFO 🧙 Consejo v2.1: Calculated meta-features for BTCUSDT (19 features) 
2026-01-02 08:23:43,693 ml_service_v2 INFO 🧙 Consejo v2.1: Calculated meta-features for BTCUSDT (19 features) 
2026-01-02 08:23:43,719 ml_service_v2 INFO 🧙 Consejo v2.1: Calculated meta-features for BTCUSDT (19 features) 
2026-01-02 08:23:43,733 ml_service_v2 INFO 🧙 Consejo v2.1: Calculated meta-features for BTCUSDT (19 features) 
2026-01-02 08:23:43,759 ml_service_v2 INFO 🧙 Consejo v2.1: Calculated meta-features for BTCUSDT (19 features) 
2026-01-02 08:23:43,773 ml_service_v2 INFO 🧙 Consejo v2.1: Calculated meta-features for BTCUSDT (19 features) 
2026-01-02 08:23:43,799 ml_service_v2 INFO 🧙 Consejo v2.1: Calculated meta-features for BTCUSDT (19 features) 
2026-01-02 08:23:43,813 ml_service_v2 INFO 🧙 Consejo v2.1: Calculated meta-features for BTCUSDT (19 features) 
2026-01-02 08:23:43,838 ml_service_v2 INFO 🧙 Consejo v2.1: Calculated meta-features for BTCUSDT (19 features) 
2026-01-02 08:23:43,851 ml_service_v2 INFO 🧙 Consejo v2.1: Calculated meta-features for BTCUSDT (19 features) 
2026-01-02 08:23:43,880 ml_service_v2 INFO 🧙 Consejo v2.1: Calculated meta-features for BTCUSDT (19 features) 
2026-01-02 08:23:43,896 ml_service_v2 INFO 🧙 Consejo v2.1: Calculated meta-features for BTCUSDT (19 features) 
2026-01-02 08:23:43,918 ml_service_v2 INFO 🧙 Consejo v2.1: Calculated meta-features for BTCUSDT (19 features) 
2026-01-02 08:23:43,931 ml_service_v2 INFO 🧙 Consejo v2.1: Calculated meta-features for BTCUSDT (19 features) 
2026-01-02 08:23:43,957 ml_service_v2 INFO 🧙 Consejo v2.1: Calculated meta-features for BTCUSDT (19 features) 
2026-01-02 08:23:43,970 ml_service_v2 INFO 🧙 Consejo v2.1: Calculated meta-features for BTCUSDT (19 features) 
2026-01-02 08:23:43,997 ml_service_v2 INFO 🧙 Consejo v2.1: Calculated meta-features for BTCUSDT (19 features) 
2026-01-02 08:23:44,010 ml_service_v2 INFO 🧙 Consejo v2.1: Calculated meta-features for BTCUSDT (19 features) 
2026-01-02 08:23:44,037 ml_service_v2 INFO 🧙 Consejo v2.1: Calculated meta-features for BTCUSDT (19 features) 
2026-01-02 08:23:44,050 ml_service_v2 INFO 🧙 Consejo v2.1: Calculated meta-features for BTCUSDT (19 features) 
2026-01-02 08:23:44,078 ml_service_v2 INFO 🧙 Consejo v2.1: Calculated meta-features for BTCUSDT (19 features) 
2026-01-02 08:23:44,091 ml_service_v2 INFO 🧙 Consejo v2.1: Calculated meta-features for BTCUSDT (19 features) 
2026-01-02 08:23:44,120 ml_service_v2 INFO 🧙 Consejo v2.1: Calculated meta-features for BTCUSDT (19 features) 
2026-01-02 08:23:44,137 ml_service_v2 INFO 🧙 Consejo v2.1: Calculated meta-features for BTCUSDT (19 features) 
2026-01-02 08:23:44,157 ml_service_v2 INFO 🧙 Consejo v2.1: Calculated meta-features for BTCUSDT (19 features) 
2026-01-02 08:23:44,170 ml_service_v2 INFO 🧙 Consejo v2.1: Calculated meta-features for BTCUSDT (19 features) 
2026-01-02 08:23:44,198 ml_service_v2 INFO 🧙 Consejo v2.1: Calculated meta-features for BTCUSDT (19 features) 
2026-01-02 08:23:44,211 ml_service_v2 INFO 🧙 Consejo v2.1: Calculated meta-features for BTCUSDT (19 features) 
2026-01-02 08:23:44,238 ml_service_v2 INFO 🧙 Consejo v2.1: Calculated meta-features for BTCUSDT (19 features) 
2026-01-02 08:23:44,250 ml_service_v2 INFO 🧙 Consejo v2.1: Calculated meta-features for BTCUSDT (19 features) 
2026-01-02 08:23:44,278 ml_service_v2 INFO 🧙 Consejo v2.1: Calculated meta-features for BTCUSDT (19 features) 
2026-01-02 08:23:44,291 ml_service_v2 INFO 🧙 Consejo v2.1: Calculated meta-features for BTCUSDT (19 features) 
2026-01-02 08:23:44,317 ml_service_v2 INFO 🧙 Consejo v2.1: Calculated meta-features for BTCUSDT (19 features) 
2026-01-02 08:23:44,330 ml_service_v2 INFO 🧙 Consejo v2.1: Calculated meta-features for BTCUSDT (19 features) 
2026-01-02 08:23:44,363 ml_service_v2 INFO 🧙 Consejo v2.1: Calculated meta-features for BTCUSDT (19 features) 
2026-01-02 08:23:44,377 ml_service_v2 INFO 🧙 Consejo v2.1: Calculated meta-features for BTCUSDT (19 features) 
2026-01-02 08:23:44,397 ml_service_v2 INFO 🧙 Consejo v2.1: Calculated meta-features for BTCUSDT (19 features) 
2026-01-02 08:23:44,410 ml_service_v2 INFO 🧙 Consejo v2.1: Calculated meta-features for BTCUSDT (19 features) 
2026-01-02 08:23:44,436 ml_service_v2 INFO 🧙 Consejo v2.1: Calculated meta-features for BTCUSDT (19 features) 
2026-01-02 08:23:44,455 ml_service_v2 INFO 🧙 Consejo v2.1: Calculated meta-features for BTCUSDT (19 features) 
2026-01-02 08:23:44,486 ml_service_v2 INFO 🧙 Consejo v2.1: Calculated meta-features for BTCUSDT (19 features) 
2026-01-02 08:23:44,501 ml_service_v2 INFO 🧙 Consejo v2.1: Calculated meta-features for BTCUSDT (19 features) 
2026-01-02 08:23:44,518 ml_service_v2 INFO 🧙 Consejo v2.1: Calculated meta-features for BTCUSDT (19 features) 
2026-01-02 08:23:44,532 ml_service_v2 INFO 🧙 Consejo v2.1: Calculated meta-features for BTCUSDT (19 features) 
2026-01-02 08:23:44,546 ml_service_v2 INFO 🧙 Consejo v2.1: Calculated meta-features for BTCUSDT (19 features) 
2026-01-02 08:23:44,558 ml_service_v2 INFO 🧙 Consejo v2.1: Calculated meta-features for BTCUSDT (19 features) 
2026-01-02 08:23:44,572 ml_service_v2 INFO 🧙 Consejo v2.1: Calculated meta-features for BTCUSDT (19 features) 
2026-01-02 08:23:44,585 ml_service_v2 INFO 🧙 Consejo v2.1: Calculated meta-features for BTCUSDT (19 features) 
2026-01-02 08:23:44,603 ml_service_v2 INFO 🧙 Consejo v2.1: Calculated meta-features for BTCUSDT (19 features) 
2026-01-02 08:23:44,618 ml_service_v2 INFO 🧙 Consejo v2.1: Calculated meta-features for BTCUSDT (19 features) 
2026-01-02 08:23:44,632 ml_service_v2 INFO 🧙 Consejo v2.1: Calculated meta-features for BTCUSDT (19 features) 
2026-01-02 08:23:44,647 ml_service_v2 INFO 🧙 Consejo v2.1: Calculated meta-features for BTCUSDT (19 features) 
2026-01-02 08:23:44,674 ml_service_v2 INFO 🧙 Consejo v2.1: Calculated meta-features for BTCUSDT (19 features) 
2026-01-02 08:23:44,687 ml_service_v2 INFO 🧙 Consejo v2.1: Calculated meta-features for BTCUSDT (19 features) 
2026-01-02 08:23:44,700 ml_service_v2 INFO 🧙 Consejo v2.1: Calculated meta-features for BTCUSDT (19 features) 
2026-01-02 08:23:44,722 ml_service_v2 INFO 🧙 Consejo v2.1: Calculated meta-features for BTCUSDT (19 features) 
2026-01-02 08:23:44,754 ml_service_v2 INFO 🧙 Consejo v2.1: Calculated meta-features for BTCUSDT (19 features) 
2026-01-02 08:23:44,768 ml_service_v2 INFO 🧙 Consejo v2.1: Calculated meta-features for BTCUSDT (19 features) 
2026-01-02 08:23:44,786 ml_service_v2 INFO 🧙 Consejo v2.1: Calculated meta-features for BTCUSDT (19 features) 
2026-01-02 08:23:44,801 ml_service_v2 INFO 🧙 Consejo v2.1: Calculated meta-features for BTCUSDT (19 features) 
2026-01-02 08:23:44,818 ml_service_v2 INFO 🧙 Consejo v2.1: Calculated meta-features for BTCUSDT (19 features) 
2026-01-02 08:23:44,840 ml_service_v2 INFO 🧙 Consejo v2.1: Calculated meta-features for BTCUSDT (19 features) 
2026-01-02 08:23:44,866 ml_service_v2 INFO 🧙 Consejo v2.1: Calculated meta-features for BTCUSDT (19 features) 
2026-01-02 08:23:44,891 ml_service_v2 INFO 🧙 Consejo v2.1: Calculated meta-features for BTCUSDT (19 features) 
2026-01-02 08:23:44,911 ml_service_v2 INFO 🧙 Consejo v2.1: Calculated meta-features for BTCUSDT (19 features) 
2026-01-02 08:23:44,928 ml_service_v2 INFO 🧙 Consejo v2.1: Calculated meta-features for BTCUSDT (19 features) 
2026-01-02 08:23:44,946 ml_service_v2 INFO 🧙 Consejo v2.1: Calculated meta-features for BTCUSDT (19 features) 
2026-01-02 08:23:44,963 ml_service_v2 INFO 🧙 Consejo v2.1: Calculated meta-features for BTCUSDT (19 features) 
2026-01-02 08:23:44,980 ml_service_v2 INFO 🧙 Consejo v2.1: Calculated meta-features for BTCUSDT (19 features) 
2026-01-02 08:23:44,997 ml_service_v2 INFO 🧙 Consejo v2.1: Calculated meta-features for BTCUSDT (19 features) 
2026-01-02 08:23:45,015 ml_service_v2 INFO 🧙 Consejo v2.1: Calculated meta-features for BTCUSDT (19 features) 
2026-01-02 08:23:45,029 ml_service_v2 INFO 🧙 Consejo v2.1: Calculated meta-features for BTCUSDT (19 features) 
2026-01-02 08:23:45,042 ml_service_v2 INFO 🧙 Consejo v2.1: Calculated meta-features for BTCUSDT (19 features) 
2026-01-02 08:23:45,056 ml_service_v2 INFO 🧙 Consejo v2.1: Calculated meta-features for BTCUSDT (19 features) 
2026-01-02 08:23:45,090 ml_service_v2 INFO 🧙 Consejo v2.1: Calculated meta-features for BTCUSDT (19 features) 
2026-01-02 08:23:45,103 ml_service_v2 INFO 🧙 Consejo v2.1: Calculated meta-features for BTCUSDT (19 features) 
2026-01-02 08:23:45,127 ml_service_v2 INFO 🧙 Consejo v2.1: Calculated meta-features for BTCUSDT (19 features) 
2026-01-02 08:23:45,140 ml_service_v2 INFO 🧙 Consejo v2.1: Calculated meta-features for BTCUSDT (19 features) 
2026-01-02 08:23:45,154 ml_service_v2 INFO 🧙 Consejo v2.1: Calculated meta-features for BTCUSDT (19 features) 
2026-01-02 08:23:45,169 ml_service_v2 INFO 🧙 Consejo v2.1: Calculated meta-features for BTCUSDT (19 features) 
2026-01-02 08:23:45,184 ml_service_v2 INFO 🧙 Consejo v2.1: Calculated meta-features for BTCUSDT (19 features) 
2026-01-02 08:23:45,201 ml_service_v2 INFO 🧙 Consejo v2.1: Calculated meta-features for BTCUSDT (19 features) 
2026-01-02 08:23:45,222 ml_service_v2 INFO 🧙 Consejo v2.1: Calculated meta-features for BTCUSDT (19 features) 
2026-01-02 08:23:45,250 ml_service_v2 INFO 🧙 Consejo v2.1: Calculated meta-features for BTCUSDT (19 features) 
2026-01-02 08:23:45,276 ml_service_v2 INFO 🧙 Consejo v2.1: Calculated meta-features for BTCUSDT (19 features) 
2026-01-02 08:23:45,294 ml_service_v2 INFO 🧙 Consejo v2.1: Calculated meta-features for BTCUSDT (19 features) 
2026-01-02 08:23:45,310 ml_service_v2 INFO 🧙 Consejo v2.1: Calculated meta-features for BTCUSDT (19 features) 
2026-01-02 08:23:45,326 ml_service_v2 INFO 🧙 Consejo v2.1: Calculated meta-features for BTCUSDT (19 features) 
2026-01-02 08:23:45,342 ml_service_v2 INFO 🧙 Consejo v2.1: Calculated meta-features for BTCUSDT (19 features) 
2026-01-02 08:23:45,360 ml_service_v2 INFO 🧙 Consejo v2.1: Calculated meta-features for BTCUSDT (19 features) 
2026-01-02 08:23:45,386 ml_service_v2 INFO 🧙 Consejo v2.1: Calculated meta-features for BTCUSDT (19 features) 
2026-01-02 08:23:45,402 ml_service_v2 INFO 🧙 Consejo v2.1: Calculated meta-features for BTCUSDT (19 features) 
2026-01-02 08:23:45,425 ml_service_v2 INFO 🧙 Consejo v2.1: Calculated meta-features for BTCUSDT (19 features) 
2026-01-02 08:23:45,446 ml_service_v2 INFO 🧙 Consejo v2.1: Calculated meta-features for BTCUSDT (19 features) 
2026-01-02 08:23:45,463 ml_service_v2 INFO 🧙 Consejo v2.1: Calculated meta-features for BTCUSDT (19 features) 
2026-01-02 08:23:45,480 ml_service_v2 INFO 🧙 Consejo v2.1: Calculated meta-features for BTCUSDT (19 features) 
2026-01-02 08:23:45,496 ml_service_v2 INFO 🧙 Consejo v2.1: Calculated meta-features for BTCUSDT (19 features) 
2026-01-02 08:23:45,512 ml_service_v2 INFO 🧙 Consejo v2.1: Calculated meta-features for BTCUSDT (19 features) 
2026-01-02 08:23:45,526 ml_service_v2 INFO 🧙 Consejo v2.1: Calculated meta-features for BTCUSDT (19 features) 
2026-01-02 08:23:45,539 ml_service_v2 INFO 🧙 Consejo v2.1: Calculated meta-features for BTCUSDT (19 features) 
2026-01-02 08:23:45,552 ml_service_v2 INFO 🧙 Consejo v2.1: Calculated meta-features for BTCUSDT (19 features) 
2026-01-02 08:23:45,565 ml_service_v2 INFO 🧙 Consejo v2.1: Calculated meta-features for BTCUSDT (19 features) 
2026-01-02 08:23:45,578 ml_service_v2 INFO 🧙 Consejo v2.1: Calculated meta-features for BTCUSDT (19 features) 
2026-01-02 08:23:45,591 ml_service_v2 INFO 🧙 Consejo v2.1: Calculated meta-features for BTCUSDT (19 features) 
2026-01-02 08:23:45,604 ml_service_v2 INFO 🧙 Consejo v2.1: Calculated meta-features for BTCUSDT (19 features) 
2026-01-02 08:23:45,620 ml_service_v2 INFO 🧙 Consejo v2.1: Calculated meta-features for BTCUSDT (19 features) 
2026-01-02 08:23:45,637 ml_service_v2 INFO 🧙 Consejo v2.1: Calculated meta-features for BTCUSDT (19 features) 
2026-01-02 08:23:45,654 ml_service_v2 INFO 🧙 Consejo v2.1: Calculated meta-features for BTCUSDT (19 features) 
2026-01-02 08:23:45,668 ml_service_v2 INFO 🧙 Consejo v2.1: Calculated meta-features for BTCUSDT (19 features) 
2026-01-02 08:23:45,685 ml_service_v2 INFO 🧙 Consejo v2.1: Calculated meta-features for BTCUSDT (19 features) 
2026-01-02 08:23:45,700 ml_service_v2 INFO 🧙 Consejo v2.1: Calculated meta-features for BTCUSDT (19 features) 
2026-01-02 08:23:45,724 ml_service_v2 INFO 🧙 Consejo v2.1: Calculated meta-features for BTCUSDT (19 features) 
2026-01-02 08:23:45,737 ml_service_v2 INFO 🧙 Consejo v2.1: Calculated meta-features for BTCUSDT (19 features) 
2026-01-02 08:23:45,750 ml_service_v2 INFO 🧙 Consejo v2.1: Calculated meta-features for BTCUSDT (19 features) 
2026-01-02 08:23:45,763 ml_service_v2 INFO 🧙 Consejo v2.1: Calculated meta-features for BTCUSDT (19 features) 
2026-01-02 08:23:45,776 ml_service_v2 INFO 🧙 Consejo v2.1: Calculated meta-features for BTCUSDT (19 features) 
2026-01-02 08:23:45,789 ml_service_v2 INFO 🧙 Consejo v2.1: Calculated meta-features for BTCUSDT (19 features) 
2026-01-02 08:23:45,802 ml_service_v2 INFO 🧙 Consejo v2.1: Calculated meta-features for BTCUSDT (19 features) 
2026-01-02 08:23:45,815 ml_service_v2 INFO 🧙 Consejo v2.1: Calculated meta-features for BTCUSDT (19 features) 
2026-01-02 08:23:45,831 ml_service_v2 INFO 🧙 Consejo v2.1: Calculated meta-features for BTCUSDT (19 features) 
2026-01-02 08:23:45,843 ml_service_v2 INFO 🧙 Consejo v2.1: Calculated meta-features for BTCUSDT (19 features) 
2026-01-02 08:23:45,855 ml_service_v2 INFO 🧙 Consejo v2.1: Calculated meta-features for BTCUSDT (19 features) 
2026-01-02 08:23:45,868 ml_service_v2 INFO 🧙 Consejo v2.1: Calculated meta-features for BTCUSDT (19 features) 
2026-01-02 08:23:45,880 ml_service_v2 INFO 🧙 Consejo v2.1: Calculated meta-features for BTCUSDT (19 features) 
2026-01-02 08:23:45,893 ml_service_v2 INFO 🧙 Consejo v2.1: Calculated meta-features for BTCUSDT (19 features) 
2026-01-02 08:23:45,905 ml_service_v2 INFO 🧙 Consejo v2.1: Calculated meta-features for BTCUSDT (19 features) 
2026-01-02 08:23:45,922 ml_service_v2 INFO 🧙 Consejo v2.1: Calculated meta-features for BTCUSDT (19 features) 
2026-01-02 08:23:45,935 ml_service_v2 INFO 🧙 Consejo v2.1: Calculated meta-features for BTCUSDT (19 features) 
2026-01-02 08:23:45,946 ml_service_v2 INFO 🧙 Consejo v2.1: Calculated meta-features for BTCUSDT (19 features) 
2026-01-02 08:23:45,959 ml_service_v2 INFO 🧙 Consejo v2.1: Calculated meta-features for BTCUSDT (19 features) 
2026-01-02 08:23:45,971 ml_service_v2 INFO 🧙 Consejo v2.1: Calculated meta-features for BTCUSDT (19 features) 
2026-01-02 08:23:45,983 ml_service_v2 INFO 🧙 Consejo v2.1: Calculated meta-features for BTCUSDT (19 features) 
2026-01-02 08:23:45,995 ml_service_v2 INFO 🧙 Consejo v2.1: Calculated meta-features for BTCUSDT (19 features) 
2026-01-02 08:23:46,007 ml_service_v2 INFO 🧙 Consejo v2.1: Calculated meta-features for BTCUSDT (19 features) 
2026-01-02 08:23:46,019 ml_service_v2 INFO 🧙 Consejo v2.1: Calculated meta-features for BTCUSDT (19 features) 
2026-01-02 08:23:46,031 ml_service_v2 INFO 🧙 Consejo v2.1: Calculated meta-features for BTCUSDT (19 features) 
2026-01-02 08:23:46,043 ml_service_v2 INFO 🧙 Consejo v2.1: Calculated meta-features for BTCUSDT (19 features) 
2026-01-02 08:23:46,055 ml_service_v2 INFO 🧙 Consejo v2.1: Calculated meta-features for BTCUSDT (19 features) 
2026-01-02 08:23:46,066 ml_service_v2 INFO 🧙 Consejo v2.1: Calculated meta-features for BTCUSDT (19 features) 
2026-01-02 08:23:46,078 ml_service_v2 INFO 🧙 Consejo v2.1: Calculated meta-features for BTCUSDT (19 features) 
2026-01-02 08:23:46,090 ml_service_v2 INFO 🧙 Consejo v2.1: Calculated meta-features for BTCUSDT (19 features) 
2026-01-02 08:23:46,102 ml_service_v2 INFO 🧙 Consejo v2.1: Calculated meta-features for BTCUSDT (19 features) 
2026-01-02 08:23:46,113 ml_service_v2 INFO 🧙 Consejo v2.1: Calculated meta-features for BTCUSDT (19 features) 
2026-01-02 08:23:46,125 ml_service_v2 INFO 🧙 Consejo v2.1: Calculated meta-features for BTCUSDT (19 features) 
2026-01-02 08:23:46,137 ml_service_v2 INFO 🧙 Consejo v2.1: Calculated meta-features for BTCUSDT (19 features) 
2026-01-02 08:23:46,148 ml_service_v2 INFO 🧙 Consejo v2.1: Calculated meta-features for BTCUSDT (19 features) 
2026-01-02 08:23:46,160 ml_service_v2 INFO 🧙 Consejo v2.1: Calculated meta-features for BTCUSDT (19 features) 
2026-01-02 08:23:46,172 ml_service_v2 INFO 🧙 Consejo v2.1: Calculated meta-features for BTCUSDT (19 features) 
2026-01-02 08:23:46,184 ml_service_v2 INFO 🧙 Consejo v2.1: Calculated meta-features for BTCUSDT (19 features) 
2026-01-02 08:23:46,196 ml_service_v2 INFO 🧙 Consejo v2.1: Calculated meta-features for BTCUSDT (19 features) 
2026-01-02 08:23:46,207 ml_service_v2 INFO 🧙 Consejo v2.1: Calculated meta-features for BTCUSDT (19 features) 
2026-01-02 08:23:46,219 ml_service_v2 INFO 🧙 Consejo v2.1: Calculated meta-features for BTCUSDT (19 features) 
2026-01-02 08:23:46,231 ml_service_v2 INFO 🧙 Consejo v2.1: Calculated meta-features for BTCUSDT (19 features) 
2026-01-02 08:23:46,243 ml_service_v2 INFO 🧙 Consejo v2.1: Calculated meta-features for BTCUSDT (19 features) 
2026-01-02 08:23:46,256 ml_service_v2 INFO 🧙 Consejo v2.1: Calculated meta-features for BTCUSDT (19 features) 
2026-01-02 08:23:46,279 ml_service_v2 INFO 🧙 Consejo v2.1: Calculated meta-features for BTCUSDT (19 features) 
2026-01-02 08:23:46,291 ml_service_v2 INFO 🧙 Consejo v2.1: Calculated meta-features for BTCUSDT (19 features) 
2026-01-02 08:23:46,303 ml_service_v2 INFO 🧙 Consejo v2.1: Calculated meta-features for BTCUSDT (19 features) 
2026-01-02 08:23:46,316 ml_service_v2 INFO 🧙 Consejo v2.1: Calculated meta-features for BTCUSDT (19 features) 
2026-01-02 08:23:46,328 ml_service_v2 INFO 🧙 Consejo v2.1: Calculated meta-features for BTCUSDT (19 features) 
2026-01-02 08:23:46,340 ml_service_v2 INFO 🧙 Consejo v2.1: Calculated meta-features for BTCUSDT (19 features) 
2026-01-02 08:23:46,359 ml_service_v2 INFO 🧙 Consejo v2.1: Calculated meta-features for BTCUSDT (19 features) 
2026-01-02 08:23:46,371 ml_service_v2 INFO 🧙 Consejo v2.1: Calculated meta-features for BTCUSDT (19 features) 
2026-01-02 08:23:46,383 ml_service_v2 INFO 🧙 Consejo v2.1: Calculated meta-features for BTCUSDT (19 features) 
2026-01-02 08:23:46,395 ml_service_v2 INFO 🧙 Consejo v2.1: Calculated meta-features for BTCUSDT (19 features) 
2026-01-02 08:23:46,408 ml_service_v2 INFO 🧙 Consejo v2.1: Calculated meta-features for BTCUSDT (19 features) 
2026-01-02 08:23:46,420 ml_service_v2 INFO 🧙 Consejo v2.1: Calculated meta-features for BTCUSDT (19 features) 
2026-01-02 08:23:46,432 ml_service_v2 INFO 🧙 Consejo v2.1: Calculated meta-features for BTCUSDT (19 features) 
2026-01-02 08:23:46,455 ml_service_v2 INFO 🧙 Consejo v2.1: Calculated meta-features for BTCUSDT (19 features) 
2026-01-02 08:23:46,467 ml_service_v2 INFO 🧙 Consejo v2.1: Calculated meta-features for BTCUSDT (19 features) 
2026-01-02 08:23:46,480 ml_service_v2 INFO 🧙 Consejo v2.1: Calculated meta-features for BTCUSDT (19 features) 
2026-01-02 08:23:46,492 ml_service_v2 INFO 🧙 Consejo v2.1: Calculated meta-features for BTCUSDT (19 features) 
2026-01-02 08:23:46,503 ml_service_v2 INFO 🧙 Consejo v2.1: Calculated meta-features for BTCUSDT (19 features) 
2026-01-02 08:23:46,515 ml_service_v2 INFO 🧙 Consejo v2.1: Calculated meta-features for BTCUSDT (19 features) 
2026-01-02 08:23:46,527 ml_service_v2 INFO 🧙 Consejo v2.1: Calculated meta-features for BTCUSDT (19 features) 
2026-01-02 08:23:46,539 ml_service_v2 INFO 🧙 Consejo v2.1: Calculated meta-features for BTCUSDT (19 features) 
2026-01-02 08:23:46,551 ml_service_v2 INFO 🧙 Consejo v2.1: Calculated meta-features for BTCUSDT (19 features) 
2026-01-02 08:23:46,563 ml_service_v2 INFO 🧙 Consejo v2.1: Calculated meta-features for BTCUSDT (19 features) 
2026-01-02 08:23:46,575 ml_service_v2 INFO 🧙 Consejo v2.1: Calculated meta-features for BTCUSDT (19 features) 
2026-01-02 08:23:46,587 ml_service_v2 INFO 🧙 Consejo v2.1: Calculated meta-features for BTCUSDT (19 features) 
2026-01-02 08:23:46,598 ml_service_v2 INFO 🧙 Consejo v2.1: Calculated meta-features for BTCUSDT (19 features) 
2026-01-02 08:23:46,610 ml_service_v2 INFO 🧙 Consejo v2.1: Calculated meta-features for BTCUSDT (19 features) 
2026-01-02 08:23:46,622 ml_service_v2 INFO 🧙 Consejo v2.1: Calculated meta-features for BTCUSDT (19 features) 
2026-01-02 08:23:46,634 ml_service_v2 INFO 🧙 Consejo v2.1: Calculated meta-features for BTCUSDT (19 features) 
2026-01-02 08:23:46,645 ml_service_v2 INFO 🧙 Consejo v2.1: Calculated meta-features for BTCUSDT (19 features) 
2026-01-02 08:23:46,657 ml_service_v2 INFO 🧙 Consejo v2.1: Calculated meta-features for BTCUSDT (19 features) 
2026-01-02 08:23:46,669 ml_service_v2 INFO 🧙 Consejo v2.1: Calculated meta-features for BTCUSDT (19 features) 
2026-01-02 08:23:46,680 ml_service_v2 INFO 🧙 Consejo v2.1: Calculated meta-features for BTCUSDT (19 features) 
2026-01-02 08:23:46,692 ml_service_v2 INFO 🧙 Consejo v2.1: Calculated meta-features for BTCUSDT (19 features) 
2026-01-02 08:23:46,704 ml_service_v2 INFO 🧙 Consejo v2.1: Calculated meta-features for BTCUSDT (19 features) 
2026-01-02 08:23:46,716 ml_service_v2 INFO 🧙 Consejo v2.1: Calculated meta-features for BTCUSDT (19 features) 
2026-01-02 08:23:46,731 ml_service_v2 INFO 🧙 Consejo v2.1: Calculated meta-features for BTCUSDT (19 features) 
2026-01-02 08:23:46,751 ml_service_v2 INFO 🧙 Consejo v2.1: Calculated meta-features for BTCUSDT (19 features) 
2026-01-02 08:23:46,764 ml_service_v2 INFO 🧙 Consejo v2.1: Calculated meta-features for BTCUSDT (19 features) 
2026-01-02 08:23:46,788 ml_service_v2 INFO 🧙 Consejo v2.1: Calculated meta-features for BTCUSDT (19 features) 
2026-01-02 08:23:46,801 ml_service_v2 INFO 🧙 Consejo v2.1: Calculated meta-features for BTCUSDT (19 features) 
2026-01-02 08:23:46,813 ml_service_v2 INFO 🧙 Consejo v2.1: Calculated meta-features for BTCUSDT (19 features) 
2026-01-02 08:23:46,829 ml_service_v2 INFO 🧙 Consejo v2.1: Calculated meta-features for BTCUSDT (19 features) 
2026-01-02 08:23:46,841 ml_service_v2 INFO 🧙 Consejo v2.1: Calculated meta-features for BTCUSDT (19 features) 
2026-01-02 08:23:46,853 ml_service_v2 INFO 🧙 Consejo v2.1: Calculated meta-features for BTCUSDT (19 features) 
2026-01-02 08:23:46,871 ml_service_v2 INFO 🧙 Consejo v2.1: Calculated meta-features for BTCUSDT (19 features) 
2026-01-02 08:23:46,884 ml_service_v2 INFO 🧙 Consejo v2.1: Calculated meta-features for BTCUSDT (19 features) 
2026-01-02 08:23:46,903 ml_service_v2 INFO 🧙 Consejo v2.1: Calculated meta-features for BTCUSDT (19 features) 
2026-01-02 08:23:46,915 ml_service_v2 INFO 🧙 Consejo v2.1: Calculated meta-features for BTCUSDT (19 features) 
2026-01-02 08:23:46,927 ml_service_v2 INFO 🧙 Consejo v2.1: Calculated meta-features for BTCUSDT (19 features) 
2026-01-02 08:23:46,949 ml_service_v2 INFO 🧙 Consejo v2.1: Calculated meta-features for BTCUSDT (19 features) 
2026-01-02 08:23:46,961 ml_service_v2 INFO 🧙 Consejo v2.1: Calculated meta-features for BTCUSDT (19 features) 
2026-01-02 08:23:46,972 ml_service_v2 INFO 🧙 Consejo v2.1: Calculated meta-features for BTCUSDT (19 features) 
2026-01-02 08:23:46,989 ml_service_v2 INFO 🧙 Consejo v2.1: Calculated meta-features for BTCUSDT (19 features) 
2026-01-02 08:23:47,001 ml_service_v2 INFO 🧙 Consejo v2.1: Calculated meta-features for BTCUSDT (19 features) 
2026-01-02 08:23:47,014 ml_service_v2 INFO 🧙 Consejo v2.1: Calculated meta-features for BTCUSDT (19 features) 
2026-01-02 08:23:47,032 ml_service_v2 INFO 🧙 Consejo v2.1: Calculated meta-features for BTCUSDT (19 features) 
2026-01-02 08:23:47,045 ml_service_v2 INFO 🧙 Consejo v2.1: Calculated meta-features for BTCUSDT (19 features) 
2026-01-02 08:23:47,078 ml_service_v2 INFO 🧙 Consejo v2.1: Calculated meta-features for BTCUSDT (19 features) 
2026-01-02 08:23:47,111 ml_service_v2 INFO 🧙 Consejo v2.1: Calculated meta-features for BTCUSDT (19 features) 
2026-01-02 08:23:47,122 ml_service_v2 INFO 🧙 Consejo v2.1: Calculated meta-features for BTCUSDT (19 features) 
2026-01-02 08:23:47,134 ml_service_v2 INFO 🧙 Consejo v2.1: Calculated meta-features for BTCUSDT (19 features) 
2026-01-02 08:23:47,149 ml_service_v2 INFO 🧙 Consejo v2.1: Calculated meta-features for BTCUSDT (19 features) 
2026-01-02 08:23:47,160 ml_service_v2 INFO 🧙 Consejo v2.1: Calculated meta-features for BTCUSDT (19 features) 
2026-01-02 08:23:47,171 ml_service_v2 INFO 🧙 Consejo v2.1: Calculated meta-features for BTCUSDT (19 features) 
2026-01-02 08:23:47,183 ml_service_v2 INFO 🧙 Consejo v2.1: Calculated meta-features for BTCUSDT (19 features) 
2026-01-02 08:23:47,194 ml_service_v2 INFO 🧙 Consejo v2.1: Calculated meta-features for BTCUSDT (19 features) 
2026-01-02 08:23:47,205 ml_service_v2 INFO 🧙 Consejo v2.1: Calculated meta-features for BTCUSDT (19 features) 
2026-01-02 08:23:47,216 ml_service_v2 INFO 🧙 Consejo v2.1: Calculated meta-features for BTCUSDT (19 features) 
2026-01-02 08:23:47,227 ml_service_v2 INFO 🧙 Consejo v2.1: Calculated meta-features for BTCUSDT (19 features) 
2026-01-02 08:23:47,239 ml_service_v2 INFO 🧙 Consejo v2.1: Calculated meta-features for BTCUSDT (19 features) 
2026-01-02 08:23:47,250 ml_service_v2 INFO 🧙 Consejo v2.1: Calculated meta-features for BTCUSDT (19 features) 
2026-01-02 08:23:47,261 ml_service_v2 INFO 🧙 Consejo v2.1: Calculated meta-features for BTCUSDT (19 features) 
2026-01-02 08:23:47,272 ml_service_v2 INFO 🧙 Consejo v2.1: Calculated meta-features for BTCUSDT (19 features) 
2026-01-02 08:23:47,283 ml_service_v2 INFO 🧙 Consejo v2.1: Calculated meta-features for BTCUSDT (19 features) 
2026-01-02 08:23:47,294 ml_service_v2 INFO 🧙 Consejo v2.1: Calculated meta-features for BTCUSDT (19 features) 
2026-01-02 08:23:47,305 ml_service_v2 INFO 🧙 Consejo v2.1: Calculated meta-features for BTCUSDT (19 features) 
2026-01-02 08:23:47,316 ml_service_v2 INFO 🧙 Consejo v2.1: Calculated meta-features for BTCUSDT (19 features) 
2026-01-02 08:23:47,327 ml_service_v2 INFO 🧙 Consejo v2.1: Calculated meta-features for BTCUSDT (19 features) 
2026-01-02 08:23:47,338 ml_service_v2 INFO 🧙 Consejo v2.1: Calculated meta-features for BTCUSDT (19 features) 
2026-01-02 08:23:47,351 ml_service_v2 INFO 🧙 Consejo v2.1: Calculated meta-features for BTCUSDT (19 features) 
2026-01-02 08:23:47,371 ml_service_v2 INFO 🧙 Consejo v2.1: Calculated meta-features for BTCUSDT (19 features) 
2026-01-02 08:23:47,382 ml_service_v2 INFO 🧙 Consejo v2.1: Calculated meta-features for BTCUSDT (19 features) 
