trade_id,symbol,fold,signal_timestamp,entry_timestamp,entry_price,h12_close,gross_h12_return,mfe_h12,mae_h12,giveback,capture_ratio,mfe_bar,mfe_minutes,mae_bar,mae_minutes,ever_positive,favorable_then_negative,ended_positive,ended_positive_giveback_25,giveback_50,giveback_75,giveback_100,mae_before_mfe,mfe_before_mae,intrabar_extrema_tied,mfe_t5,mtm_t5,mfe_t10,mtm_t10,mfe_t15,mtm_t15,mfe_t30,mtm_t30,mfe_t45,mtm_t45,mfe_t60,mtm_t60
5112f70152fb12bdbc5ad0ef,ETHUSDT,1,2025-04-16T02:55:00Z,2025-04-16T03:00:00Z,1597.64,1590.02,0.004769535064219798,0.005958789214090914,0.0016023634861420254,0.0011892541498711162,0.8004201680672218,11,55,4,20,True,False,True,False,False,False,False,True,False,False,0.0008512556020130488,0.0005195162865227176,0.0012768834030195732,1.2518464735615772e-05,0.0012768834030195732,-0.0008011817430710127,0.0018777697103227258,0.0017150296687614287,0.0035302070554067873,0.0029293207481034924,0.005958789214090914,0.004769535064219798
d128ebe72fe730f106b770af,LINKUSDT,1,2025-04-16T08:55:00Z,2025-04-16T09:00:00Z,12.214,12.116,0.008023579498935708,0.008678565580481403,0.0018830849844440549,0.0006549860815456953,0.9245283018868007,10,50,4,20,True,False,True,False,False,False,False,True,False,False,0.0015555919436712074,0.0009006058621255124,0.002128704765023727,8.187326019332096e-05,0.0022924512854102233,0.00122809890289836,0.0022924512854102233,0.0006549860815458405,0.004503029310627126,0.004093663009661103,0.008678565580481403,0.008023579498935708
0e07674e1888d347d6ec0ef9,ADAUSDT,1,2025-04-16T10:55:00Z,2025-04-16T11:00:00Z,0.6062,0.6066,-0.0006598482349060821,0.004618937644341659,0.002144506763444538,0.005278785879247741,-0.1428571428571712,8,40,10,50,True,True,False,False,True,True,True,False,True,False,0.00197954470471788,0.0014846585285384559,0.002804354998350254,-0.0004948861761796074,0.002804354998350254,-0.00032992411745313266,0.0037941273507092854,0.003464203233256336,0.004618937644341659,0.000659848234905899,0.004618937644341659,-0.0006598482349060821
f99d629fe577eb894d8f9f46,BTCUSDT,1,2025-04-16T14:55:00Z,2025-04-16T15:00:00Z,84560.0,84810.7,-0.0029647587511825576,0.0012499999999999655,0.007947019867549669,0.004214758751182523,-2.3718070009461116,2,10,6,30,True,True,False,False,True,True,True,False,True,False,1.4191106906304276e-05,-0.000739120151371807,0.0012499999999999655,0.0004694891201513374,0.0012499999999999655,-0.0019820245979187065,0.0012499999999999655,-0.005671712393566767,0.0012499999999999655,-0.004364947965941412,0.0012499999999999655,-0.0029647587511825576
0e5b83f514e074cac81ceb1a,BTCUSDT,1,2025-04-16T15:55:00Z,2025-04-16T16:00:00Z,84811.3,85000.1,-0.0022261184535551618,0.001888899238662738,0.004383849793600651,0.0041150176922179,-1.1785268414482293,9,45,12,60,True,True,False,False,True,True,True,False,True,False,7.192437800158493e-05,-0.0017426923063318556,7.192437800158493e-05,-0.0021836712796525592,7.192437800158493e-05,-0.0016460070768870572,0.0016837378981338915,0.00014149057967511404,0.001888899238662738,-0.0003383983030562801,0.001888899238662738,-0.0022261184535551618
5c6be0d2e714e90de0e06712,BNBUSDT,1,2025-04-16T18:55:00Z,2025-04-16T19:00:00Z,582.39,584.79,-0.004120949878947058,0.0025755936743419357,0.005202699222170664,0.006696543553288994,-1.5999999999999848,7,35,12,60,True,True,False,False,True,True,True,False,True,False,0.0,-0.0001888768694517654,0.0013908205841445516,0.0003090712409209464,0.0013908205841445516,-0.0012191143391885788,0.0023352049314033785,0.0023352049314033785,0.0025755936743419357,-0.0007039956043200745,0.0025755936743419357,-0.004120949878947058
ca5773e8209649174dd2f9ad,LTCUSDT,1,2025-04-16T21:55:00Z,2025-04-16T22:00:00Z,75.04,74.81,0.0030650319829424837,0.0067963752665245875,0.000533049040511621,0.003731343283582104,0.4509803921568661,6,30,1,5,True,False,True,True,True,False,False,True,False,False,0.0030650319829424837,0.002931769722814673,0.0037313432835821042,0.002931769722814673,0.003997867803838104,0.0023987206823028627,0.0067963752665245875,0.006263326226012967,0.0067963752665245875,0.0018656716417910521,0.0067963752665245875,0.0030650319829424837
80f99d9532dde3e4509b2a21,SOLUSDT,1,2025-04-16T22:55:00Z,2025-04-16T23:00:00Z,132.08,131.3,0.00590551181102363,0.010221078134464132,0.0013628104179283645,0.0043155663234405025,0.5777777777777688,10,50,3,15,True,False,True,True,False,False,False,True,False,False,0.0021956390066627833,0.0020442156268928695,0.003407026044821449,0.0013628104179285797,0.003407026044821449,0.001589945487583343,0.004694124772864964,0.0043912780133253514,0.010145366444579067,0.009009691096305467,0.010221078134464132,0.00590551181102363
13f67d7f9633094b3b892cb2,DOGEUSDT,1,2025-04-17T01:55:00Z,2025-04-17T02:00:00Z,0.15591,0.15562,0.0018600474632799995,0.005644281957539555,0.0008979539477903998,0.003784234494259555,0.3295454545454402,11,55,1,5,True,False,True,True,True,False,False,True,False,False,0.0022448848694759105,0.0015393496247834663,0.0036559553588607994,0.0016034891924828442,0.00404079276505671,0.003335257520364266,0.005387723686742221,0.001731768327881422,0.005387723686742221,0.004489769738952,0.005644281957539555,0.0018600474632799995
44c6bf8a9b8ecd9cb999e7cf,SOLUSDT,1,2025-04-17T04:55:00Z,2025-04-17T05:00:00Z,131.03,133.07,-0.015568953674730917,0.000610547202930722,0.01869800808975035,0.016179500877661637,-25.499999999995914,1,5,12,60,True,True,False,False,True,True,True,False,True,False,0.000610547202930722,-0.0013737312065939618,0.000610547202930722,-0.0033580096161184288,0.000610547202930722,-0.004884377623444908,0.000610547202930722,-0.005800198427840883,0.000610547202930722,-0.01511104327253293,0.000610547202930722,-0.015568953674730917
de2d80a8c652d8d5f1e461ce,AVAXUSDT,1,2025-04-17T07:55:00Z,2025-04-17T08:00:00Z,19.383,19.235,0.007635556931331563,0.008409430944642226,0.004694835680751229,0.0007738740133106633,0.9079754601226959,12,60,2,10,True,False,True,False,False,False,False,True,False,False,0.00036114120621152023,-0.0015993396275087635,0.00036114120621152023,-0.004694835680751229,0.00036114120621152023,-0.003043904452355211,0.0038693700665531285,0.0007222824124232238,0.0038693700665531285,0.0035598204612288637,0.008409430944642226,0.007635556931331563
d7b9d4f7142f7384860917d6,AVAXUSDT,1,2025-04-17T08:55:00Z,2025-04-17T09:00:00Z,19.235,19.227,0.00041590850012992564,0.0024954510007797383,0.0027034052508447936,0.0020795425006498126,0.16666666666665433,1,5,10,50,True,False,True,True,True,True,False,False,True,False,0.0024954510007797383,0.0018715882505847576,0.0024954510007797383,-0.001715622563036197,0.0024954510007797383,-0.0010397712503249063,0.0024954510007797383,0.0014036911879387068,0.0024954510007797383,-0.001507668312971142,0.0024954510007797383,0.00041590850012992564
b9ef87a69b84d0d6fc114f3a,ETHUSDT,1,2025-04-17T12:55:00Z,2025-04-17T13:00:00Z,1600.94,1593.01,0.004953339912801269,0.00780791285119992,0.0,0.002854572938398651,0.6344000000000051,8,40,1,5,True,False,True,True,False,False,False,True,False,False,0.0024548078004172943,0.002317388534236159,0.003710320186890236,0.003585393581271009,0.005184454133196718,0.005003310555048903,0.006340025235174391,0.003416742663685102,0.00780791285119992,0.0039539270678477356,0.00780791285119992,0.004953339912801269
98116b49b031d6067dfbc4e1,BTCUSDT,1,2025-04-17T16:55:00Z,2025-04-17T17:00:00Z,84898.6,85067.9,-0.0019941436018967138,0.0018480870120356368,0.0033062971591992928,0.0038422306139323506,-1.0790312300827212,5,25,12,60,True,True,False,False,True,True,True,False,True,False,0.0002661999137795655,-0.0005453564605304252,0.0015512623294142852,-0.0008881182964147132,0.0015512623294142852,-0.0005288662003848612,0.0018480870120356368,-0.0007809316054680331,0.0018480870120356368,-0.0013121535573024075,0.0018480870120356368,-0.0019941436018967138
bccc5b6c55ed156f5bfba564,AVAXUSDT,1,2025-04-18T01:55:00Z,2025-04-18T02:00:00Z,19.045,19.046,-5.250721974259224e-05,0.005040693095300608,0.003412969283276331,0.005093200315043201,-0.010416666666642378,3,15,11,55,True,True,False,False,True,True,True,False,True,False,0.0023628248884222476,0.001837752690995019,0.004620635337358937,0.004305592018902638,0.005040693095300608,0.003990548700446338,0.005040693095300608,-0.0009976371751114913,0.005040693095300608,-0.00021002887897074207,0.005040693095300608,-5.250721974259224e-05
4922c37d0453f044f2e7d739,LINKUSDT,1,2025-04-18T02:55:00Z,2025-04-18T03:00:00Z,12.521,12.558,-0.0029550355402922315,0.006069802731411269,0.0035939621435987484,0.0090248382717035,-0.4868421052631419,6,30,11,55,True,True,False,False,True,True,True,False,True,False,0.003274498841945561,0.0025557064132257826,0.00527114447727823,0.004791949524798379,0.00527114447727823,0.0040731570960786,0.006069802731411269,0.004951681175625043,0.006069802731411269,-0.0011181215557862269,0.006069802731411269,-0.0029550355402922315
4f83022193e35d3942cceec0,ADAUSDT,1,2025-04-18T08:55:00Z,2025-04-18T09:00:00Z,0.616,0.615,0.0016233766233766248,0.003733766233766183,0.0008116883116884025,0.002110389610389558,0.4347826086956585,4,20,10,50,True,False,True,True,True,False,False,False,True,False,0.002110389610389558,0.0011363636363636914,0.0032467532467532496,0.002435064935064847,0.003409090909090894,0.002272727272727203,0.003733766233766183,0.000974025974026047,0.003733766233766183,0.0,0.003733766233766183,0.0016233766233766248
854192bd677d920484b3ff4b,ADAUSDT,1,2025-04-18T14:55:00Z,2025-04-18T15:00:00Z,0.6167,0.6158,0.001459380574023045,0.005999675693205832,0.0012972271769093934,0.004540295119182787,0.24324324324324406,6,30,1,5,True,False,True,True,True,True,False,True,False,False,0.00032430679422730334,0.00016215339711365167,0.00486460191341009,0.0032430679422733935,0.00486460191341009,0.004540295119182787,0.005999675693205832,0.005351062104751225,0.005999675693205832,0.004053834927841832,0.005999675693205832,0.001459380574023045
cafcf59f3984b8b49d96da78,LTCUSDT,1,2025-04-18T18:55:00Z,2025-04-18T19:00:00Z,76.95,76.46,0.0063677712800521,0.008057179987004608,0.0010396361273554034,0.0016894087069525077,0.7903225806451701,10,50,1,5,True,False,True,False,False,False,False,True,False,False,0.0018193632228720022,0.001169590643274898,0.0018193632228720022,0.00038986354775829933,0.0018193632228720022,0.00012995451591949468,0.0027290448343080956,0.0024691358024691063,0.007147498375568514,0.006627680311890904,0.008057179987004608,0.0063677712800521
a3d22ba412ba1dc97a9b81f6,SUIUSDT,1,2025-04-18T19:55:00Z,2025-04-18T20:00:00Z,2.1453,2.136,0.00433505803384146,0.006059758541929028,0.0006525893814384215,0.0017247005080875677,0.715384615384603,3,15,2,10,True,False,True,True,False,False,False,True,False,False,0.0020509951988068814,0.001258565235631552,0.002656971052999598,0.002656971052999598,0.006059758541929028,0.00391553628863115,0.006059758541929028,0.0029832657437189125,0.006059758541929028,0.004148603924859055,0.006059758541929028,0.00433505803384146
77689cedfda75952c91e4f5f,DOGEUSDT,1,2025-04-19T02:55:00Z,2025-04-19T03:00:00Z,0.15834,0.15936,-0.006441834028040881,0.0,0.008399646330680799,0.006441834028040881,,1,5,11,55,False,False,False,False,False,False,False,False,True,False,0.0,-0.002020967538208835,0.0,-0.0035366931918656367,0.0,-0.0030314513073132526,0.0,-0.004168245547555854,0.0,-0.0024630541871921274,0.0,-0.006441834028040881
c364c1bcfa11cf3d71814bea,LINKUSDT,1,2025-04-19T03:55:00Z,2025-04-19T04:00:00Z,12.713,12.765,-0.004090301266420309,0.0003932981986941718,0.0074726657751908,0.00448359946511448,-10.400000000002345,1,5,7,35,True,True,False,False,True,True,True,False,True,False,0.0003932981986941718,-0.00023597891921655896,0.0003932981986941718,-0.0011798945960827948,0.0003932981986941718,-0.0011012349563439884,0.0003932981986941718,-0.0058208133406750275,0.0003932981986941718,-0.005506174781719522,0.0003932981986941718,-0.004090301266420309
94ab910def2aa40ffc029d4b,SUIUSDT,1,2025-04-19T04:55:00Z,2025-04-19T05:00:00Z,2.1448,2.1392,0.0026109660574411726,0.004942185751585306,0.0015852293920179362,0.0023312196941441335,0.5283018867924283,4,20,1,5,True,False,True,True,False,False,False,True,False,False,0.0,-0.0010723610593062144,0.002517717269675424,0.0020048489369639093,0.0034968295412158897,0.00335695635956737,0.004942185751585306,0.0,0.004942185751585306,0.002657590451324151,0.004942185751585306,0.0026109660574411726
356d64e09ee97cebd134a384,SOLUSDT,1,2025-04-19T05:55:00Z,2025-04-19T06:00:00Z,138.31,138.12,0.0013737256886703617,0.0046995878822934396,0.001012218928493864,0.003325862193623078,0.2923076923076863,8,40,1,5,True,False,True,True,True,False,False,True,False,False,0.0011568216325645042,0.0009399175764586468,0.0026028486732702885,0.001590629744776219,0.0026028486732702885,0.002385944617164431,0.0026028486732702885,0.0013737256886703617,0.0046995878822934396,0.0026028486732702885,0.0046995878822934396,0.0013737256886703617
2ce41216def39b6d6f1823e1,SOLUSDT,1,2025-04-19T07:55:00Z,2025-04-19T08:00:00Z,138.67,139.0,-0.0023797504867672354,0.002235523184538645,0.0037499098579361814,0.00461527367130588,-1.0645161290323881,4,20,10,50,True,True,False,False,True,True,True,False,True,False,0.00115381841782647,0.00115381841782647,0.0017307276267396025,0.0003605682555706566,0.0017307276267396025,0.0014422730222830363,0.002235523184538645,-0.0007932501622558135,0.002235523184538645,-0.0023797504867672354,0.002235523184538645,-0.0023797504867672354
0d3121cbd2f36c3d5fa9f73b,AVAXUSDT,1,2025-04-19T09:55:00Z,2025-04-19T10:00:00Z,19.55,19.528,0.0011253196930947323,0.0035294117647058343,0.003324808184143106,0.002404092071611102,0.3188405797101785,8,40,3,15,True,False,True,True,True,False,False,True,False,False,5.1150895140727475e-05,-0.00020460358056254645,5.1150895140727475e-05,-0.001432225063938552,5.1150895140727475e-05,-0.0011253196930945506,0.002046035805626555,0.0011253196930947323,0.0035294117647058343,0.0019948849104860092,0.0035294117647058343,0.0011253196930947323
eca9d827c0a6cfcd98543faa,AVAXUSDT,1,2025-04-19T10:55:00Z,2025-04-19T11:00:00Z,19.527,19.487,0.0020484457417935522,0.0036872023352282853,0.002509346033696906,0.001638756593434733,0.5555555555555719,6,30,2,10,True,False,True,True,False,False,False,True,False,False,5.121114354489794e-05,-0.0018948123111588585,5.121114354489794e-05,-0.00035847800481373976,0.0015363343063451189,0.0007169560096276614,0.0036872023352282853,0.0031238797562349535,0.0036872023352282853,0.0020484457417935522,0.0036872023352282853,0.0020484457417935522
35ae5733409935d1fe741229,AVAXUSDT,1,2025-04-19T15:55:00Z,2025-04-19T16:00:00Z,19.691,19.668,0.001168046315575628,0.0035041389467268835,0.0044182621502209,0.0023360926311512555,0.33333333333333337,10,50,2,10,True,False,True,True,True,False,False,True,False,False,5.078462241621398e-05,-0.0036057081915596726,5.078462241621398e-05,-0.003504138946727064,5.078462241621398e-05,-0.001777461784571639,0.001168046315575628,0.001168046315575628,0.0032502158346452725,0.0005078462241632223,0.0035041389467268835,0.001168046315575628
f11e3936f0dde91f9d3eb723,LTCUSDT,1,2025-04-19T17:55:00Z,2025-04-19T18:00:00Z,75.97,75.8,0.002237725417928152,0.0025009872318019974,0.0030275108595498746,0.00026326181387384536,0.8947368421052828,11,55,7,35,True,False,True,False,False,False,False,True,False,False,0.0019744636040543067,-0.0002632618138738452,0.0019744636040543067,-0.001184678162432584,0.0019744636040543067,-0.0007897854416217227,0.0019744636040543067,-0.0007897854416217227,0.0019744636040543067,-0.0009214163485587388,0.0025009872318019974,0.002237725417928152
fb93ee08a277094eff021f1e,AVAXUSDT,1,2025-04-19T18:55:00Z,2025-04-19T19:00:00Z,19.962,20.032,-0.0035066626590522136,0.0015028554253081424,0.005961326520388727,0.0050095180843603565,-2.3333333333332544,1,5,7,35,True,True,False,False,True,True,True,False,True,False,0.0015028554253081424,-0.0021039975954313993,0.0015028554253081424,-0.003757138563270178,0.0015028554253081424,-0.003807233744113842,0.0015028554253081424,-0.0034565674782085494,0.0015028554253081424,-0.004959422903516692,0.0015028554253081424,-0.0035066626590522136
e319ff8c623ca23f3130c8a9,LINKUSDT,1,2025-04-19T19:55:00Z,2025-04-19T20:00:00Z,12.929,12.948,-0.0014695645448217286,0.0023203650707712227,0.003944620620310941,0.0037899296155929512,-0.6333333333333135,4,20,10,50,True,True,False,False,True,True,True,False,True,False,0.0014695645448217286,0.001005491530667484,0.0014695645448217286,-0.0005414185165132395,0.001856292056616978,0.0014695645448217286,0.0023203650707712227,-0.0011601825353856113,0.0023203650707712227,-0.0035578931085156916,0.0023203650707712227,-0.0014695645448217286
d7deb75449380dcb5040cc5f,AVAXUSDT,1,2025-04-19T20:55:00Z,2025-04-19T21:00:00Z,20.257,20.211,0.0022708199634695623,0.0034062299452042558,0.0050846620921162055,0.0011354099817346935,0.6666666666666838,3,15,5,25,True,False,True,True,False,False,False,False,True,False,0.0017277977982919554,0.0009379473762157231,0.0017277977982919554,0.0014316038900133244,0.0034062299452042558,0.0028632077800266487,0.0034062299452042558,-0.0026657451745075032,0.0034062299452042558,0.0004936565137977767,0.0034062299452042558,0.0022708199634695623
139f969bb8760342637100f9,AVAXUSDT,1,2025-04-19T21:55:00Z,2025-04-19T22:00:00Z,20.211,20.051,0.007916481124140328,0.01291375983375386,0.00044530206323290986,0.004997278709613532,0.613026819923374,6,30,1,5,True,False,True,True,False,False,False,True,False,False,0.0022265103161643734,0.0020285982880607996,0.00742170105388148,0.007025876997674508,0.009747167384097729,0.009450299341942456,0.01291375983375386,0.011033595566770521,0.01291375983375386,0.007817525110088453,0.01291375983375386,0.007916481124140328
5b0eb18d6830576de4f81c94,LINKUSDT,1,2025-04-20T09:55:00Z,2025-04-20T10:00:00Z,13.084,12.97,0.008712931825129853,0.012075817792723898,0.0023693060226230955,0.0033628859675940443,0.7215189873417682,11,55,3,15,True,False,True,True,False,False,False,True,False,False,0.0007642922653622583,0.0006114338122897523,0.0016814429837970226,0.0004585753592173821,0.0016814429837970226,-0.0019871598899418984,0.0019107306634057136,0.0009171507184347642,0.0045093243656373645,0.002980739834912848,0.012075817792723898,0.008712931825129853
60fdadea8c0ba12dee1dcff2,LINKUSDT,1,2025-04-20T12:55:00Z,2025-04-20T13:00:00Z,12.983,12.975,0.0006161904028345448,0.005622737425864622,0.0007702380035430784,0.005006547023030078,0.10958904109590208,4,20,12,60,True,False,True,True,True,True,False,False,True,False,0.0016174998074405603,-0.00015404760070853357,0.004082261418778466,0.003774166217361262,0.005160594623738748,0.004313332819841403,0.005622737425864622,0.0023877378109836388,0.005622737425864622,0.0001540476007086704,0.005622737425864622,0.0006161904028345448
7277470e8bfb8c72aa7e2481,LINKUSDT,1,2025-04-20T16:55:00Z,2025-04-20T17:00:00Z,13.183,13.178,0.00037927634074178907,0.005006447697792532,0.0009861184859288402,0.0046271713570507425,0.0757575757575619,8,40,11,55,True,False,True,True,True,True,False,False,True,False,0.0015171053629674258,0.0015171053629674258,0.002048092240006011,0.0012895395585222984,0.002351513312599604,0.002123947508154477,0.0037169081392702335,0.003185921262231648,0.005006447697792532,0.002427368580747935,0.005006447697792532,0.00037927634074178907
f4614a40ef3fb5a087d16008,LTCUSDT,1,2025-04-20T20:55:00Z,2025-04-20T21:00:00Z,77.55,77.72,-0.002192134107027746,0.0032237266279819474,0.004642166344293997,0.0054158607350096935,-0.6800000000000068,4,20,9,45,True,True,False,False,True,True,True,False,True,False,0.002321083172146907,0.002321083172146907,0.0024500322372662505,0.00025789813023850445,0.0024500322372662505,0.002321083172146907,0.0032237266279819474,-0.0030947775628627867,0.0032237266279819474,-0.004513217279174836,0.0032237266279819474,-0.002192134107027746
d66c76e425de7a43b8659c7a,LTCUSDT,1,2025-04-20T21:55:00Z,2025-04-20T22:00:00Z,77.72,77.81,-0.0011580030880082785,0.003988677303139504,0.0012866700977868543,0.005146680391147783,-0.29032258064517014,6,30,12,60,True,True,False,False,True,True,True,False,True,False,0.0025733401955738916,0.0012866700977868543,0.002702007205352467,0.0018013381369017057,0.002959341224909984,0.0007720020586721857,0.003988677303139504,0.0021873391662377987,0.003988677303139504,-0.00012866700977875857,0.003988677303139504,-0.0011580030880082785
fe8f0a9a8bff563040b2ca26,DOGEUSDT,1,2025-04-20T23:55:00Z,2025-04-21T00:00:00Z,0.15519,0.15904,-0.02480829950383396,0.0016753656807782877,0.03189638507635808,0.026483665184612246,-14.807692307693276,1,5,10,50,True,True,False,False,True,True,True,False,True,False,0.0016753656807782877,-0.001482054256073252,0.0016753656807782877,-0.0020619885301888957,0.0016753656807782877,-0.0026419228043043606,0.0016753656807782877,-0.019717765319930455,0.0016753656807782877,-0.027385785166570035,0.0016753656807782877,-0.02480829950383396
7a6e00c1c6a69debc89afccf,LTCUSDT,1,2025-04-21T00:55:00Z,2025-04-21T01:00:00Z,78.75,79.29,-0.006857142857142937,0.0005079365079365874,0.009015873015872937,0.007365079365079524,-13.499999999998044,3,15,11,55,True,True,False,False,True,True,True,False,True,False,0.0,-0.0021587301587301802,0.0,-0.001650793650793593,0.0005079365079365874,-0.0012698412698411976,0.0005079365079365874,-0.00355555555555557,0.0005079365079365874,-0.005206349206349163,0.0005079365079365874,-0.006857142857142937
4befb8416de14617221865b4,LTCUSDT,1,2025-04-21T01:55:00Z,2025-04-21T02:00:00Z,79.3,79.17,0.0016393442622950247,0.003656998738965852,0.0065573770491802776,0.002017654476670827,0.44827586206896214,9,45,7,35,True,False,True,True,True,False,False,True,False,False,0.002017654476670827,0.0011349306431274076,0.002017654476670827,-0.0025220680958386236,0.002017654476670827,-0.0025220680958386236,0.002017654476670827,-0.002774274905422432,0.003656998738965852,0.002017654476670827,0.003656998738965852,0.0016393442622950247
e137bdbb1d4bd5a975e6e7e7,DOGEUSDT,1,2025-04-21T02:55:00Z,2025-04-21T03:00:00Z,0.1601,0.16025,-0.0009369144284822688,0.00018738288569645378,0.005621486570893266,0.0011242973141787225,-5.0,1,5,5,25,True,True,False,False,True,True,True,False,True,False,0.00018738288569645378,-0.002685821361649055,0.00018738288569645378,-0.0013116801998751765,0.00018738288569645378,-0.0008119925046846908,0.00018738288569645378,-0.0021236727045596936,0.00018738288569645378,-0.002810743285446633,0.00018738288569645378,-0.0009369144284822688
4beaf7316a3524858f111cd3,ADAUSDT,1,2025-04-21T03:55:00Z,2025-04-21T04:00:00Z,0.6368,0.6405,-0.005810301507537571,0.0007851758793970728,0.008165829145728614,0.006595477386934644,-7.3999999999990225,7,35,11,55,True,True,False,False,True,True,True,False,True,False,0.0001570351758793797,-0.0042399497487436,0.0001570351758793797,-0.005025125628140673,0.0001570351758793797,-0.0029836683417085626,0.0001570351758793797,-0.001727386934673351,0.0007851758793970728,-0.0020414572864321102,0.0007851758793970728,-0.005810301507537571
0a11899c9d95bebfa90fe4c2,AVAXUSDT,1,2025-04-21T04:55:00Z,2025-04-21T05:00:00Z,20.005,20.203,-0.009897525618595372,0.003549112721819443,0.014646338415396115,0.013446638340414815,-2.788732394366283,3,15,11,55,True,True,False,False,True,True,True,False,True,False,0.0010997250687327402,0.00019995001249676497,0.0027993001749561305,0.0023494126468383203,0.003549112721819443,0.003099225193701455,0.003549112721819443,-0.0037490627343163855,0.003549112721819443,-0.0037490627343163855,0.003549112721819443,-0.009897525618595372
211a66e596f4aefef8d9b384,ETHUSDT,1,2025-04-21T05:55:00Z,2025-04-21T06:00:00Z,1647.54,1647.38,9.711448583940571e-05,0.0015416924627019457,0.006348859511756945,0.00144457797686254,0.06299212598419558,6,30,4,20,True,False,True,True,True,True,False,True,False,False,1.820896609488857e-05,-0.0004734331184675169,0.000892239338650368,-9.104483047458086e-05,0.000892239338650368,-0.0007344282991611957,0.0015416924627019457,-0.0016812945360962295,0.0015416924627019457,0.00017602000558406087,0.0015416924627019457,9.711448583940571e-05
bb70e3ff0933ad3ff51c8231,ADAUSDT,1,2025-04-21T06:55:00Z,2025-04-21T07:00:00Z,0.6429,0.6431,-0.00031109037175296,0.0013999066728884926,0.003733084461035865,0.0017109970446414526,-0.22222222222219482,6,30,9,45,True,True,False,False,True,True,True,False,True,False,0.00015554518587648,-0.0017109970446414526,0.00015554518587648,-0.0018665422305179325,0.0010888163011355326,-0.0015554518587649726,0.0013999066728884926,-0.0007777259293824,0.0013999066728884926,-0.003421994089282905,0.0013999066728884926,-0.00031109037175296
01b1b7b3b06744a5f1f2796e,DOGEUSDT,1,2025-04-21T07:55:00Z,2025-04-21T08:00:00Z,0.16191,0.16197,-0.0003705762460626551,0.0032734235068865585,0.0031498980915323975,0.0036439997529492136,-0.11320754716981922,10,50,2,10,True,True,False,False,True,True,True,True,False,False,0.0,-0.0022234574763757594,0.0,-0.002346982891729921,0.00024705083070832246,0.0,0.001358779568896288,-0.00018528812303132756,0.002470508307084253,0.0019764066456672657,0.0032734235068865585,-0.0003705762460626551
adce3c4a3e146b988ffe471f,AVAXUSDT,1,2025-04-21T08:55:00Z,2025-04-21T09:00:00Z,20.711,20.642,0.0033315629375693626,0.00782193037516291,0.0038143981459128305,0.0044903674375935485,0.4259259259259227,5,25,1,5,True,False,True,True,True,False,False,True,False,False,0.0003862681666746714,-0.003186712375066511,0.0003862681666746714,-0.0024624595625513945,0.0048766356042682195,0.003814398145912659,0.00782193037516291,0.0021727584375451766,0.00782193037516291,0.0012553715416928108,0.00782193037516291,0.0033315629375693626
471deffb30bd6257c063dd42,LTCUSDT,1,2025-04-21T09:55:00Z,2025-04-21T10:00:00Z,81.01,81.04,-0.00037032465127763404,0.00456733736575737,0.0011109739538327267,0.004937662017035004,-0.08108108108108315,7,35,5,25,True,True,False,False,True,True,True,True,False,False,0.0024688310085175017,0.0017281817059622338,0.0033329218614987065,0.0013578570546845998,0.0033329218614987065,0.0007406493025552681,0.0033329218614987065,0.002839155659795136,0.00456733736575737,0.0019750648068141067,0.00456733736575737,-0.00037032465127763404
fc429ab077358aea12ea6afc,AVAXUSDT,1,2025-04-21T10:55:00Z,2025-04-21T11:00:00Z,20.658,20.522,0.006583405944428443,0.012537515732403927,0.0017910736760576548,0.0059541097879754834,0.5250965250965351,5,25,1,5,True,False,True,True,False,False,False,True,False,False,0.0013069997095556695,0.0011617775196050397,0.0034853325588151186,0.0032917029722142215,0.006099331977926286,0.005615258011424129,0.012537515732403927,0.009100590570239247,0.012537515732403927,0.006438183754477813,0.012537515732403927,0.006583405944428443
deb7d18ccb71d0984b121884,XRPUSDT,1,2025-04-21T14:55:00Z,2025-04-21T15:00:00Z,2.1276,2.1139,0.006439180297048338,0.008460236886632937,0.0008930250047001375,0.0020210565895845984,0.7611111111111036,10,50,1,5,True,False,True,False,False,False,False,True,False,False,0.002209061853731974,0.0006110171084790744,0.00432412107539026,0.002585072382026725,0.00517014476405345,0.004841135551795438,0.00517014476405345,0.0028200789622110484,0.00517014476405345,0.004371122391427,0.008460236886632937,0.006439180297048338
0d7f9c121e62953fe7fffb5f,BTCUSDT,1,2025-04-22T01:55:00Z,2025-04-22T02:00:00Z,88350.1,88142.4,0.002350874532117243,0.005660435019315267,0.003505372376488505,0.0033095604871980246,0.41531693661269586,10,50,1,5,True,False,True,True,True,False,False,True,False,False,1.131860631802576e-06,-0.0025036757174015318,1.131860631802576e-06,-0.0014691550999940957,0.0005365019394432913,0.00039501936047620464,0.0044482122827252035,0.0036796789137760544,0.0052065589059887875,0.005113746334186412,0.005660435019315267,0.002350874532117243
19073b1accd133169bee2710,BTCUSDT,1,2025-04-22T02:55:00Z,2025-04-22T03:00:00Z,88142.4,88111.0,0.0003562417179472556,0.004100183339686623,0.0010721287371344551,0.0037439416217393672,0.08688433868288513,3,15,9,45,True,False,True,True,True,True,False,False,True,False,0.0006081068815915073,-0.00025640327470100456,0.0027954764108986617,0.00247213599811208,0.004100183339686623,0.0033173591824138464,0.004100183339686623,0.0005230172992792489,0.004100183339686623,-0.0006705059086206618,0.004100183339686623,0.0003562417179472556
fca54a951c5481de9897d40d,LTCUSDT,1,2025-04-22T03:55:00Z,2025-04-22T04:00:00Z,78.64,78.55,0.001144455747711132,0.0013987792472024343,0.003942014242116001,0.00025432349949130236,0.8181818181818534,12,60,2,10,True,False,True,False,False,False,False,True,False,False,0.00012716174974574155,-0.002543234994913566,0.00012716174974574155,-0.0027975584944048685,0.00012716174974574155,-0.0019074262461852198,0.00012716174974574155,-0.0024160732451678248,0.00012716174974574155,-0.003051881993896171,0.0013987792472024343,0.001144455747711132
ca450ce5157d734073060d95,LTCUSDT,1,2025-04-22T04:55:00Z,2025-04-22T05:00:00Z,78.55,78.61,-0.0007638446849140964,0.0038192234245703013,0.0015276893698281929,0.004583068109484398,-0.20000000000000948,6,30,1,5,True,True,False,False,True,True,True,True,False,False,0.0014003819223424498,-0.00012730744748574305,0.0014003819223424498,0.00012730744748556212,0.003437301082113253,0.0022915340547421084,0.0038192234245703013,0.0029280712921706427,0.0038192234245703013,0.0006365372374283534,0.0038192234245703013,-0.0007638446849140964
ff01e6dc4a51522257a32126,SOLUSDT,1,2025-04-22T06:55:00Z,2025-04-22T07:00:00Z,139.28,140.11,-0.0059592188397473616,0.002441125789776015,0.009333716255025928,0.008400344629523377,-2.441176470588248,3,15,8,40,True,True,False,False,True,True,True,False,True,False,0.0014359563469269717,0.0007179781734634858,0.0014359563469269717,-7.179781734628738e-05,0.002441125789776015,0.002010338885697883,0.002441125789776015,-0.0017231476163125294,0.002441125789776015,-0.006605399195864356,0.002441125789776015,-0.0059592188397473616
fee3ceeb3007191d6557b512,LTCUSDT,1,2025-04-22T09:55:00Z,2025-04-22T10:00:00Z,79.38,79.4,-0.0002519526329051428,0.005165028974552742,0.001007810531620034,0.005416981607457885,-0.04878048780490341,6,30,9,45,True,True,False,False,True,True,True,False,True,False,0.0018896447467874966,0.0003779289493575351,0.0018896447467874966,0.0006298815822624988,0.002015621063240068,0.0006298815822624988,0.005165028974552742,0.0039052658100277434,0.005165028974552742,0.0005039052658099275,0.005165028974552742,-0.0002519526329051428
ac43b164c0c68fe4124f6a29,ETHUSDT,1,2025-04-22T10:55:00Z,2025-04-22T11:00:00Z,1627.65,1630.14,-0.0015298129204681652,0.0017141277301632358,0.006358860934476029,0.003243940650631401,-0.8924731182795121,2,10,9,45,True,True,False,False,True,True,True,False,True,False,0.001597395017356395,0.0008847110865358366,0.0017141277301632358,0.00040549258132896004,0.0017141277301632358,0.0003317666574510435,0.0017141277301632358,-0.0008355604706170859,0.0017141277301632358,-0.0005590882560746195,0.0017141277301632358,-0.0015298129204681652
4190bd66af81ca4f85bb8a3f,ETHUSDT,1,2025-04-22T11:55:00Z,2025-04-22T12:00:00Z,1630.14,1634.13,-0.002447642533770111,0.0022636092605543418,0.0058338547609407725,0.004711251794324453,-1.0813008130081163,9,45,12,60,True,True,False,False,True,True,True,False,True,False,0.0010305863300085045,0.000282184352264245,0.0010305863300085045,-0.000441679855717791,0.0010305863300085045,-0.0008097464021494695,0.0010305863300085045,-0.0022513403756731602,0.0022636092605543418,-0.001913946041444226,0.0022636092605543418,-0.002447642533770111
e8de011f57de53f101b05810,BNBUSDT,1,2025-04-22T15:55:00Z,2025-04-22T16:00:00Z,609.65,607.59,0.0033789879439021495,0.003772656442220872,0.0023784138440089324,0.00039366849831872245,0.8956521739130374,12,60,1,5,True,False,True,False,False,False,False,True,False,False,8.201427048298946e-05,-0.00013122283277296963,8.201427048298946e-05,-0.0007217255802510533,0.00024604281144915486,-0.00026244566554575277,0.0019683424915934254,0.0018535225129172402,0.0020011481997868077,0.001656688263757879,0.003772656442220872,0.0033789879439021495
eba7c9949430336275cb5413,ETHUSDT,1,2025-04-22T16:55:00Z,2025-04-22T17:00:00Z,1691.11,1699.62,-0.0050321977872521545,0.005729964342946247,0.006729307969321989,0.010762162130198401,-0.8782249742002212,4,20,12,60,True,True,False,False,True,True,True,False,True,False,0.0,-0.00321090881137245,0.0,-0.00310446984524957,0.0005085417270312989,-0.00088699138435702,0.005729964342946247,-0.0006386337967371459,0.005729964342946247,-0.002850198981733988,0.005729964342946247,-0.0050321977872521545
a111b1fad06b88b665d3107e,SUIUSDT,1,2025-04-22T17:55:00Z,2025-04-22T18:00:00Z,2.4114,2.439,-0.011445633242100054,0.00016587874263911253,0.01886870697520117,0.011611511984739167,-69.00000000000777,1,5,11,55,True,True,False,False,True,True,True,False,True,False,0.00016587874263911253,-0.005349589450112023,0.00016587874263911253,-0.0061375134776479,0.00016587874263911253,-0.006013104420668474,0.00016587874263911253,-0.008708633988554329,0.00016587874263911253,-0.01625611677863487,0.00016587874263911253,-0.011445633242100054
a39548078685ef2c1d0e9c1e,ETHUSDT,1,2025-04-22T18:55:00Z,2025-04-22T19:00:00Z,1703.17,1697.54,0.0033056007327513454,0.011842622873817689,0.0009041962927951781,0.008537022141066344,0.27912741695587945,9,45,1,5,True,False,True,True,True,False,False,True,False,False,0.001861235226078473,0.0009863959557766186,0.0027184602828843325,0.000728054157835101,0.0027184602828843325,0.0013269374166994432,0.0049026227563896355,0.003986683654596994,0.011842622873817689,0.009106548377437362,0.011842622873817689,0.0033056007327513454
620d844ad5cc683093f0f3ea,AVAXUSDT,1,2025-04-22T20:55:00Z,2025-04-22T21:00:00Z,21.554,21.989,-0.020181868794655392,0.0007887167115152389,0.034657140205994245,0.02097058550617063,-25.588235294118597,1,5,10,50,True,True,False,False,True,True,True,False,True,False,0.0007887167115152389,-0.0006495314094832932,0.0007887167115152389,-0.002737310939964789,0.0007887167115152389,-0.0026909158392873635,0.0007887167115152389,-0.006912870000927945,0.0007887167115152389,-0.009974946645634215,0.0007887167115152389,-0.020181868794655392
a51d46d1c35a0c5b02792893,BTCUSDT,1,2025-04-23T00:55:00Z,2025-04-23T01:00:00Z,92858.2,92603.8,0.002739661117704136,0.003297500920758717,0.006532541014148517,0.0005578398030545812,0.8308295231874481,12,60,3,15,True,False,True,False,False,False,False,True,False,False,0.0004986097081356618,-0.002005207940709567,0.0004986097081356618,-0.0034654990081651694,0.0004986097081356618,-0.0032856549017750273,0.0004986097081356618,-0.004051338492454055,0.0004986097081356618,-0.001197524828178848,0.003297500920758717,0.002739661117704136
aa4142f588de1417943c6069,BTCUSDT,1,2025-04-23T01:55:00Z,2025-04-23T02:00:00Z,92603.7,92830.0,-0.00244374684812813,0.00036391634459527093,0.006790225444555703,0.0028076631927234008,-6.715133531157936,1,5,5,25,True,True,False,False,True,True,True,False,True,False,0.00036391634459527093,-0.0015949686675586082,0.00036391634459527093,-0.0020485142602293116,0.00036391634459527093,-0.0027687878562088638,0.00036391634459527093,-0.0038205816830213365,0.00036391634459527093,-0.0025225773916161646,0.00036391634459527093,-0.00244374684812813
ee80c2dbc8dcb5f272cfa9b4,XRPUSDT,1,2025-04-23T02:55:00Z,2025-04-23T03:00:00Z,2.2166,2.2345,-0.008075430840025275,0.0020301362446991655,0.008932599476676007,0.01010556708472444,-3.9777777777776326,2,10,12,60,True,True,False,False,True,True,True,False,True,False,0.001353424163132777,0.00018045655508434354,0.0020301362446991655,0.0013083100243617913,0.0020301362446991655,0.0014436524406749487,0.0020301362446991655,-0.004376071460795832,0.0020301362446991655,-0.007082919787061185,0.0020301362446991655,-0.008075430840025275
506fd458c6c848f285099be2,AVAXUSDT,1,2025-04-23T03:55:00Z,2025-04-23T04:00:00Z,22.455,22.786,-0.014740592295702654,0.004364284123803117,0.015809396570919638,0.01910487641950577,-3.3775510204082297,3,15,12,60,True,True,False,False,True,True,True,False,True,False,0.0012024048096191259,0.0011133377866844169,0.0021821420619015583,0.0010242707637497079,0.004364284123803117,0.0006680026720105552,0.004364284123803117,-0.0011133377866845752,0.004364284123803117,-0.006101091071030971,0.004364284123803117,-0.014740592295702654
5ad50916935d53a8f1dbd3ee,AVAXUSDT,1,2025-04-23T06:55:00Z,2025-04-23T07:00:00Z,22.651,22.87,-0.009668447309169626,0.006092446249613621,0.010639706856209423,0.015760893558783247,-1.5869565217391606,2,10,12,60,True,True,False,False,True,True,True,False,True,False,0.0013685929981015763,-0.0011478521919561962,0.006092446249613621,0.0037084455432431075,0.006092446249613621,0.0042823716392212845,0.006092446249613621,0.0011478521919561962,0.006092446249613621,-0.0007505187408944179,0.006092446249613621,-0.009668447309169626
011fc0beb985f44f7dea2052,DOGEUSDT,1,2025-04-23T07:55:00Z,2025-04-23T08:00:00Z,0.18211,0.18243,-0.0017571797265389859,0.003788918785349493,0.006479600241612291,0.005546098511888479,-0.4637681159420529,1,5,10,50,True,True,False,False,True,True,True,False,True,False,0.003788918785349493,0.002525945856899611,0.003788918785349493,-0.0004942067980891041,0.003788918785349493,-0.005655922244797118,0.003788918785349493,-0.000604030530997743,0.003788918785349493,-0.004228213716984202,0.003788918785349493,-0.0017571797265389859
1942081ca71296883ecf5539,ETHUSDT,1,2025-04-23T08:55:00Z,2025-04-23T09:00:00Z,1790.59,1785.01,0.0031162912782937064,0.003121876029688493,0.006031531506375095,5.584751394786553e-06,0.9982110912343487,12,60,3,15,True,False,True,False,False,False,False,True,False,False,0.0,-0.002518722879051034,0.0,-0.0028873164711073294,0.0,-0.004579496143729187,0.0,-0.0010890265219843994,0.0,-0.0011839672956958983,0.003121876029688493,0.0031162912782937064
8bd37990f2d481b4654ea9d7,ETHUSDT,1,2025-04-23T09:55:00Z,2025-04-23T10:00:00Z,1785.02,1802.96,-0.010050307559579195,0.003770265879373911,0.01343402314820003,0.013820573438953106,-2.665676077265974,2,10,12,60,True,True,False,False,True,True,True,False,True,False,0.0021960538257274837,0.000644250484588459,0.003770265879373911,0.0018207078912281095,0.003770265879373911,0.0009131550346774163,0.003770265879373911,-0.005736630401900264,0.003770265879373911,-0.00536688664552774,0.003770265879373911,-0.010050307559579195
8ddc864809b24088b326377d,ADAUSDT,1,2025-04-23T10:55:00Z,2025-04-23T11:00:00Z,0.7029,0.7014,0.002134016218523184,0.004552567932849596,0.0058329776639635695,0.002418551714326412,0.4687499999999859,12,60,5,25,True,False,True,True,True,False,False,True,False,False,0.002703087210129482,0.002418551714326254,0.004410300184948061,-0.00028453549580307013,0.004410300184948061,0.0,0.004410300184948061,-0.003983496941243455,0.004410300184948061,-0.00042680324370476314,0.004552567932849596,0.002134016218523184
1461a5a809b9eae12fe10a22,ETHUSDT,1,2025-04-23T12:55:00Z,2025-04-23T13:00:00Z,1814.3,1786.19,0.015493578790718129,0.018271509673152105,0.01250068897095302,0.0027779308824339762,0.8479638009049779,12,60,8,40,True,False,True,False,False,False,False,True,False,False,0.002695254368075772,0.0023700600782670753,0.0032795017362068266,0.001686600892906325,0.0032795017362068266,0.0005677120652593136,0.0032795017362068266,0.0006393650443696492,0.01543846111447941,0.009684175715151814,0.018271509673152105,0.015493578790718129
7ee66832838a6b2c70385c44,BTCUSDT,1,2025-04-23T14:55:00Z,2025-04-23T15:00:00Z,92892.4,93140.3,-0.00266867903079271,0.010704858524486332,0.0031821763674962198,0.013373537555279043,-0.24929605792438678,6,30,12,60,True,True,False,False,True,True,True,False,True,False,0.0041381210949441955,0.001830074365610104,0.0041381210949441955,0.0020712135761374903,0.0041381210949441955,0.003374872433051574,0.010704858524486332,0.00814490744129758,0.010704858524486332,0.003682755532207062,0.010704858524486332,-0.00266867903079271
9fb1adb4a02f4123f5b7dd0b,SOLUSDT,1,2025-04-23T18:55:00Z,2025-04-23T19:00:00Z,150.56,150.1,0.0030552603613178,0.01122476089266736,0.0007970244420829207,0.008169500531349561,0.2721893491124311,6,30,1,5,True,False,True,True,True,False,False,True,False,False,0.0036530286928799904,0.00345377258235926,0.004981402763018066,0.004383634431455875,0.008501594048884174,0.00836875664187029,0.01122476089266736,0.010693411264612205,0.01122476089266736,0.003121679064824647,0.01122476089266736,0.0030552603613178
2897345425e282f55ceddc0e,DOGEUSDT,1,2025-04-23T20:55:00Z,2025-04-23T21:00:00Z,0.17953,0.17827,0.007018325628028649,0.009747674483373261,0.0010026179468613239,0.0027293488553446123,0.7199999999999899,12,60,2,10,True,False,True,True,False,False,False,True,False,False,0.0010583189439090721,0.0006127109675263131,0.0018381329025789392,0.0017267309084832883,0.002506544867153155,0.002506544867153155,0.0031192558346794684,0.0020052358937224933,0.008967860524703395,0.006628418648693793,0.009747674483373261,0.007018325628028649
2a81e9684c1cbdd49deaba70,XRPUSDT,1,2025-04-24T01:55:00Z,2025-04-24T02:00:00Z,2.2137,2.1947,0.00858291548086899,0.008718435198988062,0.003026607037990863,0.00013551971811907176,0.9844559585492129,10,50,4,20,True,False,True,False,False,False,False,True,False,False,0.002303835208022614,0.0004517323937299047,0.002529701404887667,0.00022586619686485203,0.002529701404887667,-0.00185210281429291,0.002529701404887667,-0.002077969011157963,0.003568685910466548,0.003207299995482624,0.008718435198988062,0.00858291548086899
46970a09da895524c8852f74,ETHUSDT,1,2025-04-24T15:55:00Z,2025-04-24T16:00:00Z,1763.83,1769.38,-0.0031465617434787833,0.0007540409223110658,0.007381663765782406,0.003900602665789849,-4.172932330827433,2,10,7,35,True,True,False,False,True,True,True,False,True,False,0.0,-0.0017235221081396527,0.0007540409223110658,0.000544270139412549,0.0007540409223110658,-0.0021657415964124456,0.0007540409223110658,-0.00604933582034554,0.0007540409223110658,-0.004065017603737363,0.0007540409223110658,-0.0031465617434787833
76c2fd104295e736a28d57b2,ETHUSDT,1,2025-04-24T16:55:00Z,2025-04-24T17:00:00Z,1769.38,1754.47,0.008426680532163855,0.013727972510144903,0.002130689846160792,0.005301291977981048,0.6138328530259352,5,25,2,10,True,False,True,True,False,False,False,True,False,False,0.0011472945325482372,-0.000616034995309045,0.0019159253523833772,0.0019102736551787117,0.009025760435858904,0.008969243463812249,0.013727972510144903,0.006098181283839645,0.013727972510144903,0.011292091014931794,0.013727972510144903,0.008426680532163855
fe8f9f9d037e34296a2d3de2,ETHUSDT,1,2025-04-24T18:55:00Z,2025-04-24T19:00:00Z,1762.31,1762.21,5.674370570439313e-05,0.0041422905164244395,0.0019576578468033694,0.0040855468107200464,0.01369863013697393,3,15,11,55,True,False,True,True,True,True,False,False,True,False,0.002661279797538489,0.002621559203545285,0.003308158042569087,0.0020314246642190803,0.0041422905164244395,0.0031889962605897324,0.0041422905164244395,-4.539496456364352e-05,0.0041422905164244395,-0.0006298551333194088,0.0041422905164244395,5.674370570439313e-05
ec7ff4315758716462412880,DOGEUSDT,1,2025-04-24T19:55:00Z,2025-04-24T20:00:00Z,0.18098,0.1808,0.0009945850370207399,0.004033594872361633,0.00486241573654543,0.0030390098353408933,0.2465753424657691,4,20,2,10,True,False,True,True,True,True,False,True,False,False,0.0012708586584153387,-0.0006078019670681787,0.0012708586584153387,-0.0037020665266880534,0.0023759531439938872,0.0023759531439938872,0.004033594872361633,-0.0009945850370205863,0.004033594872361633,0.0016023870040889185,0.004033594872361633,0.0009945850370207399
a719a62b9400e06fe34ba679,SOLUSDT,1,2025-04-24T20:55:00Z,2025-04-24T21:00:00Z,151.21,150.77,0.002909860458964339,0.008994114145889912,0.001785596190728006,0.006084253686925573,0.32352941176470096,6,30,2,10,True,False,True,True,True,False,False,True,False,False,0.000661331922491861,-0.00013226638449825943,0.000661331922491861,-0.0007935983069903085,0.0017194629984790643,0.0008597314992394382,0.008994114145889912,0.0068117188016665635,0.008994114145889912,0.00489385622644011,0.008994114145889912,0.002909860458964339
c855e139c5b431982b4d0a92,ADAUSDT,1,2025-04-24T21:55:00Z,2025-04-24T22:00:00Z,0.718,0.7145,0.0048746518105848855,0.007103064066852359,0.0016713091922005278,0.0022284122562674733,0.6862745098039121,11,55,3,15,True,False,True,True,False,False,False,True,False,False,0.004456824512534792,0.0019498607242339231,0.004456824512534792,0.0013927576601671322,0.004456824512534792,-0.0004178272980502479,0.004456824512534792,0.0018105849582172255,0.004456824512534792,0.003621169916434451,0.007103064066852359,0.0048746518105848855
8672771a6a2adf277f790992,XRPUSDT,1,2025-04-24T23:55:00Z,2025-04-25T00:00:00Z,2.2039,2.2002,0.0016788420527246311,0.004582785062843141,0.0009074821906621098,0.00290394301011851,0.366336633663348,4,20,9,45,True,False,True,True,True,False,False,False,True,False,0.0017242161622578274,0.0014065973955260586,0.0033123099959162677,0.0027678206815191226,0.003902173419846609,0.002041834928989596,0.004582785062843141,0.0016788420527246311,0.004582785062843141,-0.00045374109533095414,0.004582785062843141,0.0016788420527246311
e4cf9f8dc3ec60f0c9f7aed5,LTCUSDT,1,2025-04-25T00:55:00Z,2025-04-25T01:00:00Z,84.25,83.95,0.003560830860534091,0.004629080118694368,0.006884272997032621,0.0010682492581602773,0.769230769230761,12,60,3,15,True,False,True,False,False,False,False,True,False,False,0.00011869436201786488,-0.0017804154302671297,0.00011869436201786488,-0.004629080118694368,0.00011869436201786488,-0.0034421364985163946,0.0017804154302671297,0.001424332344213704,0.002492581602373813,-0.000356083086053426,0.004629080118694368,0.003560830860534091
319be350a59e299dcfb36abf,SOLUSDT,1,2025-04-25T01:55:00Z,2025-04-25T02:00:00Z,152.45,150.89,0.01023286323384718,0.013119055428009185,0.0044604788455231675,0.002886192194162005,0.7800000000000011,12,60,1,5,True,False,True,False,False,False,False,True,False,False,0.0,-0.003279763857002296,0.0,-0.000983929157100726,0.0,-0.0012463102656608575,0.007543456871105132,0.005641193834043852,0.008986552968186136,0.008461790751065871,0.013119055428009185,0.01023286323384718
0cd1617e59e4127aba117745,DOGEUSDT,1,2025-04-25T03:55:00Z,2025-04-25T04:00:00Z,0.18038,0.17979,0.0032708726022841065,0.0042133274198914,0.0061536755737886676,0.0009424548176072932,0.7763157894736827,12,60,3,15,True,False,True,False,False,False,False,True,False,False,0.001774032597849067,-0.0012750859297038486,0.001774032597849067,-0.002716487415456206,0.001774032597849067,-0.005211220756181374,0.001774032597849067,0.0011087703736556477,0.003991573345160362,-0.0010533318549728113,0.0042133274198914,0.0032708726022841065
4b6d0b87c841cf1b5b3a3ddc,LINKUSDT,1,2025-04-25T05:55:00Z,2025-04-25T06:00:00Z,14.959,15.193,-0.01564275686877465,0.0022060298148271593,0.01871782873186718,0.01784878668360181,-7.090909090909204,1,5,11,55,True,True,False,False,True,True,True,False,True,False,0.0022060298148271593,0.000401096329968596,0.0022060298148271593,-0.0023397285914833975,0.0022060298148271593,-0.003810415134701543,0.0022060298148271593,-0.009158366200949291,0.0022060298148271593,-0.011297546627448392,0.0022060298148271593,-0.01564275686877465
199e256a26b51afe41787846,ADAUSDT,1,2025-04-25T08:55:00Z,2025-04-25T09:00:00Z,0.722,0.7206,0.0019390581717450926,0.008310249307479232,0.0006925207756233462,0.006371191135734139,0.23333333333332593,10,50,1,5,True,False,True,True,True,True,False,True,False,False,0.004016620498614978,0.0033240997229916315,0.0052631578947368775,0.005124653739612086,0.007340720221606609,0.0018005540166204541,0.007340720221606609,0.003878116343490339,0.0076177285318558855,0.007340720221606609,0.008310249307479232,0.0019390581717450926
c92bb4bb64b7ce8f1ce9e358,AVAXUSDT,1,2025-04-25T11:55:00Z,2025-04-25T12:00:00Z,22.557,22.352,0.009088087954958475,0.010728377000487536,0.007359134636698159,0.001640289045529061,0.8471074380165312,11,55,3,15,True,False,True,False,False,False,False,True,False,False,0.0039012280001772142,0.0025269317728420716,0.0039012280001772142,0.0013742962273351424,0.0039012280001772142,-0.0037682315910804124,0.005585849182071981,0.0039012280001772142,0.006649820454847657,-8.866427273141128e-05,0.010728377000487536,0.009088087954958475
e120f2962c5012893a02dbf2,BTCUSDT,1,2025-04-25T15:55:00Z,2025-04-25T16:00:00Z,94999.8,95163.7,-0.0017252667900352861,0.003495796833256552,0.0034084282282699848,0.005221063623291838,-0.4935260463715487,5,25,9,45,True,True,False,False,True,True,True,False,True,False,0.00041052718005722114,0.00018526354792332004,0.001285265863717669,0.0006284223756260232,0.0018063195922518344,0.0015473716786772182,0.003495796833256552,-0.0004021061096970424,0.003495796833256552,-0.0032021120044462945,0.003495796833256552,-0.0017252667900352861
9dbbd92316bd275093c273d3,AVAXUSDT,1,2025-04-25T16:55:00Z,2025-04-25T17:00:00Z,22.648,22.329,0.014085128929706776,0.015718827269515987,0.005784175203108453,0.0016336983398092114,0.8960674157303393,12,60,2,10,True,False,True,False,False,False,False,True,False,False,0.0007947721653126405,-0.0049894030377958115,0.0007947721653126405,-0.000529848110208427,0.0007947721653126405,-0.0030024726245143673,0.0025167785234898716,0.0019427764040975135,0.01276050865418571,0.010861886259272284,0.015718827269515987,0.014085128929706776
6d85b6f70002502541f19bd4,ETHUSDT,1,2025-04-25T18:55:00Z,2025-04-25T19:00:00Z,1795.47,1801.45,-0.003330604242900198,0.0025954206976446736,0.003792878744841153,0.005926024940544871,-1.2832618025750886,3,15,12,60,True,True,False,False,True,True,True,False,True,False,0.0004288570680657331,-0.0007630314068182096,0.0010637883116955905,-0.00013366973550101594,0.0025954206976446736,0.00202175474945285,0.0025954206976446736,-0.0015984672536995276,0.0025954206976446736,-0.0002562003263769578,0.0025954206976446736,-0.003330604242900198
5df2f2e71feb122afff88668,ADAUSDT,1,2025-04-25T22:55:00Z,2025-04-25T23:00:00Z,0.7143,0.7131,0.0016799664006721122,0.006159876802464049,0.0019599608007839237,0.004479910401791937,0.27272727272728875,6,30,11,55,True,False,True,True,True,False,False,False,True,False,0.0037799244015120194,0.0026599468010639967,0.003919921601568003,-0.0005599888002239339,0.003919921601568003,0.002519949601008013,0.006159876802464049,0.002239955200896046,0.006159876802464049,0.001959960800784079,0.006159876802464049,0.0016799664006721122
258f3408c6ffe3a19e83ec85,ETHUSDT,1,2025-04-25T23:55:00Z,2025-04-26T00:00:00Z,1783.76,1795.71,-0.006699331748665765,0.0,0.008016773556980734,0.006699331748665765,,1,5,12,60,False,False,False,False,False,False,False,False,True,False,0.0,-0.0037448984168274115,0.0,-0.0042158137866080535,0.0,-0.0040812665380992805,0.0,-0.0035655020854822956,0.0,-0.004939005247342661,0.0,-0.006699331748665765
a0e65cce656302995abdf01c,ADAUSDT,1,2025-04-26T05:55:00Z,2025-04-26T06:00:00Z,0.7184,0.726,-0.01057906458797319,0.000695991091314109,0.012945434298440944,0.011275055679287299,-15.19999999999818,1,5,8,40,True,True,False,False,True,True,True,False,True,False,0.000695991091314109,-0.0002783964365255818,0.000695991091314109,-0.0004175946547883727,0.000695991091314109,-0.003062360801781709,0.000695991091314109,-0.0037583518930956634,0.000695991091314109,-0.008491091314031172,0.000695991091314109,-0.01057906458797319
8908772e6549f2220ca047af,ETHUSDT,1,2025-04-26T08:55:00Z,2025-04-26T09:00:00Z,1805.47,1802.5,0.001645001024663953,0.007499432280791131,0.005023622657812058,0.005854431256127178,0.21935007385524632,8,40,5,25,True,False,True,True,True,True,False,True,False,False,0.003993419995901365,0.0028524428542152963,0.003993419995901365,-0.0009305056301129698,0.003993419995901365,-0.0029189075420804453,0.003993419995901365,-0.0006424919826970716,0.007499432280791131,0.0042260464034296384,0.007499432280791131,0.001645001024663953
2974b1f3ef1d5307d01774a7,XRPUSDT,1,2025-04-26T10:55:00Z,2025-04-26T11:00:00Z,2.2075,2.1927,0.0067044167610419685,0.010419026047565179,0.0010419026047564976,0.0037146092865232103,0.6434782608695678,11,55,1,5,True,False,True,True,False,False,False,True,False,False,0.0019026047565118829,-0.0005436013590033376,0.002355605889014664,0.002355605889014664,0.0029445073612683805,0.002808607021517647,0.004801812004530086,0.004620611551528974,0.0078822197055492,0.007338618346545863,0.010419026047565179,0.0067044167610419685
c468d223447554b4b1c59540,AVAXUSDT,1,2025-04-26T21:55:00Z,2025-04-26T22:00:00Z,22.157,22.311,-0.00695039942230446,0.0,0.009207022611364383,0.00695039942230446,,1,5,8,40,False,False,False,False,False,False,False,False,True,False,0.0,-0.001850431015029127,0.0,-0.005596425508868474,0.0,-0.0062282800018053745,0.0,-0.005461028117524875,0.0,-0.007582253915241199,0.0,-0.00695039942230446
c804c758d0027a6cfd2f275a,ETHUSDT,1,2025-04-26T22:55:00Z,2025-04-26T23:00:00Z,1815.37,1820.0,-0.0025504442620513227,0.0013055189851104133,0.0037347758308224773,0.003855963247161736,-1.9535864978904316,4,20,11,55,True,True,False,False,True,True,True,False,True,False,0.0003690707679425381,-0.0002093237191316972,0.00038008780579156166,-0.0009584822928659222,0.0006004285627722823,0.0005563604113761883,0.0013055189851104133,-0.0014542489960724812,0.0013055189851104133,-0.0014432319582234577,0.0013055189851104133,-0.0025504442620513227
c633787cefb2924c6d5d0d9b,AVAXUSDT,1,2025-04-26T23:55:00Z,2025-04-27T00:00:00Z,22.398,22.722,-0.014465577283686117,0.001517992677917623,0.015626395213858443,0.01598356996160374,-9.529411764706234,2,10,10,50,True,True,False,False,True,True,True,False,True,False,0.001250111617108612,0.0010715242432360439,0.001517992677917623,-0.003661041164389711,0.001517992677917623,-0.0024109295472810985,0.001517992677917623,-0.009063309224037834,0.001517992677917623,-0.01384052147513165,0.001517992677917623,-0.014465577283686117
fb82b945c527bb4199ba949e,DOGEUSDT,1,2025-04-27T02:55:00Z,2025-04-27T03:00:00Z,0.17906,0.17945,-0.0021780408801519127,0.0006143192226069418,0.003909304143862427,0.0027923601027588546,-3.5454545454545916,1,5,8,40,True,True,False,False,True,True,True,False,True,False,0.0006143192226069418,-0.002513124092483,0.0006143192226069418,-0.0037417625376968836,0.0006143192226069418,-0.0012286384452138836,0.0006143192226069418,-0.0007818608287724854,0.0006143192226069418,-0.0022897352842622233,0.0006143192226069418,-0.0021780408801519127
a90d1e24d609872b0bef7dcf,XRPUSDT,1,2025-04-27T15:55:00Z,2025-04-27T16:00:00Z,2.227,2.2326,-0.0025145936237091476,0.005792546026043867,0.0030983385720702067,0.008307139649753013,-0.4341085271318144,8,40,12,60,True,True,False,False,True,True,True,False,True,False,0.00017961383026491063,-0.0014369106421194845,0.0004041311180959492,-0.0016614279299507224,0.0004041311180959492,-0.0007633587786259699,0.0034575662325998287,0.0034126627750337007,0.005792546026043867,0.00035922766052982126,0.005792546026043867,-0.0025145936237091476
ceab11942fc7f5dbf8d9eaf5,LTCUSDT,1,2025-04-27T16:55:00Z,2025-04-27T17:00:00Z,86.18,86.29,-0.0012763982362497032,0.0027848688790903815,0.002668832675794729,0.004061267115340085,-0.4583333333333136,8,40,4,20,True,True,False,False,True,True,True,True,False,False,0.0019726154560222985,0.0005801810164772727,0.0019726154560222985,0.0008122534230680829,0.0019726154560222985,0.00011603620329548753,0.0019726154560222985,0.0005801810164772727,0.0027848688790903815,0.0003481086098862977,0.0027848688790903815,-0.0012763982362497032
549711e3b79ce48f1799fbca,SOLUSDT,1,2025-04-27T17:55:00Z,2025-04-27T18:00:00Z,149.09,149.65,-0.003756120464149187,0.0016768394929237373,0.00764638808773215,0.005432959957072924,-2.240000000000009,1,5,9,45,True,True,False,False,True,True,True,False,True,False,0.0016768394929237373,-6.70735797168885e-05,0.0016768394929237373,-0.0013414715943389135,0.0016768394929237373,-0.0018780602320745935,0.0016768394929237373,-0.0036890468844321075,0.0016768394929237373,-0.005969548594808413,0.0016768394929237373,-0.003756120464149187
6620ad7ab0f0a09ec7e9c268,ADAUSDT,1,2025-04-27T21:55:00Z,2025-04-27T22:00:00Z,0.7136,0.7104,0.004484304932735399,0.00910874439461892,0.00042040358744389986,0.00462443946188352,0.49230769230768473,7,35,1,5,True,False,True,True,True,False,False,True,False,False,0.0032230941704035434,0.0032230941704035434,0.004204035874439465,0.001961883408071688,0.004204035874439465,0.0036434977578475992,0.005184977578475388,0.004904708520179454,0.00910874439461892,0.0036434977578475992,0.00910874439461892,0.004484304932735399
50b4d86cdac5b6a93f42377e,ADAUSDT,1,2025-04-28T02:55:00Z,2025-04-28T03:00:00Z,0.6952,0.7067,-0.016542002301495905,0.0046029919447642285,0.019562715765247332,0.021144994246260134,-3.5937499999998823,2,10,7,35,True,True,False,False,True,True,True,False,True,False,0.003164556962025447,0.0025891829689298385,0.0046029919447642285,0.004171461449942482,0.0046029919447642285,0.0024453394706559764,0.0046029919447642285,-0.008630609896432688,0.0046029919447642285,-0.01826812428078241,0.0046029919447642285,-0.016542002301495905
3ce857f36435c2500f079b93,XRPUSDT,1,2025-04-28T05:55:00Z,2025-04-28T06:00:00Z,2.2722,2.2903,-0.007965848076753613,0.0017604084147522239,0.009330164598186728,0.009726256491505837,-4.524999999999887,2,10,11,55,True,True,False,False,True,True,True,False,True,False,0.0008802042073762097,0.0006601531555321084,0.0017604084147522239,0.0006161429451634054,0.0017604084147522239,-0.0012762961006953183,0.0017604084147522239,-0.0012322858903264199,0.0017604084147522239,-0.006733562186427193,0.0017604084147522239,-0.007965848076753613
18add1871e207315a0ae7cad,LINKUSDT,1,2025-04-28T06:55:00Z,2025-04-28T07:00:00Z,14.919,15.009,-0.006032575909913523,0.002480058985186729,0.007239091091896157,0.008512634895100252,-2.432432432432375,3,15,7,35,True,True,False,False,True,True,True,False,True,False,0.0018768013941953528,0.0018097727729741284,0.0020778872578591447,0.0014076010456465443,0.002480058985186729,0.0018768013941953528,0.002480058985186729,-0.0052282324552583555,0.002480058985186729,-0.004893089349152114,0.002480058985186729,-0.006032575909913523
82bd18d0a74adc9bc0347074,AVAXUSDT,1,2025-04-28T07:55:00Z,2025-04-28T08:00:00Z,22.294,22.238,0.0025118866062618164,0.003005292903920345,0.005741455100026918,0.0004934062976585285,0.8358208955223999,11,55,4,20,True,False,True,False,False,False,False,True,False,False,0.0003139858257827868,-0.0008073921234413152,0.002870727550013459,0.001031667713286072,0.002870727550013459,-0.0015250740109446002,0.002870727550013459,-0.0033192787297029723,0.002870727550013459,-0.001076522831255087,0.003005292903920345,0.0025118866062618164
8ec0c1c90abda767aeace20b,LTCUSDT,1,2025-04-28T08:55:00Z,2025-04-28T09:00:00Z,87.23,86.83,0.004585578356070224,0.005044136191677149,0.0025220680958385746,0.00045855783560692486,0.9090909090909267,12,60,1,5,True,False,True,False,False,False,False,True,False,False,0.0,-0.0004585578356069247,0.0013756735068210998,0.0004585578356070876,0.003783102143757862,0.003783102143757862,0.003783102143757862,0.0010317551301158249,0.003783102143757862,0.0005731972945087373,0.005044136191677149,0.004585578356070224
5c19ddcf3163fbc4d458c933,DOGEUSDT,1,2025-04-28T09:55:00Z,2025-04-28T10:00:00Z,0.18071,0.18133,-0.003430911405013456,0.00946267500415039,0.010182059653588515,0.012893586409163847,-0.36257309941519034,5,25,9,45,True,True,False,False,True,True,True,False,True,False,0.0001660118421780878,0.0,0.004592994300260071,-0.000719384649438278,0.004592994300260071,-0.00038736096508210245,0.00946267500415039,0.004316307896629975,0.00946267500415039,-0.007193846494383241,0.00946267500415039,-0.003430911405013456
ecb5ac565ac4075c6ca24aeb,LTCUSDT,1,2025-04-28T10:55:00Z,2025-04-28T11:00:00Z,87.05,87.13,-0.0009190120620332946,0.002986789201608167,0.002871912693854107,0.0039058012636414615,-0.3076923076923119,1,5,9,45,True,True,False,False,True,True,True,False,True,False,0.002986789201608167,0.0013785180930498604,0.002986789201608167,-0.0016082711085583063,0.002986789201608167,0.0008041355542790716,0.002986789201608167,-0.0005743825387707887,0.002986789201608167,-0.0012636415852958006,0.002986789201608167,-0.0009190120620332946
7c8628c60feef996d3eb48cd,AVAXUSDT,1,2025-04-28T11:55:00Z,2025-04-28T12:00:00Z,22.256,21.993,0.011817038102084907,0.012401150251617532,0.0013928828181164093,0.0005841121495326253,0.9528985507246445,12,60,1,5,True,False,True,False,False,False,False,True,False,False,0.004358375269590282,0.002830697340043082,0.004897555715312803,0.004897555715312803,0.0061556434219985825,0.004897555715312803,0.007503594536304888,0.004762760603882173,0.007503594536304888,0.005032350826743435,0.012401150251617532,0.011817038102084907
b50cce2a150099e9227d3eb9,BTCUSDT,1,2025-04-28T14:55:00Z,2025-04-28T15:00:00Z,94367.9,93772.8,0.006306169788667453,0.008982927457323911,0.0011349198191334747,0.0026767576686564584,0.7020172230741929,8,40,1,5,True,False,True,True,False,False,False,True,False,False,0.0004503650075926242,0.0003719485121528748,0.0035711295896168086,0.0032775975729033746,0.0038985714421958546,0.0028802166838510592,0.008875899537872427,0.007076558872243511,0.008982927457323911,0.007197362662515507,0.008982927457323911,0.006306169788667453
d5b94796b08952d3424ba64f,LINKUSDT,1,2025-04-28T21:55:00Z,2025-04-28T22:00:00Z,14.904,14.985,-0.00543478260869562,0.0018786902844874175,0.0068438003220612125,0.007313472893183038,-2.892857142857077,1,5,10,50,True,True,False,False,True,True,True,False,True,False,0.0018786902844874175,-0.0006709608158883379,0.0018786902844874175,-0.0028851315083198645,0.0018786902844874175,-0.002348362855609242,0.0018786902844874175,-6.709608158879802e-05,0.0018786902844874175,-0.004159957058507742,0.0018786902844874175,-0.00543478260869562
d74cfa01dab6c71dfe6906eb,ETHUSDT,1,2025-04-29T01:55:00Z,2025-04-29T02:00:00Z,1795.71,1793.91,0.0010023890271814238,0.0050286516196935875,0.00309626832840489,0.0040262625925121635,0.19933554817275306,11,55,8,40,True,False,True,True,True,True,False,True,False,False,0.0030405800491170826,0.0014646017452707336,0.0030405800491170826,0.0020660351615795626,0.0030405800491170826,0.0005123321694483368,0.0030405800491170826,-0.0005568827928785829,0.0030405800491170826,-0.00019490897750745336,0.0050286516196935875,0.0010023890271814238
6be65918fd98c9e09e336396,LINKUSDT,1,2025-04-29T03:55:00Z,2025-04-29T04:00:00Z,15.057,14.883,0.011556086869894485,0.012552301255230129,0.0017931858936042536,0.000996214385335644,0.920634920634927,11,55,3,15,True,False,True,False,False,False,False,True,False,False,0.0017267716012485754,0.0012618715547585925,0.002457328817161507,0.0006641429235571353,0.002457328817161507,0.0002656571694228305,0.002457328817161507,-0.0011954572624027964,0.007504815036195759,0.006176529189081488,0.012552301255230129,0.011556086869894485
2b1710905104d37542245faf,DOGEUSDT,1,2025-04-29T05:55:00Z,2025-04-29T06:00:00Z,0.17728,0.17945,-0.012240523465704001,0.0002820397111913047,0.014666064981949566,0.012522563176895306,-43.40000000000489,1,5,6,30,True,True,False,False,True,True,True,False,True,False,0.0002820397111913047,-0.004399819494584854,0.0002820397111913047,-0.005358754512635415,0.0002820397111913047,-0.005697202166065044,0.0002820397111913047,-0.011620036101083068,0.0002820397111913047,-0.010040613718411574,0.0002820397111913047,-0.012240523465704001
e4cb81a735a5fdd67d0bc8b4,ETHUSDT,1,2025-04-29T10:55:00Z,2025-04-29T11:00:00Z,1824.97,1828.9,-0.002153460056877682,0.00041644520183892935,0.006948059420154887,0.0025699052587166114,-5.171052631579093,1,5,4,20,True,True,False,False,True,True,True,False,True,False,0.00041644520183892935,-0.0015123536277308618,0.00041644520183892935,-0.003424713830912289,0.00041644520183892935,-0.005764478320191555,0.00041644520183892935,-0.003824720406362854,0.00041644520183892935,-0.0012602946897756974,0.00041644520183892935,-0.002153460056877682
e1a11385d857471865f0bac4,AVAXUSDT,1,2025-04-29T11:55:00Z,2025-04-29T12:00:00Z,22.13,21.999,0.005919566199728886,0.008992318120198739,0.0009037505648440838,0.0030727519204698534,0.6582914572864397,7,35,1,5,True,False,True,True,False,False,False,True,False,False,0.003524627202891975,0.003524627202891975,0.003840939900587316,0.00045187528242196165,0.003840939900587316,0.0016267510167192866,0.007998192498870293,0.0060099412562132455,0.008992318120198739,0.0018978761861725279,0.008992318120198739,0.005919566199728886
2da180699d3228d6c20bb592,ETHUSDT,1,2025-04-29T16:55:00Z,2025-04-29T17:00:00Z,1815.29,1824.33,-0.004979920563656475,0.005117639605792994,0.007552512270766675,0.01009756016944947,-0.9730893433799782,1,5,11,55,True,True,False,False,True,True,True,False,True,False,0.005117639605792994,0.003084906543857956,0.005117639605792994,0.0016966985991218634,0.005117639605792994,-0.0009309807248428926,0.005117639605792994,-0.002341223716320808,0.005117639605792994,-0.0034209410066711305,0.005117639605792994,-0.004979920563656475
3a46120acb953af05ffc425c,ETHUSDT,1,2025-04-29T17:55:00Z,2025-04-29T18:00:00Z,1824.34,1824.58,-0.00013155442516198137,0.0023789425216790283,0.001995242114956697,0.0025104969468410098,-0.055299539170510045,2,10,10,50,True,True,False,False,True,True,True,False,True,False,0.00018636876897942169,-0.0003124417597597837,0.0023789425216790283,0.0020993893682098334,0.0023789425216790283,0.0013484328579101534,0.0023789425216790283,-0.0011511012201673681,0.0023789425216790283,-0.0008276965916440965,0.0023789425216790283,-0.00013155442516198137
5e6377411de80d14569ed3bf,SUIUSDT,1,2025-04-29T18:55:00Z,2025-04-29T19:00:00Z,3.583,3.5633,0.0054981858777561465,0.007172760256768087,0.0017862126709460616,0.0016745743790119406,0.7665369649805537,8,40,2,10,True,False,True,False,False,False,False,True,False,False,0.002456042422551036,8.37287189506528e-05,0.002456042422551036,0.0012001116382919879,0.0034328774769746577,0.0009768350544237456,0.0052469997209043115,0.002428132849567444,0.007172760256768087,0.006670387943064542,0.007172760256768087,0.0054981858777561465
befe1f985bca9d3b5f29de48,LTCUSDT,1,2025-04-29T21:55:00Z,2025-04-29T22:00:00Z,85.63,85.32,0.0036202265561135383,0.011327805675580975,0.0,0.007707579119467437,0.31958762886598213,10,50,1,5,True,False,True,True,True,False,False,True,False,False,0.004087352563353899,0.0017517225271515998,0.0047880415742146045,0.004087352563353899,0.0047880415742146045,0.0037370080579235453,0.008992175639378677,0.007941142123087616,0.010043209155669737,0.009459301646619202,0.011327805675580975,0.0036202265561135383
ea08d5e5312f4b2b5abd8894,AVAXUSDT,1,2025-04-30T04:55:00Z,2025-04-30T05:00:00Z,21.864,21.632,0.010611050128064367,0.01189169410903776,0.0002744237102085724,0.0012806439809733925,0.8923076923076843,10,50,1,5,True,False,True,False,False,False,False,True,False,False,0.0036589828027809115,0.003247347237468053,0.0042078302231980565,0.002789974387120378,0.005122575923893243,0.004116355653128423,0.007180753750457374,0.006814855470179331,0.009467618002195423,0.009101719721917381,0.01189169410903776,0.010611050128064367
54adfb57ca0dd4cacf6f197f,AVAXUSDT,1,2025-04-30T09:55:00Z,2025-04-30T10:00:00Z,21.63,21.672,-0.0019417475728156076,0.004392048081368417,0.0028201571890892254,0.006333795654184024,-0.4421052631579168,7,35,12,60,True,True,False,False,True,True,True,False,True,False,0.003005085529357269,0.0014331946370780772,0.003005085529357269,0.0024503005085528095,0.0035598705501617284,0.0016643550624132137,0.0042071197411002095,0.002311604253351859,0.004392048081368417,0.0,0.004392048081368417,-0.0019417475728156076
981294a257b07132728e9c2c,BTCUSDT,1,2025-04-30T14:55:00Z,2025-04-30T15:00:00Z,93673.5,93948.4,-0.0029346613503284727,0.0007237906131403536,0.004247732816644987,0.0036584519634688265,-4.054572271386171,6,30,10,50,True,True,False,False,True,True,True,False,True,False,7.366010664696183e-05,-0.0019888228794696784,7.366010664696183e-05,-0.0028449881770191143,7.366010664696183e-05,-0.002650696301515401,0.0007237906131403536,-0.001467864444053014,0.0007237906131403536,-0.00417941039888549,0.0007237906131403536,-0.0029346613503284727
4fcd2f3f3dcdf6e93e1edca9,BTCUSDT,1,2025-04-30T15:55:00Z,2025-04-30T16:00:00Z,93948.4,93900.0,0.0005151764159899922,0.00502616329815087,0.0021841776975447336,0.004510986882160877,0.10249894112662956,6,30,9,45,True,False,True,True,True,True,False,False,True,False,0.0012506865470832927,0.0005162408300726782,0.0017924733151388867,0.0017924733151388867,0.0026312316122466916,0.0026301671981640057,0.00502616329815087,0.0027621545444094847,0.00502616329815087,-0.0009515861898660194,0.00502616329815087,0.0005151764159899922
40cf445afde8a660acbd351c,ETHUSDT,1,2025-04-30T20:55:00Z,2025-04-30T21:00:00Z,1793.0,1791.51,0.0008310094813162349,0.0016731734523145567,0.0038650306748466614,0.0008421639709983218,0.4966666666666697,12,60,2,10,True,False,True,True,True,False,False,True,False,False,0.0,-0.0012939208031232216,0.0,-0.0012548800892359174,0.0,-0.0013050752928053086,0.0,-0.002230897936419409,0.0,-0.0009258226436141004,0.0016731734523145567,0.0008310094813162349
72c1b33ff1a972422ac0ad87,LINKUSDT,1,2025-04-30T21:55:00Z,2025-04-30T22:00:00Z,14.262,14.249,0.0009115131117655238,0.003926518019913121,0.003786285233487608,0.003015004908147597,0.2321428571428515,10,50,1,5,True,False,True,True,True,True,False,True,False,False,0.0005609311457019278,-0.002734539335296571,0.0005609311457019278,-0.0032253540877856804,0.0005609311457019278,-0.0021034917963819494,0.0005609311457019278,0.0002804655728510262,0.0024540737624456697,0.0009115131117655238,0.003926518019913121,0.0009115131117655238
8f3841694f1e643d067c77f1,DOGEUSDT,1,2025-04-30T22:55:00Z,2025-04-30T23:00:00Z,0.17232,0.17217,0.0008704735376045221,0.0013347260909935467,0.0034238625812442387,0.00046425255338902467,0.6521739130435046,12,60,7,35,True,False,True,True,False,False,False,True,False,False,0.0006963788300836176,0.0004062209842154973,0.0006963788300836176,-0.0008704735376045221,0.0006963788300836176,-0.002727483751160621,0.0006963788300836176,-0.0018570102135560989,0.0006963788300836176,-0.0002901578458681203,0.0013347260909935467,0.0008704735376045221
60f6cebe9262ec3a86e6fa53,LINKUSDT,1,2025-05-01T00:55:00Z,2025-05-01T01:00:00Z,14.432,14.539,-0.007414079822616361,0.0,0.007414079822616361,0.007414079822616361,,1,5,12,60,False,False,False,False,False,False,False,False,True,False,0.0,-0.0040188470066518725,0.0,-0.00568181818181811,0.0,-0.004503880266075354,0.0,-0.0033259423503325973,0.0,-0.0036723946784921733,0.0,-0.007414079822616361
48df3e33acad6a7ed108473b,XRPUSDT,1,2025-05-01T02:55:00Z,2025-05-01T03:00:00Z,2.2029,2.2032,-0.00013618412093138358,0.00040855236279455396,0.005038812474465426,0.0005447364837259375,-0.33333333333300436,1,5,3,15,True,True,False,False,True,True,True,False,True,False,0.00040855236279455396,-0.001498025330246429,0.00040855236279455396,-0.0030868400744473827,0.00040855236279455396,-0.002224340641881214,0.00040855236279455396,-0.0024059194697898596,0.00040855236279455396,-0.002224340641881214,0.00040855236279455396,-0.00013618412093138358
c61a01e9e933b074b6aa206f,ETHUSDT,1,2025-05-01T03:55:00Z,2025-05-01T04:00:00Z,1807.28,1808.3,-0.0005643840467442686,0.0023073347793369442,0.0012228321012792906,0.0028717188260812126,-0.24460431654675396,4,20,3,15,True,True,False,False,True,True,True,True,False,False,0.0017152848479482477,0.0008521092470452634,0.0017152848479482477,0.00013832942322163693,0.0017152848479482477,0.00010513036164847426,0.0023073347793369442,0.0008687087778318448,0.0023073347793369442,-0.0008244433624009611,0.0023073347793369442,-0.0005643840467442686
c6ea61a4099ac08d64f18087,DOGEUSDT,1,2025-05-01T04:55:00Z,2025-05-01T05:00:00Z,0.17426,0.17519,-0.005336852978308357,0.0005164696430621298,0.0068288763915987415,0.0058533226213704865,-10.333333333332718,1,5,10,50,True,True,False,False,True,True,True,False,True,False,0.0005164696430621298,0.00011477103179153131,0.0005164696430621298,-0.0018363365086652974,0.0005164696430621298,-0.003156203374268306,0.0005164696430621298,-0.0025249626994146446,0.0005164696430621298,-0.0054516240100998875,0.0005164696430621298,-0.005336852978308357
c416b70d8f40d9890daea6aa,LINKUSDT,1,2025-05-01T05:55:00Z,2025-05-01T06:00:00Z,14.659,14.608,0.0034790913432021387,0.006139572958591981,0.0008868272051299475,0.0026604816153898425,0.5666666666666693,10,50,1,5,True,False,True,True,False,False,False,True,False,False,0.0007503922504946455,0.0007503922504946455,0.002933351524660689,0.002592264138072191,0.003547308820519911,0.0027286990927076144,0.00402483116174371,0.003956613684425938,0.005662050617368182,0.004979875844191309,0.006139572958591981,0.0034790913432021387
d8a59fecab6f8cb488e30b62,LINKUSDT,1,2025-05-01T10:55:00Z,2025-05-01T11:00:00Z,14.968,14.976,-0.0005344735435596536,0.0033404596472475087,0.003273650454302478,0.0038749331908071623,-0.16000000000001563,6,30,1,5,True,True,False,False,True,True,True,True,False,False,0.00033404596472479836,-0.001336183858898956,0.0023383217530732322,0.0016034206306787236,0.0023383217530732322,0.0006012827365045659,0.0033404596472475087,0.0018706574024586096,0.0033404596472475087,-0.0009353287012292455,0.0033404596472475087,-0.0005344735435596536
69b56a7c0dd13ee57140c497,DOGEUSDT,1,2025-05-01T11:55:00Z,2025-05-01T12:00:00Z,0.17928,0.17889,0.0021753681392235693,0.004350736278447139,0.003067826863007558,0.0021753681392235693,0.5,7,35,3,15,True,False,True,True,True,False,False,True,False,False,0.0013944667559125403,0.0005020080321285516,0.001450245426148943,-0.0019522534582776493,0.001450245426148943,-0.0015618027666220574,0.003514056224899552,0.003123605533244115,0.004350736278447139,-0.0007809013833110287,0.004350736278447139,0.0021753681392235693
ba4fd429d5e708970809c029,XRPUSDT,1,2025-05-01T12:55:00Z,2025-05-01T13:00:00Z,2.2374,2.2157,0.009698757486368129,0.010011620631089745,0.002368820952891786,0.00031286314472161667,0.9687499999999938,12,60,4,20,True,False,True,False,False,False,False,True,False,False,0.0011620631089658343,0.0003575578796817341,0.0011620631089658343,-0.0003575578796817341,0.0011620631089658343,-0.002190042013050919,0.0011620631089658343,-0.0009385894341646513,0.006927683918834293,0.003396799856976871,0.010011620631089745,0.009698757486368129
e6c1dc59ac040c33059ce123,LTCUSDT,1,2025-05-01T14:55:00Z,2025-05-01T15:00:00Z,87.3,87.52,-0.0025200458190148783,0.0013745704467352845,0.009621993127147805,0.003894616265750163,-1.8333333333334716,1,5,6,30,True,True,False,False,True,True,True,False,True,False,0.0013745704467352845,0.00045819014891170727,0.0013745704467352845,-0.0035509736540664636,0.0013745704467352845,-0.00572737686139748,0.0013745704467352845,-0.0075601374570446345,0.0013745704467352845,-0.004581901489118049,0.0013745704467352845,-0.0025200458190148783
d8eddb414bee3514bc13a112,BTCUSDT,1,2025-05-01T15:55:00Z,2025-05-01T16:00:00Z,96793.9,96954.3,-0.0016571292199199406,0.0,0.005228635275570112,0.0016571292199199406,,1,5,9,45,False,False,False,False,False,False,False,False,True,False,0.0,-0.001819329523864684,0.0,-0.0030373814878830174,0.0,-0.002318327911159781,0.0,-0.003549810473593954,0.0,-0.004927996495646937,0.0,-0.0016571292199199406
1a4c0942cb143ae951eb04b0,DOGEUSDT,1,2025-05-01T16:55:00Z,2025-05-01T17:00:00Z,0.18176,0.18188,-0.0006602112676055306,0.0025308098591550173,0.008417693661971851,0.003191021126760548,-0.26086956521734145,9,45,4,20,True,True,False,False,True,True,True,True,False,False,0.0002750880281689838,-0.0040162852112676515,0.0002750880281689838,-0.006602112676056374,0.0002750880281689838,-0.00434639084507034,0.0002750880281689838,-0.0017055457746479132,0.0025308098591550173,0.002035651408450755,0.0025308098591550173,-0.0006602112676055306
988c51a49699a8093b1f9c15,SOLUSDT,1,2025-05-01T17:55:00Z,2025-05-01T18:00:00Z,151.22,151.04,0.0011903187409073326,0.008001587091654596,0.0010580611030286773,0.006811268350747263,0.14876033057851704,4,20,11,55,True,False,True,True,True,True,False,False,True,False,0.001124189921967911,0.0009919322840894439,0.001124189921967911,0.0008596746462107886,0.007274170083322274,0.006216108980293597,0.008001587091654596,0.005091919058325686,0.008001587091654596,0.0017854781113609988,0.008001587091654596,0.0011903187409073326
b8ef7ca985ee5f585fcc4335,DOGEUSDT,1,2025-05-01T18:55:00Z,2025-05-01T19:00:00Z,0.18197,0.1806,0.00752871352420719,0.008682749903830292,0.00016486233994615732,0.0011540363796231018,0.8670886075949266,12,60,1,5,True,False,True,False,False,False,False,True,False,False,0.0013738528328845426,0.0001099082266307207,0.0021432104192998925,0.001868439852722862,0.004726053745122821,0.003901742045392034,0.005110732538330419,0.0015936692861459841,0.005660273671484328,0.005660273671484328,0.008682749903830292,0.00752871352420719
fe7513ff5b8965a31de20f1e,DOGEUSDT,1,2025-05-01T21:55:00Z,2025-05-01T22:00:00Z,0.1813,0.18152,-0.0012134583563154881,0.0008825151682294181,0.005846662989520163,0.0020959735245449063,-1.3750000000000433,8,40,3,15,True,True,False,False,True,True,True,True,False,False,0.000551571980143348,-0.0012134583563154881,0.000551571980143348,-0.0034749034749035823,0.000551571980143348,-0.005239933811362419,0.000551571980143348,-0.0030336458907888734,0.0008825151682294181,-0.00016547159404303502,0.0008825151682294181,-0.0012134583563154881
5b2f03e80de8689aafbf714c,LTCUSDT,1,2025-05-01T22:55:00Z,2025-05-01T23:00:00Z,89.09,88.81,0.003142889213155249,0.004040857559771012,0.004265349646424913,0.0008979683466157629,0.7777777777777821,11,55,6,30,True,False,True,False,False,False,False,True,False,False,0.0008979683466157626,0.00044898417330796106,0.002581658996520417,0.0008979683466157626,0.002581658996520417,0.0005612302166348317,0.002581658996520417,-0.0030306431698282187,0.002581658996520417,-0.0002244920866539008,0.004040857559771012,0.003142889213155249
d09642fd37a11166ade245dc,ADAUSDT,1,2025-05-02T00:55:00Z,2025-05-02T01:00:00Z,0.7103,0.7071,0.004505138673799931,0.007743207095593496,0.002674926087568651,0.0032380684217935647,0.581818181818192,9,45,5,25,True,False,True,True,False,False,False,True,False,False,0.0022525693368999657,0.0005631423342250696,0.0023933549204561942,0.0004223567506688413,0.003941996339574862,0.0014078558355624395,0.003941996339574862,0.003519639588906177,0.007743207095593496,0.006335351260031056,0.007743207095593496,0.004505138673799931
c01e235f28ae9cf3765d77de,AVAXUSDT,1,2025-05-02T01:55:00Z,2025-05-02T02:00:00Z,21.863,22.004,-0.006449252161185646,0.003293235146137272,0.0069066459314824045,0.009742487307322918,-1.9583333333333806,1,5,11,55,True,True,False,False,True,True,True,False,True,False,0.003293235146137272,0.0003201756392076978,0.003293235146137272,0.0004116543932671793,0.003293235146137272,-0.0013721813108905976,0.003293235146137272,-0.004482458948909069,0.003293235146137272,-0.003521932031285813,0.003293235146137272,-0.006449252161185646
4142d779dfa68b21e8242cd4,LINKUSDT,1,2025-05-02T03:55:00Z,2025-05-02T04:00:00Z,14.867,14.748,0.008004304836214539,0.008945987758122075,0.0020178919755162008,0.0009416829219075357,0.8947368421052688,10,50,2,10,True,False,True,False,False,False,False,True,False,False,0.0016815766462635604,-0.0012779982511601769,0.0018161027779646883,0.0011434721194592881,0.002757785699872225,0.002757785699872225,0.004237573148584153,0.004170310082733649,0.008676935494719939,0.007802515638662907,0.008945987758122075,0.008004304836214539
053c8ffe775d2b10a7f6b762,DOGEUSDT,1,2025-05-02T04:55:00Z,2025-05-02T05:00:00Z,0.18104,0.18016,0.004860804242156538,0.005910296067167561,0.0016570923552805717,0.0010494918250110235,0.8224299065420626,11,55,2,10,True,False,True,False,False,False,False,True,False,False,0.0014361467079099105,-0.00044189129474147556,0.0014361467079099105,-0.0013809102960671686,0.0014361467079099105,-0.0009942554131682818,0.003203711886875813,0.0009390190013256931,0.003258948298718555,0.002761820592134337,0.005910296067167561,0.004860804242156538
5aa8ab547f6726d075648358,XRPUSDT,1,2025-05-02T08:55:00Z,2025-05-02T09:00:00Z,2.2123,2.2079,0.001988880350766153,0.00384215522307089,0.00040681643538404506,0.0018532748723047374,0.5176470588235411,10,50,1,5,True,False,True,True,False,False,False,True,False,False,0.0018532748723047374,0.0018532748723047374,0.0018532748723047374,-9.040365230754328e-05,0.0018532748723047374,0.00040681643538404506,0.002802513221534042,0.0015820639153821077,0.0037065497446096755,0.0036161460923021323,0.00384215522307089,0.001988880350766153
96ed81bce7898a80fba850b0,ADAUSDT,1,2025-05-02T11:55:00Z,2025-05-02T12:00:00Z,0.7056,0.7129,-0.010345804988662093,0.004676870748299276,0.010629251700680202,0.01502267573696137,-2.2121212121212244,7,35,12,60,True,True,False,False,True,True,True,False,True,False,0.0005668934240362187,-0.0017006802721088136,0.0005668934240362187,-0.0031179138321995176,0.00226757369614519,0.0017006802721088136,0.0038265306122449486,0.001984126984126923,0.004676870748299276,-0.0017006802721088136,0.004676870748299276,-0.010345804988662093
cd5b6d2bc2f933c78df5514b,ETHUSDT,1,2025-05-02T15:55:00Z,2025-05-02T16:00:00Z,1840.21,1851.93,-0.0063688383391026174,3.803913683760893e-05,0.01676439102058999,0.0064068774759402265,-167.4285714287241,1,5,2,10,True,True,False,False,True,True,True,False,True,False,3.803913683760893e-05,-0.015454757880894059,3.803913683760893e-05,-0.009493481722194764,3.803913683760893e-05,-0.011248716179131753,3.803913683760893e-05,-0.009210905277115137,3.803913683760893e-05,-0.00859141076290203,3.803913683760893e-05,-0.0063688383391026174
27a12fb2af2f76de28687aaf,ETHUSDT,1,2025-05-02T16:55:00Z,2025-05-02T17:00:00Z,1851.94,1851.57,0.00019979048997274113,0.006150307245375174,0.00046437789561211483,0.005950516755402433,0.03248463564531299,3,15,12,60,True,False,True,True,True,True,False,False,True,False,0.0021976953896995386,0.0021598971888938086,0.005237750683067511,0.0052323509400952805,0.006150307245375174,0.003947212112703406,0.006150307245375174,0.0013769344579197785,0.006150307245375174,0.0026998714861172605,0.006150307245375174,0.00019979048997274113
d9c15d28f8a376c4bcfa278d,LINKUSDT,1,2025-05-02T20:55:00Z,2025-05-02T21:00:00Z,14.773,14.614,0.010762878223786566,0.012793609964123744,6.76910580111992e-05,0.002030731740337178,0.8412698412698354,12,60,1,5,True,False,True,False,False,False,False,True,False,False,0.002978406552494448,0.0020984227983482573,0.003723008190618,0.002707642320449411,0.003723008190618,0.002910715494483129,0.005821430988966378,0.00467068300277527,0.008596764367426988,0.00846138225140459,0.012793609964123744,0.010762878223786566
52826f20a6d55ed328eb1792,AVAXUSDT,1,2025-05-02T22:55:00Z,2025-05-02T23:00:00Z,21.198,21.241,-0.002028493254080539,0.0014624021134068688,0.004198509293329495,0.0034908953674874076,-1.387096774193578,1,5,5,25,True,True,False,False,True,True,True,False,True,False,0.0014624021134068688,-0.0005189168789508082,0.0014624021134068688,-0.0017454476837437038,0.0014624021134068688,-0.0021228417775260946,0.0014624021134068688,-0.0018869704689121213,0.0014624021134068688,-0.00018869704689127918,0.0014624021134068688,-0.002028493254080539
3816428cebf3449fc458e192,ADAUSDT,1,2025-05-03T03:55:00Z,2025-05-03T04:00:00Z,0.6976,0.7012,-0.005160550458715664,0.0014334862385321115,0.006020642201834836,0.006594036697247776,-3.600000000000044,1,5,9,45,True,True,False,False,True,True,True,False,True,False,0.0014334862385321115,0.00043004587155958567,0.0014334862385321115,-0.0010034403669725257,0.0014334862385321115,-0.001290137614678916,0.0014334862385321115,-0.0015768348623853067,0.0014334862385321115,-0.005447247706422055,0.0014334862385321115,-0.005160550458715664
d8f25f92b622ef77a9570874,SUIUSDT,1,2025-05-03T05:55:00Z,2025-05-03T06:00:00Z,3.4341,3.4159,0.005299787426108667,0.006959610960659215,0.0008735913339740001,0.0016598235345505483,0.7615062761506242,4,20,8,40,True,False,True,False,False,False,False,False,True,False,0.002213098046067398,0.001980140357007699,0.005328907137241194,0.004804752336856742,0.005328907137241194,0.003028449957776344,0.006959610960659215,0.003989400425147796,0.006959610960659215,0.0023586966017296452,0.006959610960659215,0.005299787426108667
42bc59701fe87bed13dad8d0,ADAUSDT,1,2025-05-03T11:55:00Z,2025-05-03T12:00:00Z,0.6954,0.7024,-0.010066148979004898,0.0,0.011216566005176919,0.010066148979004898,,1,5,11,55,False,False,False,False,False,False,False,False,True,False,0.0,-0.001581823410986468,0.0,-0.004170261719873474,0.0,-0.0051768766177738516,0.0,-0.009490940465918809,0.0,-0.011072763876905275,0.0,-0.010066148979004898
1a6b7621ed8db7dfc3adc098,SUIUSDT,1,2025-05-03T12:55:00Z,2025-05-03T13:00:00Z,3.3727,3.3511,0.006404364455777223,0.01123728763305365,0.0006522963797550205,0.004832923177276426,0.5699208443271719,9,45,1,5,True,False,True,True,False,False,False,True,False,False,0.003469030746879302,0.002490586177246705,0.003469030746879302,0.0025202360126901813,0.00421027663296475,0.0037655291013135336,0.007382809025409952,0.005663118569691907,0.01123728763305365,0.008272304088712252,0.01123728763305365,0.006404364455777223
00f2fe9f56af9b23b1ce21b8,DOGEUSDT,1,2025-05-03T15:55:00Z,2025-05-03T16:00:00Z,0.17842,0.17701,0.007902701490864222,0.012050218585360303,0.0002802376415199781,0.004147517094496081,0.655813953488374,10,50,1,5,True,False,True,True,False,False,False,True,False,False,0.0016814258491200241,0.0016253783208159665,0.002634233830288074,0.0024660912453760564,0.004259612151104041,0.004091469566192179,0.006109180585136239,0.004707992377536193,0.011377648245712387,0.00913574711355225,0.012050218585360303,0.007902701490864222
56ebbbf0e8af88440c879d59,LTCUSDT,1,2025-05-03T20:55:00Z,2025-05-03T21:00:00Z,86.88,86.78,0.0011510128913443177,0.005409760589318587,0.001956721915285471,0.00425874769797427,0.21276595744679694,3,15,7,35,True,False,True,True,True,True,False,False,True,False,0.003222836095764286,0.003222836095764286,0.0049493554327807625,0.004373848987108604,0.005409760589318587,0.004488950276243101,0.005409760589318587,-0.000345303867403328,0.005409760589318587,-0.0012661141804788149,0.005409760589318587,0.0011510128913443177
fbed438909972373b18a852b,LTCUSDT,1,2025-05-03T23:55:00Z,2025-05-04T00:00:00Z,86.49,86.07,0.004856052722858154,0.008209041507688678,0.00011562030292525282,0.003352988784830524,0.5915492957746555,10,50,1,5,True,False,True,True,False,False,False,True,False,False,0.0016186842409527179,0.0008093421204762769,0.0024280263614289946,0.002312406058503742,0.0038154699965313715,0.0036998496936061186,0.007168458781361896,0.0062434963579603665,0.007630939993062743,0.007168458781361896,0.008209041507688678,0.004856052722858154
f1b210b959cc96623ad8a807,AVAXUSDT,1,2025-05-04T00:55:00Z,2025-05-04T01:00:00Z,20.446,20.458,-0.000586911865401394,0.008608040692556095,0.004939841533796297,0.009194952557957489,-0.06818181818179983,10,50,8,40,True,True,False,False,True,True,True,True,False,False,0.004206201702044511,0.0016140076298543113,0.004206201702044511,-0.00024454661058392863,0.004206201702044511,-0.0033258339039419853,0.004206201702044511,-0.0038149271251100166,0.004206201702044511,0.002200919495255879,0.008608040692556095,-0.000586911865401394
7fd8e0d7d4267292dc46e8f9,ETHUSDT,1,2025-05-04T02:55:00Z,2025-05-04T03:00:00Z,1833.2,1831.24,0.0010691686668121516,0.00432031420466947,0.0013855553131136612,0.0032511455378573186,0.2474747474747498,2,10,8,40,True,False,True,True,True,True,False,False,True,False,0.0014401047348898647,0.0009873445341479082,0.00432031420466947,0.0033711542657648176,0.00432031420466947,0.0024983635173468004,0.00432031420466947,-0.00017455814968357863,0.00432031420466947,-0.00046367008509704834,0.00432031420466947,0.0010691686668121516
3c78772110ac910e761a01fe,ADAUSDT,1,2025-05-04T05:55:00Z,2025-05-04T06:00:00Z,0.7035,0.7007,0.0039800995024875975,0.011087420042643964,0.0035536602700781046,0.007107320540156366,0.35897435897436086,7,35,1,5,True,False,True,True,True,False,False,True,False,False,0.0,-0.0007107320540155578,0.005543710021321982,0.004406538734896932,0.007249466950959479,0.005970149253731317,0.010945273631840852,0.010092395167022025,0.011087420042643964,0.005259417199715759,0.011087420042643964,0.0039800995024875975
736308f6a3919375470bb01c,ADAUSDT,1,2025-05-04T06:55:00Z,2025-05-04T07:00:00Z,0.7006,0.6982,0.00342563516985435,0.008278618327148197,0.001141878389951503,0.004852983157293847,0.41379310344826664,10,50,4,20,True,False,True,True,True,False,False,True,False,False,0.003711104767342345,0.003568369968598268,0.005281187553525602,0.004567513559805853,0.005281187553525602,0.0008564087924636668,0.005281187553525602,0.001712817584927175,0.007422209534684531,0.005994861547245192,0.008278618327148197,0.00342563516985435
af7567d9406dd13b0c9b6f80,SUIUSDT,1,2025-05-04T12:55:00Z,2025-05-04T13:00:00Z,3.2509,3.2222,0.008828324463994638,0.014242209849580119,0.0019379248823402663,0.0054138853855854804,0.6198704103671742,10,50,1,5,True,False,True,True,False,False,False,True,False,False,0.002676181980374712,0.0015995570457412764,0.003998892614353054,0.0035990033529177353,0.004675628287551171,0.004583346150296814,0.008920606601248859,0.004767910424805528,0.01215048140514944,0.011781352856132148,0.014242209849580119,0.008828324463994638
6233501b5efe66ac761cbf51,SOLUSDT,1,2025-05-04T17:55:00Z,2025-05-04T18:00:00Z,147.07,146.44,0.004283674440742473,0.004283674440742473,0.00489562793227714,0.0,1.0,12,60,1,5,True,False,True,False,False,False,False,True,False,False,0.0,-0.003263751954851555,0.0,-0.0021758346365675744,0.001019922485891111,0.000543958659141797,0.001019922485891111,-0.001359896647854879,0.001019922485891111,-0.0004079689943564444,0.004283674440742473,0.004283674440742473
9f14c422d0f88796d17ca55f,AVAXUSDT,1,2025-05-04T20:55:00Z,2025-05-04T21:00:00Z,20.14,20.166,-0.0012909632571995928,0.004170804369414083,0.0020357497517378533,0.005461767626613675,-0.3095238095238085,3,15,11,55,True,True,False,False,True,True,True,False,True,False,0.0005461767626613323,0.00024826216484602807,0.002681231380337738,0.0023336643495531577,0.004170804369414083,0.0034756703078450985,0.004170804369414083,0.0007944389275075368,0.004170804369414083,0.00044687189672295636,0.004170804369414083,-0.0012909632571995928
69a544144de13aad2a8bff55,LTCUSDT,1,2025-05-05T00:55:00Z,2025-05-05T01:00:00Z,85.78,84.95,0.009675915131732318,0.01433900676148291,0.0006994637444626052,0.004663091629750591,0.674796747967476,7,35,4,20,True,False,True,True,False,False,False,True,False,False,0.0030310095593379005,0.002448123105619118,0.0058288645371881555,0.005012823501981893,0.0058288645371881555,0.0019818139426439926,0.0058288645371881555,0.005362555374213196,0.01433900676148291,0.010958265329913706,0.01433900676148291,0.009675915131732318
61463c4345dafb26846d6299,LTCUSDT,1,2025-05-05T02:55:00Z,2025-05-05T03:00:00Z,85.98,85.96,0.0002326122354037012,0.0016282856478250821,0.005350081414282318,0.001395673412421381,0.14285714285721535,3,15,8,40,True,False,True,True,True,True,False,False,True,False,0.0013956734124215462,0.0005815305885089225,0.0013956734124215462,0.0,0.0016282856478250821,0.000930448941614309,0.0016282856478250821,-0.0010467550593159943,0.0016282856478250821,-0.004303326354966159,0.0016282856478250821,0.0002326122354037012
48e88cce2df9c478fb60232a,DOGEUSDT,1,2025-05-05T04:55:00Z,2025-05-05T05:00:00Z,0.17201,0.17357,-0.009069240160455821,0.0009301784779954275,0.009708737864077699,0.00999941863845125,-9.750000000000433,3,15,12,60,True,True,False,False,True,True,True,False,True,False,0.0005813615487471019,-0.0005813615487472632,0.0005813615487471019,-0.002151037730364567,0.0009301784779954275,-0.00023254461949893756,0.0009301784779954275,-0.002790535433986444,0.0009301784779954275,-0.001744084646241467,0.0009301784779954275,-0.009069240160455821
d1de4b8dda6ab1c347f43273,LTCUSDT,1,2025-05-05T07:55:00Z,2025-05-05T08:00:00Z,87.91,88.44,-0.006028893186213186,0.0011375270162665718,0.01763166875213283,0.0071664202024797575,-5.3000000000003125,1,5,4,20,True,True,False,False,True,True,True,False,True,False,0.0011375270162665718,-0.006028893186213186,0.0011375270162665718,-0.007507678307359761,0.0011375270162665718,-0.01183028096917309,0.0011375270162665718,-0.013650324195199669,0.0011375270162665718,-0.015925378227732975,0.0011375270162665718,-0.006028893186213186
fbff39c985e07c5b9ce58aa5,LTCUSDT,1,2025-05-05T09:55:00Z,2025-05-05T10:00:00Z,88.91,87.68,0.01383421437408604,0.01552131368799905,0.0011247328759420598,0.0016870993139130094,0.8913043478260825,11,55,1,5,True,False,True,False,False,False,False,True,False,False,0.004161511640985158,0.0038240917782027153,0.004611404791362014,0.0032617253402316055,0.006298504105275023,0.005173771229332963,0.010010122595883485,0.009560229445506628,0.011809695197390589,0.011697221909796334,0.01552131368799905,0.01383421437408604
6c955c2757f49a611fcbd52e,LTCUSDT,1,2025-05-05T12:55:00Z,2025-05-05T13:00:00Z,88.11,87.82,0.0032913403699921266,0.010101010101010107,0.0030643513789580753,0.0068096697310179805,0.32584269662922033,10,50,1,5,True,False,True,True,True,False,False,True,False,False,0.0010214504596527455,-0.00011349449551702549,0.004199296334127847,0.0040858018386108206,0.004766768811712651,0.003972307343093795,0.005561230280331346,0.0031778458744751007,0.008625581659289583,0.005674724775848372,0.010101010101010107,0.0032913403699921266
486222add40627228895b819,DOGEUSDT,1,2025-05-05T14:55:00Z,2025-05-05T15:00:00Z,0.17003,0.16889,0.006704699170734426,0.009586543551137992,0.002058460271716856,0.002881844380403566,0.6993865030674721,10,50,1,5,True,False,True,True,False,False,False,True,False,False,0.0005881315062047227,-0.0009410104099277848,0.00147032876551197,0.0012350761630299828,0.001999647121096155,-5.881315062053756e-05,0.003999294242192473,0.0025289654766805034,0.007763335881903123,0.006939951773216413,0.009586543551137992,0.006704699170734426
2042d96cd925f20b8fdfead8,DOGEUSDT,1,2025-05-05T16:55:00Z,2025-05-05T17:00:00Z,0.16967,0.17104,-0.008074497554075619,0.0016502622738255126,0.00907644250604122,0.00972475982790113,-4.892857142857621,4,20,8,40,True,True,False,False,True,True,True,False,True,False,0.0013555725820709626,-0.0011198208286675518,0.001414510520421938,0.00023575175340357455,0.0015323863971237253,0.0011787587670182,0.0016502622738255126,-0.004832910944775242,0.0016502622738255126,-0.006954676725408231,0.0016502622738255126,-0.008074497554075619
df9232891ddf48cc075e78ee,XRPUSDT,1,2025-05-05T19:55:00Z,2025-05-05T20:00:00Z,2.1405,2.1242,0.007615043214202177,0.012473721093202498,0.00018687222611537304,0.004858677879000321,0.6104868913857601,10,50,1,5,True,False,True,True,False,False,False,True,False,False,0.0010745153001634987,0.0010745153001634987,0.0022891847699134235,0.0020088764307403637,0.003644008409250189,0.0025694931090866906,0.004064470918009675,0.0035038542396635558,0.012193412754029439,0.010277972436346554,0.012473721093202498,0.007615043214202177
937235dad1ced2e364b289bf,SOLUSDT,1,2025-05-05T22:55:00Z,2025-05-05T23:00:00Z,147.25,146.66,0.004006791171477103,0.004957555178268182,0.001697792869269949,0.0009507640067910788,0.8082191780822078,12,60,5,25,True,False,True,False,False,False,False,True,False,False,0.00013582342954166542,-0.0004074702886248032,0.00013582342954166542,-0.00047538200339553943,0.00013582342954166542,6.791171477073619e-05,0.001697792869269949,0.0011544991511034804,0.0027843803056026933,0.002580645161290292,0.004957555178268182,0.004006791171477103
b4cfbb7f59f1f4a1b79deb5d,ADAUSDT,1,2025-05-06T00:55:00Z,2025-05-06T01:00:00Z,0.6607,0.6584,0.003481156349326425,0.004540638716512794,0.006810958074769275,0.001059482367186369,0.7666666666666556,11,55,5,25,True,False,True,False,False,False,False,True,False,False,0.0012108369910699439,0.0006054184955349719,0.003178447101558939,0.0012108369910699439,0.003178447101558939,-0.00272438322990771,0.003178447101558939,-0.004237929468745308,0.003178447101558939,0.0027243832299075417,0.004540638716512794,0.003481156349326425
b524c2eedcfb60f2c74b26f3,ADAUSDT,1,2025-05-06T07:55:00Z,2025-05-06T08:00:00Z,0.6613,0.66,0.0019658248903674093,0.01300468773627711,0.0006048691970360744,0.0110388628459097,0.15116279069766975,5,25,2,10,True,False,True,True,True,True,False,True,False,False,0.004082867079994005,0.0025706940874036517,0.004082867079994005,0.0018146075911083907,0.0057462573718433775,0.004990170875548117,0.01300468773627711,0.01119008014516855,0.01300468773627711,0.004234084379253024,0.01300468773627711,0.0019658248903674093
9d276681c8dd3a35d8ccfc2e,LINKUSDT,1,2025-05-06T14:55:00Z,2025-05-06T15:00:00Z,13.37,13.375,-0.0003739715781601183,0.0035153328347044743,0.0077786088257293185,0.0038893044128645925,-0.10638297872342356,3,15,7,35,True,True,False,False,True,True,True,False,True,False,0.0008975317875840448,-0.001121914734480222,0.0032161555721764595,0.0029169783096484447,0.0035153328347044743,-0.001421091997008237,0.0035153328347044743,-0.0047120418848168,0.0035153328347044743,-0.0030665669409125186,0.0035153328347044743,-0.0003739715781601183
087a21d7625ec4ed0df958b8,XRPUSDT,1,2025-05-06T15:55:00Z,2025-05-06T16:00:00Z,2.1099,2.11,-4.7395611166295526e-05,0.003554670837480584,0.007915067064789665,0.0036020664486468793,-0.013333333333301754,2,10,8,40,True,True,False,False,True,True,True,False,True,False,0.0020380112801555487,0.0009005166121617198,0.003554670837480584,0.003554670837480584,0.003554670837480584,-0.003981231337978086,0.003554670837480584,-0.0022749893359874473,0.003554670837480584,-0.002748945447651455,0.003554670837480584,-4.7395611166295526e-05
d796454a9481537ce2b80e7d,LINKUSDT,1,2025-05-06T17:55:00Z,2025-05-06T18:00:00Z,13.407,13.608,-0.014992168270306595,0.000223763705526972,0.015290519877675846,0.015215931975833567,-66.99999999999764,1,5,12,60,True,True,False,False,True,True,True,False,True,False,0.000223763705526972,-0.0025359886626389718,0.000223763705526972,-0.005892444245543419,0.000223763705526972,-0.0035056313865891395,0.000223763705526972,-0.010293130454240315,0.000223763705526972,-0.00835384500633998,0.000223763705526972,-0.014992168270306595
f4260ca6dc5421d2186d3ec6,BTCUSDT,1,2025-05-06T22:55:00Z,2025-05-06T23:00:00Z,96206.3,96798.9,-0.006159679771490965,0.001585135277003689,0.006997462744123795,0.007744815048494654,-3.8859016393442047,2,10,11,55,True,True,False,False,True,True,True,False,True,False,1.0394329685875121e-06,-0.0007785352934266694,0.001585135277003689,0.000934450238705872,0.001585135277003689,0.0006007922558086415,0.001585135277003689,-0.004011171825545667,0.001585135277003689,-0.006565058629216499,0.001585135277003689,-0.006159679771490965
01626d1de4306d7617911bb3,SOLUSDT,1,2025-05-06T23:55:00Z,2025-05-07T00:00:00Z,146.83,148.96,-0.014506572226384221,0.0017026493223455696,0.01580058571136684,0.01620922154872979,-8.519999999999982,2,10,7,35,True,True,False,False,True,True,True,False,True,False,0.0009534836205136196,-0.001225907512088663,0.0017026493223455696,0.0002724238915754305,0.0017026493223455696,-0.0023156030783898045,0.0017026493223455696,-0.012803922904038652,0.0017026493223455696,-0.011373697473268319,0.0017026493223455696,-0.014506572226384221
65be8d00a1dacbb88381aa73,DOGEUSDT,1,2025-05-07T00:55:00Z,2025-05-07T01:00:00Z,0.17336,0.17304,0.0018458698661743596,0.0032879556991231382,0.005826026765113123,0.0014420858329487786,0.5614035087719196,12,60,5,25,True,False,True,True,False,False,False,True,False,False,0.0005768343331794474,-0.0025380710659899846,0.0005768343331794474,-0.0009806183664051887,0.0005768343331794474,-0.0013844023996309298,0.0005768343331794474,-0.003980156898938763,0.0014420858329486184,0.0010959852330410462,0.0032879556991231382,0.0018458698661743596
e7b563b1717c7a3edd664e04,DOGEUSDT,1,2025-05-07T01:55:00Z,2025-05-07T02:00:00Z,0.17304,0.17121,0.010575589459084595,0.012540453074433687,0.0006356911696717463,0.001964863615349092,0.8433179723502277,11,55,1,5,True,False,True,False,False,False,False,True,False,False,0.005374479889042917,0.0031784558483587315,0.006183541377716063,0.006067961165048517,0.006934812760055517,0.005547850208044317,0.008437355524734102,0.00681923254738781,0.009939898289412849,0.009593157651410049,0.012540453074433687,0.010575589459084595
45e106cf33c38f163afe0aa1,ETHUSDT,1,2025-05-07T02:55:00Z,2025-05-07T03:00:00Z,1824.04,1825.6,-0.0008552444025350022,0.004287186684502498,0.002022981952150202,0.005142431087037501,-0.19948849104858798,5,25,10,50,True,True,False,False,True,True,True,False,True,False,0.0013486546347668013,0.0006798096532970818,0.0020613583035459697,0.0017598298282932591,0.0020613583035459697,0.0008223503870529156,0.004287186684502498,0.0004111751935264578,0.004287186684502498,-0.0017762768360343026,0.004287186684502498,-0.0008552444025350022
08b397152bc0bee4e9c81e66,LTCUSDT,1,2025-05-07T03:55:00Z,2025-05-07T04:00:00Z,92.32,91.54,0.008448873483535388,0.009748700173310134,0.0034662045060659384,0.0012998266897747465,0.8666666666666604,10,50,1,5,True,False,True,False,False,False,False,True,False,False,0.0015164644714036652,0.0015164644714036652,0.002816291161178411,0.0011915077989601325,0.002816291161178411,0.000649913344887219,0.006715771230502495,0.005849220103986049,0.008340554592720928,0.007798960138648168,0.009748700173310134,0.008448873483535388
78231859ac9654c053b52738,LTCUSDT,1,2025-05-07T04:55:00Z,2025-05-07T05:00:00Z,91.54,91.45,0.0009831767533319139,0.005789818658509953,0.0019663535066636725,0.004806641905178039,0.16981132075472305,10,50,3,15,True,False,True,True,True,True,False,True,False,False,0.0017478697837012322,0.0005462093074067223,0.0017478697837012322,0.00043696744592534685,0.0017478697837012322,0.00010924186148137553,0.004369674459252847,0.003168013982958338,0.005571334935547357,0.005243609351103386,0.005789818658509953,0.0009831767533319139
b606bf113b32d546af5aa71e,SUIUSDT,1,2025-05-07T07:55:00Z,2025-05-07T08:00:00Z,3.4038,3.4125,-0.0025559668605676456,0.007932310946589145,0.004935660144544311,0.01048827780715679,-0.3222222222222263,2,10,9,45,True,True,False,False,True,True,True,False,True,False,0.003584229390681,0.0029966508020447045,0.007932310946589145,0.005405723015453243,0.007932310946589145,0.004054292261589933,0.007932310946589145,0.004054292261589933,0.007932310946589145,-0.002174040777954073,0.007932310946589145,-0.0025559668605676456
29c1311bd26c1d36caca5a36,SUIUSDT,1,2025-05-07T09:55:00Z,2025-05-07T10:00:00Z,3.4113,3.3815,0.008735672617477286,0.013543223990853996,0.000908744466918735,0.00480755137337671,0.6450216450216475,7,35,1,5,True,False,True,True,False,False,False,True,False,False,0.004485093659308859,0.0036642922053176726,0.005188637762729765,0.0036642922053176726,0.012605165186292658,0.008471843578694382,0.012605165186292658,0.01207750710872698,0.013543223990853996,0.005892181866150801,0.013543223990853996,0.008735672617477286
6e9e78492ac2ca6587c919ef,LTCUSDT,1,2025-05-07T11:55:00Z,2025-05-07T12:00:00Z,91.17,90.65,0.005703630580234683,0.012613798398596091,0.003948667324777881,0.006910167818361408,0.4521739130434726,11,55,2,10,True,False,True,True,True,False,False,True,False,False,0.0,-0.0018646484589229099,0.0,-0.0016452780519906928,0.0004387408138642783,0.00010968520346610854,0.004387408138642159,0.00405835252824399,0.010858835143139135,0.008774816277284162,0.012613798398596091,0.005703630580234683
2ceefc71b48d103816dac322,LTCUSDT,1,2025-05-07T21:55:00Z,2025-05-07T22:00:00Z,88.44,90.05,-0.018204432383536855,0.0009045680687471539,0.01990049751243787,0.01910900045228401,-20.125000000000423,1,5,12,60,True,True,False,False,True,True,True,False,True,False,0.0009045680687471539,-0.003957485300768979,0.0009045680687471539,-0.010176390773405763,0.0009045680687471539,-0.009158751696065155,0.0009045680687471539,-0.010063319764812308,0.0009045680687471539,-0.01277702397105377,0.0009045680687471539,-0.018204432383536855
d49c028cfddc46b3c93e20a8,AVAXUSDT,1,2025-05-07T23:55:00Z,2025-05-08T00:00:00Z,19.536,19.701,-0.008445945945945901,0.002917690417690528,0.010391072891072859,0.01136363636363643,-2.8947368421051385,10,50,12,60,True,True,False,False,True,True,True,False,True,False,0.0005630630630632056,-0.0009213759213757744,0.0005630630630632056,-0.0019451269451269582,0.0005630630630632056,-0.0010749385749384338,0.0005630630630632056,-0.003122440622440619,0.002405814905814936,0.0018427518427519124,0.002917690417690528,-0.008445945945945901
5a877290e681843cad81f6d5,SOLUSDT,1,2025-05-08T01:55:00Z,2025-05-08T02:00:00Z,148.06,149.75,-0.011414291503444534,0.0006754018641091065,0.015061461569633863,0.01208969336755364,-16.90000000000094,1,5,7,35,True,True,False,False,True,True,True,False,True,False,0.0006754018641091065,-0.0029042280156693695,0.0006754018641091065,-0.0039848709982439785,0.0006754018641091065,-0.005065513980818587,0.0006754018641091065,-0.012022153181142787,0.0006754018641091065,-0.01188707280832089,0.0006754018641091065,-0.011414291503444534
e672196b69471797290ca5e1,AVAXUSDT,1,2025-05-08T02:55:00Z,2025-05-08T03:00:00Z,19.964,20.34,-0.018833901021839374,0.0008515327589661121,0.018833901021839374,0.019685433780805485,-22.117647058824303,1,5,12,60,True,True,False,False,True,True,True,False,True,False,0.0008515327589661121,-0.0011520737327188784,0.0008515327589661121,-0.004458024443999308,0.0008515327589661121,-0.004658385093167701,0.0008515327589661121,-0.006812262071729252,0.0008515327589661121,-0.010518934081346467,0.0008515327589661121,-0.018833901021839374
ed70b6af33afe39783ccc127,LTCUSDT,1,2025-05-08T03:55:00Z,2025-05-08T04:00:00Z,91.68,91.72,-0.00043630017451998297,0.0005453752181502112,0.01603403141361255,0.000981675392670194,-0.799999999999659,11,55,6,30,True,True,False,False,True,True,True,True,False,False,0.00010907504363007325,-0.005453752181500873,0.00010907504363007325,-0.005344677137870799,0.00010907504363007325,-0.00621727748691092,0.00010907504363007325,-0.010798429319371671,0.00010907504363007325,-0.005890052356020855,0.0005453752181502112,-0.00043630017451998297
91d1ed4bfa5217fef49485c3,XRPUSDT,1,2025-05-08T04:55:00Z,2025-05-08T05:00:00Z,2.1816,2.1743,0.003346167950128283,0.003987898789879057,0.0037587092042537518,0.0006417308397507742,0.8390804597700845,12,60,2,10,True,False,True,False,False,False,False,True,False,False,0.0,-0.0032544921158782015,0.0,-0.002291895856252243,0.0,-0.0020168683535019983,0.0011001100110011825,0.0004583791712504079,0.0027961129446277934,0.0022460579391273042,0.003987898789879057,0.003346167950128283
70a4acb629b33a55967a6a17,DOGEUSDT,1,2025-05-08T05:55:00Z,2025-05-08T06:00:00Z,0.17984,0.18087,-0.005727313167259804,0.00011120996441276827,0.006005338078291802,0.005838523131672572,-51.50000000002012,1,5,12,60,True,True,False,False,True,True,True,False,True,False,0.00011120996441276827,-0.0019461743772241392,0.00011120996441276827,-0.0039479537366547395,0.00011120996441276827,-0.004225978647686892,0.00011120996441276827,-0.0026134341637010575,0.00011120996441276827,-0.0035587188612099738,0.00011120996441276827,-0.005727313167259804
e155b53c6f5be4f0ddd7bb97,DOGEUSDT,1,2025-05-08T06:55:00Z,2025-05-08T07:00:00Z,0.18087,0.18143,-0.0030961464034942494,0.00022115331453536932,0.01017305246862392,0.003317299718029619,-13.999999999995834,1,5,7,35,True,True,False,False,True,True,True,False,True,False,0.00022115331453536932,-0.002100956488085318,0.00022115331453536932,-0.004810084591142863,0.00022115331453536932,-0.0027644164316912726,0.00022115331453536932,-0.005694697849284033,0.00022115331453536932,-0.0072980593796648854,0.00022115331453536932,-0.0030961464034942494
b6490615f904e516ad59ec87,DOGEUSDT,1,2025-05-08T07:55:00Z,2025-05-08T08:00:00Z,0.18142,0.18225,-0.004575019292250014,0.00027560357182226046,0.010142211443060349,0.004850622864072274,-16.600000000001778,1,5,10,50,True,True,False,False,True,True,True,False,True,False,0.00027560357182226046,-0.00424429500606324,0.00027560357182226046,-0.003748208576783232,0.00027560357182226046,-0.004078932862969853,0.00027560357182226046,-0.004409657149156626,0.00027560357182226046,-0.008378348583397605,0.00027560357182226046,-0.004575019292250014
bbeb006bec68cc09eb6b7041,DOGEUSDT,1,2025-05-08T08:55:00Z,2025-05-08T09:00:00Z,0.18226,0.18357,-0.007187534291671269,0.0013168001755734554,0.007845934379457844,0.008504334467244724,-5.458333333332948,1,5,12,60,True,True,False,False,True,True,True,False,True,False,0.0013168001755734554,0.0008778667837155353,0.0013168001755734554,-0.003292000438933334,0.0013168001755734554,-0.002798200373093288,0.0013168001755734554,-0.0044990672665422326,0.0013168001755734554,-0.0037858005047733795,0.0013168001755734554,-0.007187534291671269
a01ea5c656c4d6a1fd3ddf8b,AVAXUSDT,1,2025-05-08T09:55:00Z,2025-05-08T10:00:00Z,21.055,21.033,0.0010448824507242205,0.0038945618617905837,0.005176917596770447,0.002849679411066363,0.26829268292680813,8,40,1,5,True,False,True,True,True,False,False,True,False,False,0.0005699358822132726,-0.003942056518641746,0.0005699358822132726,-0.002374732842555246,0.0005699358822132726,-0.0033721206364284734,0.0005699358822132726,-0.0018997862740441295,0.0038945618617905837,0.0026122061268107205,0.0038945618617905837,0.0010448824507242205
cca24305fe151451c7e6f75a,AVAXUSDT,1,2025-05-08T10:55:00Z,2025-05-08T11:00:00Z,21.032,20.92,0.005325218714339974,0.007036896158235055,0.0004279193609737705,0.0017116774438950813,0.7567567567567471,7,35,1,5,True,False,True,False,False,False,False,True,False,False,0.0027577025484975194,0.002329783187523749,0.00408900722708247,0.0029954355268162246,0.00408900722708247,0.0027577025484975194,0.005087485736021268,0.0049923925446938204,0.007036896158235055,0.0050399391403576285,0.007036896158235055,0.005325218714339974
78b7b5e67d5bce9799b51db7,SOLUSDT,1,2025-05-08T11:55:00Z,2025-05-08T12:00:00Z,154.52,154.49,0.00019414962464406636,0.002459228578824902,0.008348433859694486,0.0022650789541808357,0.07894736842105066,2,10,7,35,True,False,True,True,True,True,False,False,True,False,0.0016826300802486366,6.471654154814474e-05,0.002459228578824902,0.00148848045560457,0.002459228578824902,0.0005177323323842383,0.002459228578824902,-0.0038829924928811435,0.002459228578824902,-0.0014884804556043862,0.002459228578824902,0.00019414962464406636
5a59ff6db08ed3a52a7ab4c5,SOLUSDT,1,2025-05-08T12:55:00Z,2025-05-08T13:00:00Z,154.48,154.89,-0.0026540652511651774,0.00045313309166230696,0.007444329363024377,0.0031071983428274845,-5.857142857143379,10,50,8,40,True,True,False,False,True,True,True,True,False,False,0.0002589331952355777,-0.0025245986535474807,0.0002589331952355777,-0.0029777317452097875,0.0002589331952355777,-0.0017477990678405634,0.0002589331952355777,-0.004142931123770163,0.0002589331952355777,-0.003495598135681127,0.00045313309166230696,-0.0026540652511651774
efd807eb6397e5a1dccc8200,XRPUSDT,1,2025-05-08T14:55:00Z,2025-05-08T15:00:00Z,2.2215,2.2427,-0.009543101507990245,0.00018005851901866125,0.02381273914022065,0.009723160027008907,-53.00000000000666,1,5,9,45,True,True,False,False,True,True,True,False,True,False,0.00018005851901866125,-0.0018455998199415778,0.00018005851901866125,-0.006121989646635282,0.00018005851901866125,-0.006482106684672605,0.00018005851901866125,-0.01363943281566509,0.00018005851901866125,-0.019536349313526945,0.00018005851901866125,-0.009543101507990245
8078d85052fb1a102474f0d3,BTCUSDT,1,2025-05-08T15:55:00Z,2025-05-08T16:00:00Z,100730.9,101235.9,-0.00501335737097554,0.0017958739572464277,0.00580556710999309,0.006809231328221968,-2.7915975677170604,1,5,11,55,True,True,False,False,True,True,True,False,True,False,0.0017958739572464277,0.001593354174339751,0.0017958739572464277,-0.0017988521893481707,0.0017958739572464277,-0.0019785388594761185,0.0017958739572464277,-0.0009728891531794118,0.0017958739572464277,-0.0038190862982462347,0.0017958739572464277,-0.00501335737097554
2605bbd1f0cdabd39d0ea0cd,DOGEUSDT,1,2025-05-08T18:55:00Z,2025-05-08T19:00:00Z,0.19045,0.19091,-0.0024153321081648105,0.005618272512470545,0.004043055920188989,0.008033604620635355,-0.42990654205605755,10,50,11,55,True,True,False,False,True,True,True,False,True,False,0.0034129692832765117,0.0022053032291940336,0.004253084799159912,0.001417694933053401,0.004253084799159912,0.0026253609871357336,0.004253084799159912,0.000472564977684467,0.005355736413757001,0.003255447624048356,0.005618272512470545,-0.0024153321081648105
a5fa45fb9da7b3a587e57486,SOLUSDT,1,2025-05-08T19:55:00Z,2025-05-08T20:00:00Z,160.5,162.8,-0.014330218068535896,0.00510903426791273,0.02068535825545167,0.019439252336448627,-2.804878048780525,4,20,12,60,True,True,False,False,True,True,True,False,True,False,0.00037383177570094877,-0.001495327102803795,0.00037383177570094877,-0.0026791277258567405,0.0036760124610592114,0.003489096573208737,0.00510903426791273,-0.001495327102803795,0.00510903426791273,-0.007102803738317672,0.00510903426791273,-0.014330218068535896
54e29ff0f3d4e262315d234b,BTCUSDT,1,2025-05-08T21:55:00Z,2025-05-08T22:00:00Z,102800.0,102991.7,-0.0018647859922178705,0.004255836575875486,0.0038910505836575876,0.006120622568093356,-0.43817142857142194,3,15,10,50,True,True,False,False,True,True,True,False,True,False,0.0029961089494163423,0.002390077821011645,0.0033784046692607286,0.0033083657587549206,0.004255836575875486,0.0025398832684825467,0.004255836575875486,4.0856031128376355e-05,0.004255836575875486,-0.0036138132295719843,0.004255836575875486,-0.0018647859922178705
7e9d63d9dcfefffbe51ec026,XRPUSDT,1,2025-05-08T23:55:00Z,2025-05-09T00:00:00Z,2.3265,2.3168,0.0041693531055231456,0.010616806361487095,0.0029228454760370256,0.006447453255963949,0.39271255060727556,8,40,1,5,True,False,True,True,True,False,False,True,False,False,0.00206318504190841,-0.00034386417365156073,0.005286911669890289,0.004298302170642505,0.007006232538147329,0.005931656995486703,0.009843111970771512,0.009327315710294267,0.010616806361487095,0.005759724908661018,0.010616806361487095,0.0041693531055231456
20b4ad472c1aee5da0b8eb2a,XRPUSDT,1,2025-05-09T01:55:00Z,2025-05-09T02:00:00Z,2.3178,2.309,0.003796703770817119,0.0068168090430580875,0.0011217533868322174,0.0030201052722409684,0.5569620253164493,5,25,1,5,True,False,True,True,False,False,False,True,False,False,0.0041418586590733775,0.0027612391060489183,0.004228147381137394,0.0028906721891448477,0.004832168435585512,0.0037104150487531026,0.0068168090430580875,0.006255932349641883,0.0068168090430580875,0.0053930451290017155,0.0068168090430580875,0.003796703770817119
456c9d49ad26a1f510cf828c,AVAXUSDT,1,2025-05-09T04:55:00Z,2025-05-09T05:00:00Z,22.091,22.291,-0.009053460685346942,0.0016748902267893072,0.013444389117740282,0.01072835091213625,-5.405405405405008,1,5,10,50,True,True,False,False,True,True,True,False,True,False,0.0016748902267893072,-0.002172830564483195,0.0016748902267893072,-0.0014032864062287268,0.0016748902267893072,-0.003802453487845712,0.0016748902267893072,-0.0031687112398714537,0.0016748902267893072,-0.012448508442352024,0.0016748902267893072,-0.009053460685346942
4de6e119e4b28b81d5378453,LTCUSDT,1,2025-05-09T05:55:00Z,2025-05-09T06:00:00Z,95.15,95.89,-0.007777193904361481,0.002417235943247546,0.008723068838675756,0.010194429847609026,-3.217391304347748,1,5,11,55,True,True,False,False,True,True,True,False,True,False,0.002417235943247546,-0.00073568050446656,0.002417235943247546,0.0016815554387809857,0.002417235943247546,0.001996847083552411,0.002417235943247546,-0.005465055176037793,0.002417235943247546,-0.004098791382028382,0.002417235943247546,-0.007777193904361481
7ff70b9f1be572a22d5fb1c0,BNBUSDT,1,2025-05-09T07:55:00Z,2025-05-09T08:00:00Z,631.78,634.07,-0.003624679477033267,0.0019310519484631158,0.015242647757130641,0.0055557314254963824,-1.8770491803278904,9,45,8,40,True,True,False,False,True,True,True,True,False,False,0.00020576783057392678,-0.0008072430276361881,0.00020576783057392678,-0.0020893348950584856,0.00020576783057392678,-0.0013770616353794116,0.00020576783057392678,-0.009275380670486584,0.0019310519484631158,9.496976795711392e-05,0.0019310519484631158,-0.003624679477033267
b91afd15ac5a066e9b5f9dff,BNBUSDT,1,2025-05-09T10:55:00Z,2025-05-09T11:00:00Z,636.29,636.76,-0.0007386569017272428,0.0016816231592511849,0.008313819170504137,0.0024202800609784275,-0.43925233644864975,1,5,5,25,True,True,False,False,True,True,True,False,True,False,0.0016816231592511849,7.858052146026895e-05,0.0016816231592511849,-0.003017492024077186,0.0016816231592511849,-0.0041019032202297915,0.0016816231592511849,-0.0029860598154930786,0.0016816231592511849,-0.0038504455515567517,0.0016816231592511849,-0.0007386569017272428
d63cb22e7b3c23149e0ad888,XRPUSDT,1,2025-05-09T17:55:00Z,2025-05-09T18:00:00Z,2.3634,2.359,0.0018617246340018447,0.007066091224507133,0.001227045781501186,0.005204366590505289,0.26347305389221065,4,20,11,55,True,False,True,True,True,False,False,False,True,False,0.004823559279004856,0.004442751967504423,0.005162054667005157,0.004823559279004856,0.00537361428450544,0.004231192350004141,0.007066091224507133,0.00456968773800463,0.007066091224507133,0.00194634848100192,0.007066091224507133,0.0018617246340018447
0f49f9fe6e032a51775d3a69,ETHUSDT,1,2025-05-09T20:55:00Z,2025-05-09T21:00:00Z,2339.2,2337.0,0.0009404924760601139,0.00757523939808473,0.0014449384404925229,0.006634746922024617,0.12415349887132297,5,25,8,40,True,False,True,True,True,True,False,False,True,False,0.0017698358413132153,0.0010815663474691114,0.0017698358413132153,3.847469220233019e-05,0.003274623803009514,0.003018125854993137,0.00757523939808473,0.00195365937072491,0.00757523939808473,0.0027958276333789178,0.00757523939808473,0.0009404924760601139
823195cc259c6dc9b0f6f408,LINKUSDT,1,2025-05-09T23:55:00Z,2025-05-10T00:00:00Z,16.01,15.913,0.006058713304184966,0.009806371018113791,0.017613991255465335,0.0037476577139288255,0.6178343949044598,12,60,5,25,True,False,True,True,False,False,False,True,False,False,0.0012492192379763491,-0.004996876951904952,0.0012492192379763491,-0.0073079325421609815,0.0012492192379763491,-0.0076826983135538755,0.0012492192379763491,-0.0096814490943159,0.0012492192379763491,-0.002435977514053587,0.009806371018113791,0.006058713304184966
db0d0fdb8f78382b88650ea2,BNBUSDT,1,2025-05-10T01:55:00Z,2025-05-10T02:00:00Z,673.41,671.35,0.0030590576320517152,0.0038163971428994766,0.003029358043391214,0.0007573395108477613,0.8015564202334616,5,25,12,60,True,False,True,False,False,False,False,False,True,False,0.002806611128435851,0.002806611128435851,0.003088757220712385,0.0004900432129013932,0.003088757220712385,0.0009206872484816153,0.0038163971428994766,0.0011137345747761393,0.0038163971428994766,0.0007276399221870912,0.0038163971428994766,0.0030590576320517152
6f1cee7392cb072460694012,LINKUSDT,1,2025-05-10T02:55:00Z,2025-05-10T03:00:00Z,16.098,16.051,0.0029196173437694498,0.007764939744067476,0.0007454342154305165,0.0048453224002980265,0.37600000000001016,9,45,1,5,True,False,True,True,True,False,False,True,False,False,0.0011802708410981707,0.0008696732513355291,0.0031059758976270785,0.0011802708410981707,0.0031059758976270785,0.0015529879488134291,0.005404398061871024,0.0020499440924336997,0.007764939744067476,0.005839234687538678,0.007764939744067476,0.0029196173437694498
8c21334beaf30412568d4a8e,LTCUSDT,1,2025-05-10T03:55:00Z,2025-05-10T04:00:00Z,103.4,103.15,0.00241779497098646,0.012475822050290195,0.0030947775628626033,0.010058027079303734,0.19379844961240217,12,60,11,55,True,False,True,True,True,True,False,True,False,False,0.0017408123791103174,0.0,0.0037717601547388835,0.0028046421663443545,0.0037717601547388835,0.0015473887814314389,0.004932301740812428,0.002127659574468074,0.004932301740812428,0.001160541586073545,0.012475822050290195,0.00241779497098646
37147e45dd9812d5bb088bc2,LTCUSDT,1,2025-05-10T05:55:00Z,2025-05-10T06:00:00Z,103.13,103.76,-0.0061087947251043315,0.00029089498690973664,0.011926694463298788,0.0063996897120140684,-20.999999999999524,1,5,6,30,True,True,False,False,True,True,True,False,True,False,0.00029089498690973664,-0.0027150198778241167,0.00029089498690973664,-0.003975564821099688,0.00029089498690973664,-0.0038785998254630633,0.00029089498690973664,-0.009890429554930769,0.00029089498690973664,-0.0035877048385533263,0.00029089498690973664,-0.0061087947251043315
ee7d7026b6655223594922db,LTCUSDT,1,2025-05-10T06:55:00Z,2025-05-10T07:00:00Z,103.76,103.92,-0.0015420200462605684,0.005878951426368537,0.004626060138781705,0.007420971472629105,-0.26229508196720774,6,30,12,60,True,True,False,False,True,True,True,False,True,False,0.0015420200462607054,-9.637625289119992e-05,0.0015420200462607054,9.637625289133689e-05,0.0015420200462607054,-9.637625289119992e-05,0.005878951426368537,0.0033731688511951475,0.005878951426368537,0.002216653816499653,0.005878951426368537,-0.0015420200462605684
626e71431e13b5c414931959,LINKUSDT,1,2025-05-10T09:55:00Z,2025-05-10T10:00:00Z,16.337,16.215,0.0074677113301095605,0.007651343575931934,0.00850829405643627,0.0001836322458223733,0.9759999999999991,12,60,9,45,True,False,True,False,False,False,False,True,False,False,0.0034278019220175637,0.001958743955438577,0.0034278019220175637,-0.0014078472179714567,0.0034278019220175637,-0.0017139009610086732,0.0034278019220175637,-0.001346636469364144,0.0034278019220175637,-0.002938115933157974,0.007651343575931934,0.0074677113301095605
0f7ebc23769e97108126ce59,LTCUSDT,1,2025-05-10T12:55:00Z,2025-05-10T13:00:00Z,101.81,102.33,-0.005107553285531834,0.002750220999901789,0.008348885178273199,0.007857774285433623,-1.8571428571428357,4,20,11,55,True,True,False,False,True,True,True,False,True,False,0.0008839996071113192,-0.00039288871427160436,0.0008839996071113192,-9.822217856783131e-05,0.0008839996071113192,-0.0004911108928395753,0.002750220999901789,-0.0009822217856791506,0.002750220999901789,-0.0037324427855809396,0.002750220999901789,-0.005107553285531834
be2052b460b3b93a1c638523,BNBUSDT,1,2025-05-10T23:55:00Z,2025-05-11T00:00:00Z,664.1,664.16,-9.034783918076408e-05,0.01183556693269088,0.006926667670531581,0.011925914771871644,-0.007633587786252586,6,30,3,15,True,True,False,False,True,True,True,True,False,False,0.002002710435175487,-0.0034783918084624987,0.002002710435175487,-0.0049088992621593,0.002002710435175487,-0.006294232796265547,0.01183556693269088,0.010781508808914271,0.01183556693269088,0.001490739346483977,0.01183556693269088,-9.034783918076408e-05
ef0ca7d1a1bc96af99d044b6,LTCUSDT,1,2025-05-11T03:55:00Z,2025-05-11T04:00:00Z,104.45,104.17,0.0026807084729535773,0.005169937769267652,0.005265677357587335,0.0024892292963140743,0.5185185185185147,8,40,3,15,True,False,True,True,False,False,False,True,False,False,0.0008616562948779646,-0.0020105313547151148,0.0008616562948779646,-0.002106270943034934,0.0008616562948779646,-0.0027764480612732603,0.0008616562948779646,-0.0014360938247964716,0.005169937769267652,0.0027764480612733964,0.005169937769267652,0.0026807084729535773
c4bf476415bc0775cc2f74d8,SOLUSDT,1,2025-05-11T04:55:00Z,2025-05-11T05:00:00Z,177.19,176.12,0.006038715503132192,0.0064337716575426735,0.0019752807720525667,0.00039505615441048133,0.9385964912280754,12,60,1,5,True,False,True,False,False,False,False,True,False,False,0.000677239121846631,-0.00011287318697449198,0.0023139003329758824,0.0012980416502059357,0.0023139003329758824,0.0014109148371804277,0.005812969129183369,0.005022856820362246,0.006320898470568342,0.0015802246176420856,0.0064337716575426735,0.006038715503132192
5948183d917fce096aa87b62,LTCUSDT,1,2025-05-11T14:55:00Z,2025-05-11T15:00:00Z,99.99,99.36,0.006300630063006255,0.015101510151015012,0.006600660066006709,0.008800880088008757,0.4172185430463571,12,60,4,20,True,False,True,True,True,False,False,True,False,False,0.0008000800080007831,-0.0025002500250025004,0.0008000800080007831,-0.005100510051005152,0.0008000800080007831,-0.005900590059005935,0.0012001200120011035,0.00030003000300031144,0.005000500050005001,0.004400440044004378,0.015101510151015012,0.006300630063006255
1cf1b0e344ef3c8692663a5f,ADAUSDT,1,2025-05-11T23:55:00Z,2025-05-12T00:00:00Z,0.8049,0.8153,-0.012920859734128558,0.001242390359050815,0.014784445272704711,0.014163250093179373,-10.400000000000066,1,5,7,35,True,True,False,False,True,True,True,False,True,False,0.001242390359050815,0.0002484780718101354,0.001242390359050815,-0.0026090197540068354,0.001242390359050815,-0.007081625046589686,0.001242390359050815,-0.009069449621071046,0.001242390359050815,-0.008696732513355704,0.001242390359050815,-0.012920859734128558
42f8eac371caec563446487b,BTCUSDT,1,2025-05-12T01:55:00Z,2025-05-12T02:00:00Z,103965.9,103852.0,0.0010955515221817364,0.00289614190806785,0.0019496777308714843,0.0018005903858861138,0.3782796413151693,12,60,5,25,True,False,True,True,True,False,False,True,False,False,0.0006915729099636917,-0.00171787095576536,0.0006915729099636917,-0.0015812877106821442,0.0006915729099636917,-6.444420718727623e-05,0.0011523008986599294,0.0005386381496240595,0.001197508029074918,0.0009830146230638806,0.00289614190806785,0.0010955515221817364
1b5cbdc341afa6daa5c3daaf,SOLUSDT,1,2025-05-12T03:55:00Z,2025-05-12T04:00:00Z,174.8,175.74,-0.005377574370709369,0.004633867276887885,0.007151029748283752,0.010011441647597253,-1.1604938271604877,6,30,12,60,True,True,False,False,True,True,True,False,True,False,0.002402745995423432,0.0017162471395881656,0.002402745995423432,0.0019450800915332001,0.002402745995423432,-0.0011441647597253354,0.004633867276887885,0.0014302059496567505,0.004633867276887885,-0.005949656750572036,0.004633867276887885,-0.005377574370709369
259426fbba7bc66fe4faaf62,LINKUSDT,1,2025-05-12T06:55:00Z,2025-05-12T07:00:00Z,17.3,17.501,-0.011618497109826618,0.0,0.039075144508670424,0.011618497109826618,,1,5,7,35,False,False,False,False,False,False,False,False,True,False,0.0,-0.014739884393063526,0.0,-0.011329479768786009,0.0,-0.01722543352601146,0.0,-0.028728323699421958,0.0,-0.019595375722543273,0.0,-0.011618497109826618
03758ac07d6d325ee75a7468,BNBUSDT,1,2025-05-12T16:55:00Z,2025-05-12T17:00:00Z,668.5,662.27,0.009319371727748719,0.011054599850411349,0.003979057591622989,0.0017352281226626302,0.8430311231393816,12,60,2,10,True,False,True,False,False,False,False,True,False,False,0.000508601346297729,-0.001436050860134684,0.000508601346297729,-0.0023485415108452506,0.000508601346297729,-0.0017053103964098525,0.005130890052355946,0.0023635003739716394,0.006387434554973795,0.006357516828721017,0.011054599850411349,0.009319371727748719
621825cfa855135c6805676a,AVAXUSDT,1,2025-05-12T23:55:00Z,2025-05-13T00:00:00Z,24.823,24.402,0.016960077347621134,0.017685211295975507,0.0007251339483543762,0.0007251339483543735,0.9589977220956706,12,60,1,5,True,False,True,False,False,False,False,True,False,False,0.0035450993030657443,0.0035450993030657443,0.0035853845224186696,0.0029408210127704307,0.006848487290013363,0.005599645490069667,0.011038150102727346,0.007694476896426658,0.016234943399266757,0.015832091205736643,0.017685211295975507,0.016960077347621134
2830732a50aee3d32bb215b7,ADAUSDT,1,2025-05-13T04:55:00Z,2025-05-13T05:00:00Z,0.7908,0.7861,0.00594334850784007,0.011001517450682764,0.0,0.005058168942842695,0.5402298850574673,7,35,1,5,True,False,True,True,False,False,False,True,False,False,0.002908447142134508,0.0027819929185634545,0.0034142640364187215,0.0031613555892766147,0.0034142640364187215,0.002276176024279101,0.005816894284269016,0.004299443601416235,0.011001517450682764,0.008345978755690363,0.011001517450682764,0.00594334850784007
e4d7a5d735a88129667e08bf,AVAXUSDT,1,2025-05-13T07:55:00Z,2025-05-13T08:00:00Z,24.295,24.333,-0.0015641078411194362,0.0018933937024080232,0.00872607532414076,0.003457501543527459,-0.8260869565216149,7,35,10,50,True,True,False,False,True,True,True,False,True,False,0.00012348219798312876,-0.00679152088907179,0.00012348219798312876,-0.00498044865198595,0.00012348219798312876,-0.006915003087054918,0.0018110722370858398,0.0014406256431364537,0.0018933937024080232,-0.004280716196748269,0.0018933937024080232,-0.0015641078411194362
f1507abcfdd3da1d26eefb89,BTCUSDT,1,2025-05-13T15:55:00Z,2025-05-13T16:00:00Z,103633.0,103682.6,-0.0004786120251271875,0.0013972383314195566,0.007063387145021373,0.001875850356546744,-0.3425414364641217,1,5,4,20,True,True,False,False,True,True,True,False,True,False,0.0013972383314195566,0.0005509827950556851,0.0013972383314195566,-0.0015699632356488483,0.0013972383314195566,-0.0063068713633688675,0.0013972383314195566,-0.004560323449094457,0.0013972383314195566,-0.00257736435305362,0.0013972383314195566,-0.0004786120251271875
d4adb11c751a7936f3901bfd,BTCUSDT,1,2025-05-13T16:55:00Z,2025-05-13T17:00:00Z,103682.7,104215.5,-0.005138755067142377,0.0002565519609345751,0.005675971015415301,0.005395307028076952,-20.030075187976607,8,40,11,55,True,True,False,False,True,True,True,False,True,False,0.00020929238918350977,-0.0010348881732439733,0.00020929238918350977,-0.0011178335440725283,0.00020929238918350977,-0.001521951106597368,0.00020929238918350977,-0.0010599646807038083,0.0002565519609345751,-0.00323486946231154,0.0002565519609345751,-0.005138755067142377
1c2a18458de27acb60c8e328,BNBUSDT,1,2025-05-13T17:55:00Z,2025-05-13T18:00:00Z,662.02,666.96,-0.00746201021117195,3.0210567656538793e-05,0.007975589861333454,0.0074922207788284895,-247.00000000022735,1,5,12,60,True,True,False,False,True,True,True,False,True,False,3.0210567656538793e-05,-0.0020845291683030654,3.0210567656538793e-05,-0.0011026857194646963,3.0210567656538793e-05,-0.0025376876831516627,3.0210567656538793e-05,-0.003111688468626415,3.0210567656538793e-05,-0.0030814779009697042,3.0210567656538793e-05,-0.00746201021117195
67f46560fcec20ebeb50692a,BNBUSDT,1,2025-05-13T18:55:00Z,2025-05-13T19:00:00Z,666.96,667.02,-8.996041741625499e-05,0.003988245172124388,0.00731678061652872,0.004078205589540643,-0.0225563909774224,2,10,10,50,True,True,False,False,True,True,True,False,True,False,0.002533885090560235,0.0020540961976730308,0.003988245172124388,0.0038083243372917072,0.003988245172124388,0.0017992083483268043,0.003988245172124388,-0.004228139618567734,0.003988245172124388,-0.004722921914357648,0.003988245172124388,-8.996041741625499e-05
ec6d8c54c57438f35ecca691,ETHUSDT,1,2025-05-13T21:55:00Z,2025-05-13T22:00:00Z,2689.97,2678.88,0.00412272255824403,0.005732405937612545,0.006323490596549485,0.0016096833793685155,0.719195849546042,12,60,5,25,True,False,True,True,False,False,False,True,False,False,0.0022862708506041465,0.0007063275798613502,0.004988903221968877,0.003479592709212249,0.004988903221968877,0.0006431298490317804,0.004988903221968877,-0.002527909233188542,0.004988903221968877,-0.0010817964512616534,0.005732405937612545,0.00412272255824403
eef974ddb43fb0b8e76bc128,LTCUSDT,1,2025-05-14T09:55:00Z,2025-05-14T10:00:00Z,102.22,101.75,0.004597926041870464,0.0063588338876932665,0.002250048914106867,0.0017609078458228023,0.723076923076915,5,25,6,30,True,False,True,True,False,False,False,False,True,False,0.0004891410682840654,-0.000293484640970467,0.0029348464097045312,0.0024457053414204655,0.004402269614556866,0.0034239874779885965,0.0063588338876932665,-0.0009782821365681307,0.0063588338876932665,-0.0007826257092545323,0.0063588338876932665,0.004597926041870464
61e5aea4b9406689d36fd1e4,LINKUSDT,1,2025-05-14T21:55:00Z,2025-05-14T22:00:00Z,16.999,16.881,0.006941584799105745,0.008588740514147729,0.0015883287252191909,0.001647155715041984,0.8082191780821971,11,55,1,5,True,False,True,False,False,False,False,True,False,False,0.0014706747455731856,0.0007647508676979895,0.0015883287252189818,0.0010588858168125849,0.002764868521677572,0.0024707335725629768,0.003823754338490366,0.002117771633625379,0.0049414671451261626,0.004764986175657363,0.008588740514147729,0.006941584799105745
609d2f561abfdc7979824bc1,SUIUSDT,1,2025-05-15T00:55:00Z,2025-05-15T01:00:00Z,3.9376,3.851,0.021993092238927325,0.02623425436814313,0.000838073953677331,0.004241162129215804,0.8383349467570175,12,60,2,10,True,False,True,False,False,False,False,True,False,False,0.0018031288094271455,5.0792360829038514e-05,0.004266558309630325,0.004266558309630325,0.008177570093457945,0.007110930516050392,0.011402885006095124,0.01033624542868757,0.020850264120276324,0.019758228362454364,0.02623425436814313,0.021993092238927325
d4063802183f900c29c790c3,SOLUSDT,1,2025-05-15T02:55:00Z,2025-05-15T03:00:00Z,175.8,173.95,0.010523321956769185,0.010580204778157073,0.002389078498293444,5.688282138788768e-05,0.9946236559139836,12,60,1,5,True,False,True,False,False,False,False,True,False,False,0.00034129692832765796,-0.0006257110352672652,0.00039817974971570876,-0.0006257110352672652,0.0021615472127418877,0.0015358361774744608,0.0034129692832765798,-0.0010238907849828122,0.0034129692832765798,0.0021615472127418877,0.010580204778157073,0.010523321956769185
ecaee9552640dff3ab34bcc9,BNBUSDT,1,2025-05-15T15:55:00Z,2025-05-15T16:00:00Z,655.86,660.31,-0.006784984600371927,0.0021955905223676616,0.006922209008019949,0.008980575122739589,-3.0902777777776134,2,10,12,60,True,True,False,False,True,True,True,False,True,False,0.001966883176287567,0.0014179855456958248,0.0021955905223676616,0.000594639099807865,0.0021955905223676616,0.0017076815173970123,0.0021955905223676616,-0.0003659317537279436,0.0021955905223676616,-0.004833348580489676,0.0021955905223676616,-0.006784984600371927
a2202712f9f0769732c8fd68,ETHUSDT,1,2025-05-16T04:55:00Z,2025-05-16T05:00:00Z,2573.17,2593.53,-0.00791241931158848,0.0,0.008907301111080913,0.00791241931158848,,1,5,12,60,False,False,False,False,False,False,False,False,True,False,0.0,-0.0023434129886481443,0.0,-0.0010920382252241187,0.0,-0.0013718487313312939,0.0,-0.005580665094028038,0.0,-0.008207774845812709,0.0,-0.00791241931158848
63b267ac3bb61160373c2154,SOLUSDT,1,2025-05-16T05:55:00Z,2025-05-16T06:00:00Z,172.84,172.36,0.002777134922471591,0.003818560518398499,0.001272853506132833,0.001041425595926908,0.7272727272727156,2,10,1,5,True,False,True,True,False,False,False,True,False,False,0.0019092802591993317,0.0013885674612358777,0.003818560518398499,0.002198565146956697,0.003818560518398499,0.00300856283267768,0.003818560518398499,0.0020828511918538164,0.003818560518398499,0.0013885674612358777,0.003818560518398499,0.002777134922471591
f45a9958640c23dfa4df2868,ADAUSDT,1,2025-05-16T06:55:00Z,2025-05-16T07:00:00Z,0.7828,0.778,0.0061318344404701405,0.009836484414920847,0.0029381706693918865,0.0037046499744507067,0.6233766233766236,2,10,5,25,True,False,True,True,False,False,False,False,True,False,0.006387327542156367,0.004087889626980188,0.009836484414920847,0.008303525804803348,0.009836484414920847,0.0062595809913132535,0.009836484414920847,-0.0015329586101174998,0.009836484414920847,0.005237608584568349,0.009836484414920847,0.0061318344404701405
e101cf4ce0bc40715ad0872f,LINKUSDT,1,2025-05-16T07:55:00Z,2025-05-16T08:00:00Z,16.34,16.128,0.012974296205630339,0.019645042839657376,0.0031823745410036477,0.0066707466340270374,0.6604361370716472,8,40,2,10,True,False,True,True,False,False,False,True,False,False,0.0023867809057528445,0.002203182374541087,0.0023867809057528445,-0.0004895960832312803,0.0023867809057528445,0.0016523867809058153,0.014014687882496891,0.011872705018359795,0.019645042839657376,0.01603427172582622,0.019645042839657376,0.012974296205630339
669e2ff1fe1cb1b130b695a3,XRPUSDT,1,2025-05-16T09:55:00Z,2025-05-16T10:00:00Z,2.4238,2.4285,-0.0019391038864593401,0.0038369502434194595,0.0025579668289463673,0.0057760541298788,-0.5053763440860328,6,30,12,60,True,True,False,False,True,True,True,False,True,False,0.003135572241934174,0.0028880270649394,0.003548147536925465,0.0030117996534366953,0.003548147536925465,0.0013202409439723127,0.0038369502434194595,0.002516709299447147,0.0038369502434194595,8.25150589982581e-05,0.0038369502434194595,-0.0019391038864593401
9118e7a2c6741786c102fa38,ETHUSDT,1,2025-05-16T11:55:00Z,2025-05-16T12:00:00Z,2620.0,2597.4,0.008625954198473248,0.011038167938931325,0.0009122137404579667,0.0024122137404580767,0.7814661134163159,6,30,2,10,True,False,True,False,False,False,False,True,False,False,0.003267175572519063,0.0005381679389312422,0.003267175572519063,0.0018167938931298543,0.003267175572519063,0.0020877862595419083,0.011038167938931325,0.008328244274809223,0.011038167938931325,0.0077442748091602915,0.011038167938931325,0.008625954198473248
e6fad21c177d609ead6e0015,XRPUSDT,1,2025-05-16T15:55:00Z,2025-05-16T16:00:00Z,2.422,2.4103,0.004830718414533553,0.012097440132122255,0.003344343517753829,0.007266721717588702,0.39931740614335237,8,40,2,10,True,False,True,True,True,False,False,True,False,False,0.000701899256812566,-0.00260115606936415,0.000701899256812566,-0.0002890173410403389,0.0022708505367465153,0.0022295623451694026,0.007473162675474816,0.005491329479768822,0.012097440132122255,0.009785301403798628,0.012097440132122255,0.004830718414533553
ff4114af93dd1422e61120e8,AVAXUSDT,1,2025-05-17T02:55:00Z,2025-05-17T03:00:00Z,22.591,22.751,-0.007082466468947817,0.007923509362135454,0.007303793546102392,0.015005975831083271,-0.8938547486033426,5,25,12,60,True,True,False,False,True,True,True,False,True,False,0.0,-0.0015492895400823399,0.002346067017838999,0.002213270771546222,0.0038510911424903607,0.003452702403612031,0.007923509362135454,-0.00017706166172359715,0.007923509362135454,-0.004470806958523265,0.007923509362135454,-0.007082466468947817
bf477cc88dbc53acd94179a6,SOLUSDT,1,2025-05-17T06:55:00Z,2025-05-17T07:00:00Z,169.03,168.47,0.003313021357155548,0.006862687096965015,0.0054428208010411615,0.003549665739809467,0.4827586206896586,10,50,3,15,True,False,True,True,True,False,False,True,False,False,0.0003549665739809636,-0.0019523161568952997,0.0003549665739809636,-0.003194699165828504,0.0003549665739809636,-0.0021889605395492193,0.0003549665739809636,-0.0022481216352126573,0.004437082174761876,0.004082115600780913,0.006862687096965015,0.003313021357155548
5b2ef930bc862a42faf77f1a,AVAXUSDT,1,2025-05-17T10:55:00Z,2025-05-17T11:00:00Z,22.796,22.764,0.0014037550447446934,0.00829092823302334,0.0040357957536410905,0.006887173188278646,0.16931216931216944,6,30,11,55,True,False,True,True,True,True,False,False,True,False,0.000438673451482629,8.773469029649463e-05,0.0020178978768204676,0.0018862958413756476,0.0032023161958238465,0.0026320407088962416,0.00829092823302334,0.006755571152833827,0.00829092823302334,-0.0010966836287068843,0.00829092823302334,0.0014037550447446934
3f032568d0fdb398f1d9e1d4,AVAXUSDT,1,2025-05-17T14:55:00Z,2025-05-17T15:00:00Z,22.655,22.44,0.009490178768483772,0.009887442065769154,0.0012800706245861802,0.0003972632972853822,0.9598214285714272,12,60,1,5,True,False,True,False,False,False,False,True,False,False,0.004193334804678985,0.004193334804678985,0.0063562127565659635,0.004193334804678985,0.0063562127565659635,0.002427720150077233,0.0063562127565659635,0.0022511586846171677,0.0063562127565659635,0.00158905318914153,0.009887442065769154,0.009490178768483772
71dc695f7bb5c0352cbe1a96,SUIUSDT,1,2025-05-17T23:55:00Z,2025-05-18T00:00:00Z,3.7994,3.7756,0.006264146970574313,0.008764541769753147,0.0037111122808864564,0.0025003947991788346,0.7147147147147137,10,50,4,20,True,False,True,True,False,False,False,True,False,False,0.0,-0.0022371953466337247,0.0,-0.0021582355108701336,0.0,-0.002316155182397199,0.002816234142232966,-0.0022635152918881775,0.006685266094646488,0.006053587408538108,0.008764541769753147,0.006264146970574313
74392cd105ee7a390f25293e,SOLUSDT,1,2025-05-18T05:55:00Z,2025-05-18T06:00:00Z,169.82,169.21,0.003592038629136646,0.005123071487457335,0.0004122011541631915,0.0015310328583206887,0.7011494252873357,7,35,4,20,True,False,True,True,False,False,False,True,False,False,0.0023554351666470715,0.0014721469791543988,0.0027676363208102633,0.002649864562477851,0.0033564951124719893,0.001177717583323452,0.0033564951124719893,0.002414321045813194,0.005123071487457335,0.0022376634083146594,0.005123071487457335,0.003592038629136646
6a9f489df33891b3868dc2e4,ADAUSDT,1,2025-05-18T08:55:00Z,2025-05-18T09:00:00Z,0.7607,0.7568,0.005126856842382036,0.007624556329696368,0.0031549888260811853,0.002497699487314332,0.6724137931034476,12,60,1,5,True,False,True,True,False,False,False,True,False,False,0.00026291573550688707,-0.002892073090574444,0.00026291573550688707,-0.002366241619560816,0.00026291573550688707,-0.002103325884054075,0.0032864466938347017,0.001446036545287222,0.007098724858682886,0.006572893387669258,0.007624556329696368,0.005126856842382036
13925bb91c15bfc5649383e5,ETHUSDT,1,2025-05-19T11:55:00Z,2025-05-19T12:00:00Z,2416.33,2400.23,0.006662997189953322,0.013793645735474843,0.001518832278703684,0.007130648545521521,0.4830483048304814,8,40,1,5,True,False,True,True,True,False,False,True,False,False,0.0028886782848369296,0.002619675292695918,0.007821779309945286,0.006538841962811258,0.008703281422653258,0.006725074803524353,0.01047456266321237,0.005289012676248586,0.013793645735474843,0.006952692719951218,0.013793645735474843,0.006662997189953322
16d1b846d46c0bf0ae74ae41,LTCUSDT,1,2025-05-19T18:55:00Z,2025-05-19T19:00:00Z,98.45,99.14,-0.0070086338242762595,0.0014220416455053384,0.00934484509903506,0.008430675469781598,-4.928571428571392,2,10,8,40,True,True,False,False,True,True,True,False,True,False,0.001218892839004617,-0.000711020822752597,0.0014220416455053384,0.0005078720162518756,0.0014220416455053384,-0.00030472320975115423,0.0014220416455053384,-0.0005078720162518756,0.0014220416455053384,-0.006907059421025826,0.0014220416455053384,-0.0070086338242762595
46f15e6228b864942337deed,SUIUSDT,1,2025-05-19T19:55:00Z,2025-05-19T20:00:00Z,3.7944,3.821,-0.007010331014126128,0.0031625553447185355,0.009276829011174393,0.010172886358844663,-2.2166666666666797,3,15,7,35,True,True,False,False,True,True,True,False,True,False,0.0018975332068311447,-0.0017657600674678285,0.0018975332068311447,-0.00071157495256165,0.0031625553447185355,0.0011596036263967846,0.0031625553447185355,-0.004717478389205151,0.0031625553447185355,-0.004691123761332442,0.0031625553447185355,-0.007010331014126128
646af8cf10ed0073a2ff9f82,ETHUSDT,1,2025-05-19T20:55:00Z,2025-05-19T21:00:00Z,2519.6,2521.55,-0.0007739323702176032,0.007151928877599612,0.001829655500873205,0.007925861247817216,-0.10821309655939372,6,30,12,60,True,True,False,False,True,True,True,False,True,False,0.002925067471027104,0.001948722019368096,0.0042744880139704644,0.0026750277821875625,0.0042744880139704644,0.0002857596443879187,0.007151928877599612,0.006393872043181508,0.007151928877599612,0.003333862517860014,0.007151928877599612,-0.0007739323702176032
56287e6146c9bae55b6b564d,BTCUSDT,1,2025-05-20T00:55:00Z,2025-05-20T01:00:00Z,105674.8,106407.6,-0.006934482014633601,0.00023468225158697163,0.010255046614708493,0.007169164266220573,-29.548387096770842,1,5,12,60,True,True,False,False,True,True,True,False,True,False,0.00023468225158697163,-0.0031947067796673496,0.00023468225158697163,-0.0021802738211947805,0.00023468225158697163,-0.0008904677368681206,0.00023468225158697163,-0.003562817246874373,0.00023468225158697163,-0.005821633918398682,0.00023468225158697163,-0.006934482014633601
9d1f303e44c32a1c03c40ab4,XRPUSDT,1,2025-05-20T02:55:00Z,2025-05-20T03:00:00Z,2.3897,2.3814,0.0034732393187428346,0.006025860986734631,0.0005440013390802523,0.002552621667991796,0.5763888888888817,10,50,1,5,True,False,True,True,False,False,False,True,False,False,0.0017575427877976238,0.0008787713938988119,0.002594467924844023,0.0020086203289115434,0.002594467924844023,0.0018412353015022638,0.0029710842365149952,0.0012972339624220115,0.004728627024312619,0.004310164455789419,0.006025860986734631,0.0034732393187428346
e8ba605102f755e473138148,LINKUSDT,1,2025-05-20T04:55:00Z,2025-05-20T05:00:00Z,16.177,16.17,0.00043271311120713957,0.0013599554923656096,0.006552512826853042,0.00092724238115847,0.3181818181817448,12,60,8,40,True,False,True,True,True,False,False,True,False,False,0.000370896952463388,-0.00012363231748772278,0.00092724238115847,-0.002905359460963133,0.00092724238115847,-0.00370896952463366,0.00092724238115847,-0.004450763429560437,0.00092724238115847,-0.0030908079371948266,0.0013599554923656096,0.00043271311120713957
7a9eb9054c7ad3ba79ea479d,SOLUSDT,1,2025-05-20T17:55:00Z,2025-05-20T18:00:00Z,167.8,164.82,0.01775923718712764,0.019964243146603233,0.00047675804529191944,0.002205005959475592,0.8895522388059696,12,60,1,5,True,False,True,False,False,False,False,True,False,False,0.0031585220500596014,0.0004767580452920888,0.00363528009535169,0.003098927294398154,0.00363528009535169,0.0017282479141836737,0.01323003575685339,0.011561382598331333,0.014481525625744973,0.010309892729439918,0.019964243146603233,0.01775923718712764
3f5669cb090cb00a0c626926,ADAUSDT,1,2025-05-20T19:55:00Z,2025-05-20T20:00:00Z,0.7391,0.7427,-0.004870788797185831,0.00473548910837498,0.007982681639832252,0.00960627790556081,-1.0285714285714576,1,5,10,50,True,True,False,False,True,True,True,False,True,False,0.00473548910837498,0.0024353943985929156,0.00473548910837498,0.0009470978216750561,0.00473548910837498,0.0012176971992964578,0.00473548910837498,0.0009470978216750561,0.00473548910837498,-0.0017588959545392611,0.00473548910837498,-0.004870788797185831
e55d59ac5a2d688690d2afed,LTCUSDT,1,2025-05-20T20:55:00Z,2025-05-20T21:00:00Z,94.19,94.17,0.0002123367661110099,0.005945429451109484,0.007007113281664684,0.005733092684998474,0.03571428571427846,7,35,3,15,True,False,True,True,True,True,False,True,False,False,0.0,-0.004246735322221103,0.0,-0.006263934600276074,0.0012740205966663611,0.0004246735322220198,0.004034398556109943,0.0038220617899989325,0.005945429451109484,0.0003185051491665903,0.005945429451109484,0.0002123367661110099
853791bc0e4c94821bd1b3b0,AVAXUSDT,1,2025-05-20T22:55:00Z,2025-05-20T23:00:00Z,22.584,22.597,-0.0005756287637266063,0.003985122210414446,0.008191640099185207,0.004560750974141052,-0.1444444444444633,10,50,5,25,True,True,False,False,True,True,True,True,False,False,0.002523910733262425,0.001948281969535976,0.002523910733262425,0.00039851222104146037,0.002523910733262425,-0.003763726532058132,0.002523910733262425,-0.004782146652497367,0.002701027275947571,0.0019040028338646502,0.003985122210414446,-0.0005756287637266063
e1e933d21c835ed1a0ee13a1,ADAUSDT,1,2025-05-20T23:55:00Z,2025-05-21T00:00:00Z,0.7458,0.743,0.0037543577366586545,0.0061678734245106575,0.004156610351300606,0.002413515687852003,0.608695652173912,8,40,4,20,True,False,True,True,False,False,False,True,False,False,0.0008045052292840506,-0.0018771788683292529,0.0018771788683294018,0.0006704210244034003,0.0018771788683294018,-0.002547599892732653,0.003486189326897354,0.0022794314829713527,0.0061678734245106575,0.0037543577366586545,0.0061678734245106575,0.0037543577366586545
fe47304f30007a181b359c04,XRPUSDT,1,2025-05-21T01:55:00Z,2025-05-21T02:00:00Z,2.3452,2.3555,-0.004391949513900723,0.0068650861333789115,0.004903632952413373,0.011257035647279635,-0.6397515527950207,2,10,12,60,True,True,False,False,True,True,True,False,True,False,0.003922906361930888,0.0035391437830463056,0.0068650861333789115,0.00554323725055447,0.0068650861333789115,0.00349650349650349,0.0068650861333789115,0.0028995394849053975,0.0068650861333789115,-0.0020893740405934173,0.0068650861333789115,-0.004391949513900723
3a4521e5cc8805cbe42baefe,SOLUSDT,1,2025-05-21T03:55:00Z,2025-05-21T04:00:00Z,169.91,170.21,-0.0017656406332765074,0.005296921899829355,0.00829851097639925,0.007062562533105862,-0.33333333333334386,7,35,9,45,True,True,False,False,True,True,True,False,True,False,0.0015890765699488566,-0.0003531281266553015,0.0015890765699488566,-0.003001589076569895,0.0015890765699488566,0.0002942734388793064,0.004590665646518752,0.002766170325466417,0.005296921899829355,-0.006003178153139958,0.005296921899829355,-0.0017656406332765074
09f471c1605b5d615f66f7ca,BNBUSDT,1,2025-05-21T04:55:00Z,2025-05-21T05:00:00Z,661.32,661.28,6.048509042532708e-05,0.0022379483457328044,0.0022833121635516705,0.002177463255307477,0.027027027027078928,9,45,7,35,True,False,True,True,True,True,False,True,False,False,7.560636303161587e-05,-3.0242545212577586e-05,7.560636303161587e-05,-1.5121272606288793e-05,0.00034778926994498606,3.0242545212749493e-05,0.00034778926994498606,-7.560636303144396e-05,0.0022379483457328044,0.0016482187140870255,0.0022379483457328044,6.048509042532708e-05
67719861187e4fdfab1f0981,ADAUSDT,1,2025-05-21T05:55:00Z,2025-05-21T06:00:00Z,0.76,0.7633,-0.004342105263157855,0.004342105263157855,0.008289473684210489,0.00868421052631571,-1.0,3,15,9,45,True,True,False,False,True,True,True,False,True,False,0.00039473684210521967,-0.00039473684210521967,0.0011842105263158052,0.0005263157894736262,0.004342105263157855,0.0023684210526316103,0.004342105263157855,-0.0032894736842104563,0.004342105263157855,-0.007368421052631498,0.004342105263157855,-0.004342105263157855
8626227eeaf6ee285f3b162d,SOLUSDT,1,2025-05-21T06:55:00Z,2025-05-21T07:00:00Z,170.93,168.75,0.012753758848651535,0.015912946820335803,0.0021646287954133537,0.0031591879716842686,0.8014705882352969,10,50,1,5,True,False,True,False,False,False,False,True,False,False,0.0022231322763704175,0.001345580062013796,0.003627215819341277,0.0015210905048851538,0.006142865500497346,0.005967355057625989,0.015678932896507382,0.012227227520037461,0.015795939858421676,0.014216345872579458,0.015912946820335803,0.012753758848651535
0d42d84cf7ca3c7c665effba,ADAUSDT,1,2025-05-21T11:55:00Z,2025-05-21T12:00:00Z,0.7548,0.7528,0.0026497085320614754,0.0051669316375198915,0.0049019607843136265,0.002517223105458416,0.5128205128205113,2,10,6,30,True,False,True,True,False,False,False,False,True,False,0.003312135665076918,0.0027821939586645346,0.0051669316375198915,0.004504504504504596,0.0051669316375198915,0.0019872813990461802,0.0051669316375198915,-0.00344462109167983,0.0051669316375198915,0.0011923688394276787,0.0051669316375198915,0.0026497085320614754
3e65f43f48c5245d5f0584f6,ETHUSDT,1,2025-05-21T12:55:00Z,2025-05-21T13:00:00Z,2537.94,2545.41,-0.0029433319936640738,0.006875655058827345,0.007868586333798198,0.009818987052491419,-0.4280802292263428,3,15,12,60,True,True,False,False,True,True,True,False,True,False,0.0012963269423232873,0.0012490445006580425,0.0034082760033728498,0.0027345012096424873,0.006875655058827345,0.006004870091491618,0.006875655058827345,0.0037983561471113866,0.006875655058827345,-0.004834629660275649,0.006875655058827345,-0.0029433319936640738
cda12e2498655abcdd529aba,BNBUSDT,1,2025-05-21T18:55:00Z,2025-05-21T19:00:00Z,667.14,671.08,-0.005905806877117329,0.00014989357556138554,0.008483976376772444,0.006055700452678715,-39.399999999991586,1,5,11,55,True,True,False,False,True,True,True,False,True,False,0.00014989357556138554,-0.00349252031057955,0.00014989357556138554,-0.0012441166771592783,0.00014989357556138554,-0.0036873819588093,0.00014989357556138554,-0.002997871511227029,0.00014989357556138554,-0.006370476961357436,0.00014989357556138554,-0.005905806877117329
014eb732cfd2399148f56ec4,BTCUSDT,1,2025-05-21T23:55:00Z,2025-05-22T00:00:00Z,109609.6,109925.4,-0.00288113449916785,0.00416204420050809,0.004897381251277154,0.00704317869967594,-0.6922402455063138,9,45,3,15,True,True,False,False,True,True,True,True,False,False,0.0014004247803112136,-0.0018356056403818378,0.0014004247803112136,-0.0030134221819985508,0.0014004247803112136,-0.0030763728724491016,0.0014004247803112136,-0.0004397425043061656,0.00416204420050809,0.0026649125624033463,0.00416204420050809,-0.00288113449916785
9c6e2071f3d161ba12f81c54,BNBUSDT,1,2025-05-22T00:55:00Z,2025-05-22T01:00:00Z,676.68,676.62,8.866820358211479e-05,0.002985162853933886,0.0029999408878644065,0.002896494650351771,0.029702970297002956,10,50,2,10,True,False,True,True,True,True,False,True,False,False,0.0026452680735354435,-0.002438375598510509,0.0026452680735354435,-0.0010049063072649757,0.0026452680735354435,-0.0019654785127387257,0.0026452680735354435,-0.0005911213572147706,0.0026452680735354435,0.0018620322752260906,0.002985162853933886,8.866820358211479e-05
1d52182135bee3492f59f750,BTCUSDT,1,2025-05-22T01:55:00Z,2025-05-22T02:00:00Z,109892.5,110440.8,-0.0049894214800828346,0.0009072502673066596,0.009870555315421864,0.005896671747389494,-5.499498495486649,1,5,8,40,True,True,False,False,True,True,True,False,True,False,0.0009072502673066596,-0.0004122210341925328,0.0009072502673066596,-0.0027863593966830956,0.0009072502673066596,-0.0017981208908706765,0.0009072502673066596,-0.004666378506267515,0.0009072502673066596,-0.00495484223218145,0.0009072502673066596,-0.0049894214800828346
db13710797f156289aed1226,BNBUSDT,1,2025-05-22T02:55:00Z,2025-05-22T03:00:00Z,682.07,685.43,-0.0049261805972992505,0.0009969651208821143,0.011611711407919948,0.0059231457181813645,-4.941176470587625,5,25,10,50,True,True,False,False,True,True,True,False,True,False,0.00010262876244381077,-0.0008503526031051464,0.00010262876244381077,-0.001363496415323867,0.00010262876244381077,-5.864500711065377e-05,0.0009969651208821143,-0.002917589103757525,0.0009969651208821143,-0.007330625888838389,0.0009969651208821143,-0.0049261805972992505
79201825ac59d7b427f69519,LTCUSDT,1,2025-05-22T03:55:00Z,2025-05-22T04:00:00Z,99.55,99.27,0.0028126569563033765,0.007332998493219528,0.0016072325464590316,0.004520341536916151,0.38356164383561586,5,25,10,50,True,False,True,True,True,False,False,False,True,False,0.004018081366147579,0.0025113008538422904,0.004520341536916151,0.002209944751381204,0.004520341536916151,0.0035158211953791496,0.007332998493219528,0.003114013058764463,0.007332998493219528,-0.000100452034153743,0.007332998493219528,0.0028126569563033765
09cc6e504d4d1ea5ec872f85,XRPUSDT,1,2025-05-22T06:55:00Z,2025-05-22T07:00:00Z,2.3946,2.4047,-0.004217823436064478,0.004009020295665361,0.005303599766140548,0.00822684373172984,-1.052083333333303,6,30,12,60,True,True,False,False,True,True,True,False,True,False,0.001252818842395437,-0.0008769731896767688,0.001252818842395437,-0.0017539463793535377,0.001252818842395437,-0.0033826108744674575,0.004009020295665361,0.0007516913054373364,0.004009020295665361,-0.0022550739163116383,0.004009020295665361,-0.004217823436064478
ff116e76be233b93ef077290,LTCUSDT,1,2025-05-22T07:55:00Z,2025-05-22T08:00:00Z,99.05,98.83,0.002221100454315991,0.004543160020191851,0.0083796062594649,0.00232205956587586,0.4888888888888833,11,55,4,20,True,False,True,True,True,False,False,True,False,False,0.001514386673397188,0.000807672892478529,0.001514386673397188,-0.0014134275618374616,0.001514386673397188,-0.0030287733467945195,0.001514386673397188,-0.002624936900555327,0.0023220595658758605,-0.00010095911155986992,0.004543160020191851,0.002221100454315991
103f78fbd3887861dca7198d,LTCUSDT,1,2025-05-22T08:55:00Z,2025-05-22T09:00:00Z,98.83,98.97,-0.0014165739148032032,0.0037438024891227823,0.005969847212384938,0.005160376403925986,-0.37837837837837524,2,10,7,35,True,True,False,False,True,True,True,False,True,False,0.0030355155317211085,-0.0005059192552868274,0.0037438024891227823,0.0006071031063442505,0.0037438024891227823,0.0,0.0037438024891227823,-0.00546392795709811,0.0037438024891227823,-0.0021248608722048766,0.0037438024891227823,-0.0014165739148032032
f4e2af590df0e0c9d83b7692,LINKUSDT,1,2025-05-22T09:55:00Z,2025-05-22T10:00:00Z,16.598,16.542,0.0033739004699359794,0.0050006024822266786,0.004277623810097693,0.0016267020122906991,0.6746987951807043,12,60,6,30,True,False,True,True,False,False,False,True,False,False,0.0018676949030002896,0.0013857091215808946,0.003735389806000579,0.0018676949030002896,0.003735389806000579,-0.0009639715628390042,0.003735389806000579,-0.0024099289070974033,0.003735389806000579,0.0014459573442581852,0.0050006024822266786,0.0033739004699359794
991e2a4332b39560ddff9072,ADAUSDT,1,2025-05-22T12:55:00Z,2025-05-22T13:00:00Z,0.8048,0.7975,0.009070576540755434,0.012052683896620193,0.0004970178926442184,0.002982107355864759,0.7525773195876314,8,40,1,5,True,False,True,False,False,False,False,True,False,False,0.007331013916500877,0.006958250497017817,0.010064612326043733,0.008200795228628155,0.010064612326043733,0.008697813121272375,0.010064612326043733,0.003976143141153058,0.012052683896620193,0.007206759443339856,0.012052683896620193,0.009070576540755434
72113aa9607076c78176fe1c,BTCUSDT,1,2025-05-22T14:55:00Z,2025-05-22T15:00:00Z,110852.6,111250.6,-0.003590353316025064,0.0010527493265833335,0.005819439507959139,0.0046431026426083976,-3.4104541559551014,1,5,10,50,True,True,False,False,True,True,True,False,True,False,0.0010527493265833335,-0.0002580002634127776,0.0010527493265833335,-0.0005160005268256864,0.0010527493265833335,-0.00042759484215971637,0.0010527493265833335,-0.0019945404979223877,0.0010527493265833335,-0.005454991583417954,0.0010527493265833335,-0.003590353316025064
4af6bbf3338668c6a38fdc21,BTCUSDT,1,2025-05-22T15:55:00Z,2025-05-22T16:00:00Z,111251.0,111228.0,0.0002067397146991937,0.0017968377812333748,0.004462881232528247,0.001590098066534181,0.11505752876438553,7,35,4,20,True,False,True,True,True,True,False,True,False,False,0.0006642636920117049,-0.0009689800541118994,0.0006642636920117049,-0.0007604426027631735,0.0006642636920117049,-0.0020539141221202505,0.0006642636920117049,0.0003316824118434367,0.0017968377812333748,-0.0011927982669818437,0.0017968377812333748,0.0002067397146991937
1eceb58b6ba2962f25d740b7,LTCUSDT,1,2025-05-22T16:55:00Z,2025-05-22T17:00:00Z,98.88,99.03,-0.0015169902912621936,0.001719255663430438,0.0051577669902913145,0.003236245954692632,-0.8823529411764952,1,5,8,40,True,True,False,False,True,True,True,False,True,False,0.001719255663430438,0.0003033980582524387,0.001719255663430438,0.0006067961165048774,0.001719255663430438,-0.0006067961165048774,0.001719255663430438,-0.0028317152103559985,0.001719255663430438,-0.003438511326860876,0.001719255663430438,-0.0015169902912621936
9743aa77ebd2d60673bf8246,SOLUSDT,1,2025-05-22T17:55:00Z,2025-05-22T18:00:00Z,178.99,179.26,-0.0015084641600088373,0.0031845354489078805,0.004972344823733093,0.004692999608916718,-0.4736842105262659,2,10,9,45,True,True,False,False,True,True,True,False,True,False,0.0017878093748255298,0.0010056427733393307,0.0031845354489078805,0.0016202022459356413,0.0031845354489078805,-0.0002793452148163749,0.0031845354489078805,-0.0023464998044582797,0.0031845354489078805,-0.0027375831052013,0.0031845354489078805,-0.0015084641600088373
169a391c035a8f777aee69f6,LINKUSDT,1,2025-05-22T18:55:00Z,2025-05-22T19:00:00Z,16.786,16.655,0.007804122483021579,0.010127487191707476,0.0010723221732394333,0.002323364708685897,0.7705882352941112,10,50,1,5,True,False,True,False,False,False,False,True,False,False,0.0030382461575123275,0.0030382461575123275,0.003931847968545365,0.0019659239842726825,0.003931847968545365,0.0013106159895151922,0.004706302871440523,0.0027999523412367802,0.007506255212677304,0.006791373763850873,0.010127487191707476,0.007804122483021579
7ce3da435cf4c2b49d033b9c,LTCUSDT,1,2025-05-22T20:55:00Z,2025-05-22T21:00:00Z,99.55,99.46,0.0009040683073832588,0.005323957810145667,0.0019085886489201179,0.004419889502762409,0.16981132075472302,6,30,1,5,True,False,True,True,True,True,False,True,False,False,0.0015067805123052886,0.0015067805123052886,0.0042189854344550646,0.0036162732295328924,0.004620793571069751,0.0025113008538422904,0.005323957810145667,0.0038171772978402357,0.005323957810145667,0.0005022601707684295,0.005323957810145667,0.0009040683073832588
d148b864bbb26e2a139f09a0,XRPUSDT,1,2025-05-23T02:55:00Z,2025-05-23T03:00:00Z,2.4603,2.4728,-0.005080681217737566,0.0010567816932895004,0.0067471446571556095,0.006137462911027066,-4.807692307691913,7,35,12,60,True,True,False,False,True,True,True,False,True,False,0.00016258179896758767,-0.001097427143031307,0.00016258179896758767,-0.002235499735804601,0.00016258179896758767,-0.002032272487095026,0.00016258179896758767,-0.001097427143031307,0.0010567816932895004,-0.0036174450270290964,0.0010567816932895004,-0.005080681217737566
da0ea508f143cf9075a2cd2b,LTCUSDT,1,2025-05-23T03:55:00Z,2025-05-23T04:00:00Z,102.1,101.34,0.007443682664054759,0.014005876591576814,0.0033300685602350973,0.006562193927522055,0.5314685314685278,9,45,1,5,True,False,True,True,False,False,False,True,False,False,9.794319294800104e-05,-0.0032321253672870963,0.001371204701273267,0.0004897159647404227,0.004015670910871661,0.0035259549461312384,0.009990205680705152,0.0068560235063661965,0.014005876591576814,0.01155729676787456,0.014005876591576814,0.007443682664054759
8fcc7b8808b6352883fdd2a0,LINKUSDT,1,2025-05-23T05:55:00Z,2025-05-23T06:00:00Z,16.941,16.624,0.018712000472227153,0.023021073136178537,0.00041319874859816125,0.004309072663951384,0.812820512820512,12,60,1,5,True,False,True,False,False,False,False,True,False,False,0.0034236467740983312,0.002302107313617728,0.007909804616020326,0.007555634260079105,0.013753615489050266,0.013163331562481494,0.01841685850894266,0.014225842630305158,0.01841685850894266,0.014343899415618828,0.023021073136178537,0.018712000472227153
a9d682f9cb49da2c8671ed3e,SUIUSDT,1,2025-05-23T08:55:00Z,2025-05-23T09:00:00Z,3.8556,3.8949,-0.010192966075318988,0.0019711588339039452,0.012890341321713891,0.012164124909222933,-5.171052631578898,1,5,11,55,True,True,False,False,True,True,True,False,True,False,0.0019711588339039452,-0.0008558979147215227,0.0019711588339039452,-0.0025158211432721347,0.0019711588339039452,-0.0037866998651312814,0.0019711588339039452,-0.0043313621744994705,0.0019711588339039452,-0.0072881004253553885,0.0019711588339039452,-0.010192966075318988
055e5ad5ea48eeaccf2a6510,SUIUSDT,1,2025-05-24T03:55:00Z,2025-05-24T04:00:00Z,3.6651,3.6728,-0.0021008976562713875,0.0030012823661017918,0.005429592644129833,0.005102180022373179,-0.7000000000000444,2,10,12,60,True,True,False,False,True,True,True,False,True,False,0.0021827508117104604,0.0021008976562712665,0.0030012823661017918,-2.7284385146438307e-05,0.0030012823661017918,8.185315543907259e-05,0.0030012823661017918,-0.0014460724127582012,0.0030012823661017918,-0.001418788027611884,0.0030012823661017918,-0.0021008976562713875
a1b3d46f8ec0448d27901a43,LINKUSDT,1,2025-05-24T05:55:00Z,2025-05-24T06:00:00Z,15.772,15.728,0.0027897539944205228,0.007481612985036795,0.00196550849606902,0.0046918589906162714,0.37288135593220645,10,50,2,10,True,False,True,True,True,False,False,True,False,False,0.0015850874968298474,0.0,0.0015850874968298474,-0.0013948769972102614,0.0015850874968298474,0.000951052498097931,0.004565051990869956,0.0011412629977175172,0.00678417448643172,0.004057823991884355,0.007481612985036795,0.0027897539944205228
050af10c3d70c79202dbde2f,LINKUSDT,1,2025-05-24T17:55:00Z,2025-05-24T18:00:00Z,15.551,15.462,0.0057231046234969074,0.006494759179474044,0.0026364863995884747,0.0007716545559771368,0.8811881188118778,11,55,5,25,True,False,True,False,False,False,False,True,False,False,0.0008359591023085268,-0.0002572181853256742,0.0008359591023085268,0.0005144363706514626,0.0008359591023085268,-0.0013503954729598752,0.000964568194971421,0.0004501318243199584,0.0036653591408912856,0.0025078773069255804,0.006494759179474044,0.0057231046234969074
e973d214a1770f0c689ddd3f,ETHUSDT,1,2025-05-25T09:55:00Z,2025-05-25T10:00:00Z,2494.2,2491.52,0.0010744928233501069,0.0027583994868092595,0.0030230133910672616,0.0016839066634591526,0.389534883720926,12,60,2,10,True,False,True,True,True,False,False,True,False,False,0.001226846283377414,-0.000741720792238138,0.0014633950765775144,0.0005292278085156399,0.0014633950765775144,-0.0006695533638040545,0.0014633950765775144,0.0006976184748615917,0.0014633950765775144,-0.0003407906342716558,0.0027583994868092595,0.0010744928233501069
1ba15e68a6c95a6540bcf479,AVAXUSDT,1,2025-05-25T11:55:00Z,2025-05-25T12:00:00Z,22.35,22.472,-0.005458612975391493,0.003982102908277502,0.005816554809843355,0.009440715883668994,-1.3707865168538977,3,15,5,25,True,True,False,False,True,True,True,False,True,False,0.001387024608501224,0.0004026845637584045,0.0015212527964206923,0.0008948545861298937,0.003982102908277502,0.001610738255033618,0.003982102908277502,-0.002997762863534683,0.003982102908277502,-0.0025950782997762787,0.003982102908277502,-0.005458612975391493
33c2f5009bde6745f1dcc939,ADAUSDT,1,2025-05-25T20:55:00Z,2025-05-25T21:00:00Z,0.746,0.7437,0.0030831099195710037,0.006702412868632714,0.005093833780160892,0.0036193029490617103,0.4599999999999933,7,35,3,15,True,False,True,True,True,False,False,True,False,False,0.0013404825737265427,-0.0001340482573726394,0.0013404825737265427,-0.0026809651474530853,0.0013404825737265427,-0.004289544235924907,0.002546916890080446,0.0013404825737265427,0.006702412868632714,0.0026809651474530853,0.006702412868632714,0.0030831099195710037
01bfa285eb63eaabb937c615,ADAUSDT,1,2025-05-25T22:55:00Z,2025-05-25T23:00:00Z,0.7583,0.7593,-0.0013187392852433086,0.006329948569167911,0.0022418567849136688,0.007648687854411219,-0.20833333333333234,5,25,12,60,True,True,False,False,True,True,True,False,True,False,0.002109982856389206,-0.0005274957140974113,0.002109982856389206,-0.00092311749967036,0.0023737307134379846,0.0014506132137676248,0.006329948569167911,0.005011209283924602,0.006329948569167911,-0.0005274957140974113,0.006329948569167911,-0.0013187392852433086
7d9db0e295f3297a0994d9e7,AVAXUSDT,1,2025-05-26T01:55:00Z,2025-05-26T02:00:00Z,23.553,23.261,0.012397571434636843,0.01286460323525669,0.0012312656561796762,0.00046703180061984616,0.9636963696369664,12,60,1,5,True,False,True,False,False,False,False,True,False,False,0.0009340636012398428,-0.00021228718209990256,0.004373115951258928,0.003948541587058972,0.005901583662378438,0.00526472211607873,0.007047934445718183,0.00377871184137911,0.009552923194497576,0.008746231902517705,0.01286460323525669,0.012397571434636843
8c48468ff34fcae0559dbdea,DOGEUSDT,1,2025-05-26T03:55:00Z,2025-05-26T04:00:00Z,0.2271,0.22758,-0.0021136063408190584,0.0024658740642888814,0.005372082782915011,0.00457948040510794,-0.8571428571428641,1,5,5,25,True,True,False,False,True,True,True,False,True,False,0.0024658740642888814,0.0009247027741082694,0.0024658740642888814,-0.0006164685160722203,0.0024658740642888814,0.00017613386173485025,0.0024658740642888814,-0.0031263760457948754,0.0024658740642888814,-0.0017173051519154621,0.0024658740642888814,-0.0021136063408190584
76b5bc66a6dea17567f24ef7,DOGEUSDT,1,2025-05-26T04:55:00Z,2025-05-26T05:00:00Z,0.22758,0.22768,-0.0004394059231917962,0.002900079093066148,0.0025485543545126863,0.0033394850162579443,-0.1515151515151362,3,15,8,40,True,True,False,False,True,True,True,False,True,False,0.001889445469724992,0.0010106336233412776,0.001889445469724992,0.0007030494771069227,0.002900079093066148,0.0019773266543633267,0.002900079093066148,-0.0007909306617452576,0.002900079093066148,0.0007030494771069227,0.002900079093066148,-0.0004394059231917962
744619665d2934ffef619b81,SUIUSDT,1,2025-05-26T05:55:00Z,2025-05-26T06:00:00Z,3.6223,3.6322,-0.0027330701488004912,0.003809734146812869,0.0032852055323964882,0.00654280429561336,-0.7173913043478142,8,40,12,60,True,True,False,False,True,True,True,False,True,False,0.0020981144576650334,0.00016564061507879908,0.0020981144576650334,-0.0003588879993374593,0.0020981144576650334,0.0005245286144162583,0.0020981144576650334,-0.0005521353835959969,0.003809734146812869,0.00320238522485715,0.003809734146812869,-0.0027330701488004912
389c4a786f81076e63e47414,LINKUSDT,1,2025-05-26T06:55:00Z,2025-05-26T07:00:00Z,15.795,15.922,-0.008040519151630305,0.0005064893953782285,0.008103830326052556,0.008547008547008534,-15.875000000001831,1,5,12,60,True,True,False,False,True,True,True,False,True,False,0.0005064893953782285,-0.0022158911047800026,0.0005064893953782285,-0.006394428616650894,0.0005064893953782285,-0.002785691674580594,0.0005064893953782285,-0.0034188034188034357,0.0005064893953782285,-0.006900918012029122,0.0005064893953782285,-0.008040519151630305
e80da44f7b163d4030fbfca1,SOLUSDT,1,2025-05-26T07:55:00Z,2025-05-26T08:00:00Z,178.08,177.35,0.004099281221922833,0.005446990116801431,0.0010107816711589083,0.0013477088948785979,0.7525773195876485,12,60,1,5,True,False,True,False,False,False,False,True,False,False,0.001740790655885008,0.0006738544474393786,0.001740790655885008,0.0005615453728662552,0.0026954177897575145,0.0007861635220126616,0.0026954177897575145,0.002246181491464542,0.004492362982929084,0.0039308176100629885,0.005446990116801431,0.004099281221922833
826d0ed42f48d0c0fd952318,LTCUSDT,1,2025-05-26T08:55:00Z,2025-05-26T09:00:00Z,96.7,96.62,0.0008273009307135294,0.0033092037228542644,0.002998965873836526,0.002481902792140735,0.2499999999999889,9,45,5,25,True,False,True,True,True,True,False,True,False,False,0.001758014477766305,-0.0004136504653566912,0.001758014477766305,-0.0018614270941054044,0.001758014477766305,-0.002171664943122996,0.001758014477766305,-0.0019648397104446505,0.0033092037228542644,0.002171664943123143,0.0033092037228542644,0.0008273009307135294
51890b653ea4bad0d5f9eb00,AVAXUSDT,1,2025-05-26T10:55:00Z,2025-05-26T11:00:00Z,23.581,23.687,-0.004495144395912033,0.0027988634917941965,0.006361053390441547,0.00729400788770623,-1.6060606060606566,8,40,10,50,True,True,False,False,True,True,True,False,True,False,0.001781094949323525,0.0015690598363088518,0.0024172002883676947,-0.000593698316441175,0.0024172002883676947,-0.0003816632034265019,0.0024172002883676947,-0.0028412705143971914,0.0027988634917941965,-0.003816632034264868,0.0027988634917941965,-0.004495144395912033
2a259779feb9f4f1f639993d,AVAXUSDT,1,2025-05-26T11:55:00Z,2025-05-26T12:00:00Z,23.687,23.773,-0.003630683497276925,0.005741545995693958,0.0058681977455988235,0.009372229492970882,-0.6323529411764468,5,25,11,55,True,True,False,False,True,True,True,False,True,False,0.00282855574787859,0.0021530797483852717,0.004052855996960362,0.002955207497783606,0.004052855996960362,0.002321948748258526,0.005741545995693958,0.004010638746992123,0.005741545995693958,0.0010976484991767552,0.005741545995693958,-0.003630683497276925
f493001aa04e5b2da4e8597a,XRPUSDT,1,2025-05-26T13:55:00Z,2025-05-26T14:00:00Z,2.3229,2.3205,0.0010331912695338498,0.0051229067114383926,0.0011192905419947967,0.004089715441904543,0.20168067226891856,8,40,1,5,True,False,True,True,True,True,False,True,False,False,0.0018941839941454231,0.00017219854492246762,0.0019372336303758967,0.0005165956347670204,0.0019372336303758967,-0.0008179430883809086,0.0038314176245211285,0.0013775883593784026,0.0051229067114383926,0.0036161694433683787,0.0051229067114383926,0.0010331912695338498
d76bf50fc6186f24d5219f05,LTCUSDT,1,2025-05-26T15:55:00Z,2025-05-26T16:00:00Z,97.15,95.84,0.013484302624807022,0.013896037056098903,0.002470406587750848,0.0004117344312918811,0.9703703703703659,12,60,2,10,True,False,True,False,False,False,False,True,False,False,0.00041173443129188114,-0.0005146680391147416,0.00041173443129188114,-0.0014410705095213646,0.0008234688625837623,0.000514668039114888,0.011116829644879181,0.007205352547606823,0.011116829644879181,0.007308286155429829,0.013896037056098903,0.013484302624807022
2e56b1c04b659df0838ff78b,ETHUSDT,1,2025-05-26T22:55:00Z,2025-05-26T23:00:00Z,2558.6,2562.43,-0.001496912373954478,0.0026225279449699195,0.001954193699679512,0.0041194403189243976,-0.5707898658718192,1,5,11,55,True,True,False,False,True,True,True,False,True,False,0.0026225279449699195,0.0010161807238333108,0.0026225279449699195,8.207613538655374e-05,0.0026225279449699195,0.0003165793793480597,0.0026225279449699195,0.0009653716876416009,0.0026225279449699195,-0.0004768232627219005,0.0026225279449699195,-0.001496912373954478
536f7532150b7f58eec5e9e8,SUIUSDT,1,2025-05-26T23:55:00Z,2025-05-27T00:00:00Z,3.4884,3.4719,0.004729962160302643,0.0059912854030501495,0.007395940832473417,0.001261323242747507,0.7894736842105085,11,55,4,20,True,False,True,False,False,False,False,True,False,False,0.0011753239307418215,0.0009746588693957315,0.00120399036807705,-0.0015479876160990281,0.00120399036807705,-0.004127966976264244,0.00120399036807705,0.0004013301226923076,0.005331957344341168,0.003583304666895922,0.0059912854030501495,0.004729962160302643
4715576d4b19d7301accf9ec,DOGEUSDT,1,2025-05-27T02:55:00Z,2025-05-27T03:00:00Z,0.22311,0.22416,-0.004706198736049462,0.0,0.010981130384115493,0.004706198736049462,,1,5,4,20,False,False,False,False,False,False,False,False,True,False,0.0,-0.003182286764376265,0.0,-0.004571735915019466,0.0,-0.0079333064407691,0.0,-0.007171350454932501,0.0,-0.006454215409439276,0.0,-0.004706198736049462
77380e1c9fd95461743b2cef,LINKUSDT,1,2025-05-27T03:55:00Z,2025-05-27T04:00:00Z,15.445,15.502,-0.003690514729686007,0.0008416963418582001,0.011006798316607311,0.004532211071544208,-4.384615384615447,1,5,11,55,True,True,False,False,True,True,True,False,True,False,0.0008416963418582001,-0.0008416963418582001,0.0008416963418582001,-0.0038847523470379084,0.0008416963418582001,-0.0037552606021366026,0.0008416963418582001,-0.008934930398187109,0.0008416963418582001,-0.007251537714470709,0.0008416963418582001,-0.003690514729686007
c0022656fa9024e94b677615,ADAUSDT,1,2025-05-27T04:55:00Z,2025-05-27T05:00:00Z,0.7548,0.7551,-0.0003974562798091772,0.006359300476947571,0.002252252252252151,0.0067567567567567485,-0.06249999999999277,4,20,12,60,True,True,False,False,True,True,True,False,True,False,0.001854795972443121,0.001722310545840062,0.004769475357710715,0.004636989931107656,0.004769475357710715,0.003312135665076918,0.006359300476947571,0.00543190249072601,0.006359300476947571,0.0015898251192368559,0.006359300476947571,-0.0003974562798091772
4fb2b2d98ba2aadff24c7279,ETHUSDT,1,2025-05-27T07:55:00Z,2025-05-27T08:00:00Z,2606.97,2634.54,-0.010575495690399263,0.00010356851056973491,0.013989420668438939,0.010679064200968997,-102.1111111111186,1,5,6,30,True,True,False,False,True,True,True,False,True,False,0.00010356851056973491,-0.005232127719153012,0.00010356851056973491,-0.008454259159100573,0.00010356851056973491,-0.007004300011124109,0.00010356851056973491,-0.01163803189142957,0.00010356851056973491,-0.009969428110028208,0.00010356851056973491,-0.010575495690399263
6b93ba8ed2857ac3d2ef94dd,AVAXUSDT,1,2025-05-27T08:55:00Z,2025-05-27T09:00:00Z,23.603,23.635,-0.0013557598610346154,0.0038130746091598463,0.0033470321569290798,0.005168834470194462,-0.3555555555555564,9,45,1,5,True,True,False,False,True,True,True,True,False,False,0.001737067321950615,-0.0027538872177264636,0.001737067321950615,-0.0012710248697198484,0.001737067321950615,-0.0006355124348598489,0.00321992966995723,0.002414947252467998,0.0038130746091598463,0.0009320849044613828,0.0038130746091598463,-0.0013557598610346154
2e112d2747951ad69e0cc938,ADAUSDT,1,2025-05-27T09:55:00Z,2025-05-27T10:00:00Z,0.7675,0.7692,-0.0022149837133550944,0.0016938110749185249,0.003517915309446301,0.003908794788273619,-1.307692307692367,5,25,6,30,True,True,False,False,True,True,True,False,True,False,0.0,-0.0005211726384365693,0.0010423452768728494,-0.00026058631921835703,0.0015635179153094187,0.0,0.0016938110749185249,-0.0026058631921824127,0.0016938110749185249,-0.0006514657980456755,0.0016938110749185249,-0.0022149837133550944
bf002bdf04d114336512787c,LINKUSDT,1,2025-05-27T10:55:00Z,2025-05-27T11:00:00Z,15.916,15.943,-0.0016964061321939712,0.005654687107313386,0.0021990449861774403,0.007351093239507357,-0.2999999999999921,4,20,12,60,True,True,False,False,True,True,True,False,True,False,0.0016335762754460794,0.0009424478512189349,0.0016335762754460794,-0.0003141492837395706,0.003204322694144267,0.0028901734104046966,0.005654687107313386,0.0021990449861774403,0.005654687107313386,0.0001256597134958952,0.005654687107313386,-0.0016964061321939712
126087eaeed42606510996f3,AVAXUSDT,1,2025-05-27T11:55:00Z,2025-05-27T12:00:00Z,23.612,23.608,0.00016940538709121563,0.003345756395053239,0.006056242588514344,0.0031763510079620234,0.05063291139237888,11,55,7,35,True,False,True,True,True,True,False,True,False,False,0.0005929188548195556,0.00042351346772818955,0.0005929188548195556,-0.00046586481450121915,0.001778756564458667,0.0014822971370488137,0.0030069456208706574,-0.004955107572420841,0.0030069456208706574,0.0008046755886836504,0.003345756395053239,0.00016940538709121563
3e80b94e1bb1b09965c12420,SOLUSDT,1,2025-05-27T12:55:00Z,2025-05-27T13:00:00Z,176.96,177.63,-0.0037861663652802185,0.0015257685352622638,0.013618896925858931,0.0053119349005424825,-2.481481481481341,1,5,7,35,True,True,False,False,True,True,True,False,True,False,0.0015257685352622638,0.0010736889692585766,0.0015257685352622638,-0.003051537070524367,0.0015257685352622638,-0.005933544303797372,0.0015257685352622638,-0.009493670886075826,0.0015257685352622638,-0.006894213381555147,0.0015257685352622638,-0.0037861663652802185
8ee1a89830006d7bb94d5e53,ADAUSDT,1,2025-05-27T15:55:00Z,2025-05-27T16:00:00Z,0.7674,0.7686,-0.0015637216575449294,0.003518373729476055,0.005473025801407325,0.005082095387020985,-0.444444444444449,3,15,11,55,True,True,False,False,True,True,True,False,True,False,0.0003909304143861962,-0.0022152723481887347,0.0010424811050300012,0.00013031013812873208,0.003518373729476055,0.00026062027625746415,0.003518373729476055,0.0020849622100598576,0.003518373729476055,-0.0031274433150900037,0.003518373729476055,-0.0015637216575449294
1c29598ccc6d1ee466d4a541,BNBUSDT,1,2025-05-27T16:55:00Z,2025-05-27T17:00:00Z,692.0,690.31,0.0024421965317919865,0.0028468208092485943,0.003265895953757212,0.00040462427745660773,0.8578680203045844,12,60,2,10,True,False,True,False,False,False,False,True,False,False,8.670520231205988e-05,-0.001315028901734058,8.670520231205988e-05,-0.002369942196531772,8.670520231205988e-05,-0.00027456647398851815,0.0017485549132948502,-0.000722543352601156,0.0017485549132948502,-0.0001300578034682541,0.0028468208092485943,0.0024421965317919865
73acc523af67aa5b5e428a63,SOLUSDT,1,2025-05-27T17:55:00Z,2025-05-27T18:00:00Z,178.36,178.48,-0.0006727965911638042,0.002691186364655854,0.004204978694774613,0.0033639829558196584,-0.24999999999994083,9,45,4,20,True,True,False,False,True,True,True,True,False,False,0.0008409957389549544,-0.00039246467817892564,0.0008409957389549544,-0.002298721686476769,0.0008409957389549544,-0.0017941242431037967,0.0008409957389549544,-0.001121327651939833,0.002691186364655854,0.0005606638259700758,0.002691186364655854,-0.0006727965911638042
13fcad9c59fb870b35da910b,ETHUSDT,1,2025-05-27T18:55:00Z,2025-05-27T19:00:00Z,2679.06,2686.84,-0.0029040036430689124,0.00322127910535789,0.0032063484953678326,0.006125282748426802,-0.9015063731170455,8,40,12,60,True,True,False,False,True,True,True,False,True,False,0.0021724037535554128,0.00012317753241805978,0.0021724037535554128,-0.002224660888520614,0.0021724037535554128,-0.0009070345568967609,0.0021724037535554128,-0.0005039080871648672,0.00322127910535789,-0.0005375019596425816,0.00322127910535789,-0.0029040036430689124
b3fd723997631bcef2695ab7,ADAUSDT,1,2025-05-28T02:55:00Z,2025-05-28T03:00:00Z,0.7526,0.7542,-0.00212596332713252,0.0033218176986447748,0.003188944990698854,0.005447781025777295,-0.6399999999999592,2,10,12,60,True,True,False,False,True,True,True,False,True,False,0.002923199574807455,0.002790326866861682,0.0033218176986447748,0.0030560722827532283,0.0033218176986447748,0.0002657454158916941,0.0033218176986447748,0.0010629816635663338,0.0033218176986447748,-0.0013287270794578804,0.0033218176986447748,-0.00212596332713252
0ddf4f86e2f2771f0431f003,ETHUSDT,1,2025-05-28T10:55:00Z,2025-05-28T11:00:00Z,2639.72,2655.99,-0.006163532495870767,0.0001969905899110443,0.007281075265558565,0.006360523085781812,-31.288461538462595,1,5,11,55,True,True,False,False,True,True,True,False,True,False,0.0001969905899110443,-0.0026707378055248975,0.0001969905899110443,-0.0020835543163668876,0.0001969905899110443,-0.0013902989711030234,0.0001969905899110443,-0.0009243404603518763,0.0001969905899110443,-0.0036405376327792826,0.0001969905899110443,-0.006163532495870767
6ee31567adc07e2277eaafe6,ETHUSDT,1,2025-05-28T16:55:00Z,2025-05-28T17:00:00Z,2639.7,2651.56,-0.0044929348031973815,0.0,0.009205591544493762,0.0044929348031973815,,1,5,4,20,False,False,False,False,False,False,False,False,True,False,0.0,-0.005064969504110447,0.0,-0.00608023639049899,0.0,-0.00485661249384406,0.0,-0.004606584081524533,0.0,-0.002576050308747275,0.0,-0.0044929348031973815
2b1f4e191ef4c3913e099717,AVAXUSDT,1,2025-05-28T17:55:00Z,2025-05-28T18:00:00Z,23.119,22.909,0.009083437864959593,0.010337817379644482,0.002595267961416961,0.0012543795146848884,0.8786610878661094,12,60,3,15,True,False,True,False,False,False,False,True,False,False,0.0012976339807085574,-0.0014706518448029291,0.0020762143691335382,8.650893204718594e-05,0.0020762143691335382,-0.0013408884467320736,0.006704442233660675,0.0062718975734244375,0.007310004757991284,0.0036766296120074766,0.010337817379644482,0.009083437864959593
72ee68500b42ad80dac11baa,LTCUSDT,1,2025-05-28T20:55:00Z,2025-05-28T21:00:00Z,94.37,95.09,-0.007629543287061554,0.0012715905478436426,0.008901133834905046,0.008901133834905197,-5.999999999999763,1,5,11,55,True,True,False,False,True,True,True,False,True,False,0.0012715905478436426,0.0002119317579740408,0.0012715905478436426,-0.00042386351594778045,0.0012715905478436426,-0.0018014199427784433,0.0012715905478436426,-0.0037088057645437563,0.0012715905478436426,-0.006569884497191801,0.0012715905478436426,-0.007629543287061554
b832de78d95e11cefda0ee93,LTCUSDT,1,2025-05-28T23:55:00Z,2025-05-29T00:00:00Z,95.33,96.57,-0.013007447812860536,0.004510647225427385,0.014371131857757312,0.01751809503828792,-2.883720930232596,3,15,12,60,True,True,False,False,True,True,True,False,True,False,0.0028322668624776674,0.0008391901814748589,0.003461659498583849,0.003146963180530758,0.004510647225427385,0.0028322668624776674,0.004510647225427385,-0.004510647225427534,0.004510647225427385,-0.004930242316164889,0.004510647225427385,-0.013007447812860536
e71f2d6a84c149e262d5d91e,DOGEUSDT,1,2025-05-29T05:55:00Z,2025-05-29T06:00:00Z,0.22463,0.22469,-0.0002671059074923407,0.0029381649824155006,0.002537506121177113,0.0032052708899078415,-0.09090909090909856,3,15,11,55,True,True,False,False,True,True,True,False,True,False,0.0008013177224768986,-0.00035614120998974643,0.0016916707474513265,0.0016916707474513265,0.0029381649824155006,0.0005787294662333225,0.0029381649824155006,-0.0012464942349641743,0.0029381649824155006,0.00013355295374617036,0.0029381649824155006,-0.0002671059074923407
4c863408ece3f6f6b542fe7b,DOGEUSDT,1,2025-05-29T06:55:00Z,2025-05-29T07:00:00Z,0.22468,0.22429,0.0017358020295531488,0.0043617589460565286,0.0014242478191205925,0.0026259569165033797,0.39795918367347866,2,10,5,25,True,False,True,True,True,False,False,False,True,False,0.003827666013886415,0.0033825885704111755,0.0043617589460565286,0.0033825885704111755,0.0043617589460565286,0.0002670464660851188,0.0043617589460565286,-0.001246216841730472,0.0043617589460565286,0.0012907245860779095,0.0043617589460565286,0.0017358020295531488
95954585a68384d13851fc77,BNBUSDT,1,2025-05-29T20:55:00Z,2025-05-29T21:00:00Z,677.01,678.55,-0.002274707906825547,0.0029541661127605204,0.007769456876560155,0.005228874019586067,-0.7699999999999818,6,30,1,5,True,True,False,False,True,True,True,True,False,False,0.0005317499002969138,-0.0010339581394662493,0.0005317499002969138,-0.0018463538204753253,0.0014770830563802602,0.0006203748836796489,0.0029541661127605204,0.0025996661792292448,0.0029541661127605204,-0.0010191873089024602,0.0029541661127605204,-0.002274707906825547
086757b7cb1dc0d578bd66de,BTCUSDT,1,2025-05-30T01:55:00Z,2025-05-30T02:00:00Z,105621.9,105952.3,-0.0031281391453856517,0.00020734336345013847,0.004801087653223487,0.00333548250883579,-15.08675799087199,1,5,9,45,True,True,False,False,True,True,True,False,True,False,0.00020734336345013847,-0.00215012227577809,0.00020734336345013847,-0.0029179554618882224,0.00020734336345013847,-0.002561968682631214,0.00020734336345013847,-0.0028706167944338406,0.00020734336345013847,-0.004528416928686219,0.00020734336345013847,-0.0031281391453856517
356abecdf334822b41f090e3,LINKUSDT,1,2025-05-30T02:55:00Z,2025-05-30T03:00:00Z,14.661,14.694,-0.0022508696541846565,0.003683241252302044,0.005047404679080544,0.005934110906486701,-0.6111111111111311,1,5,7,35,True,True,False,False,True,True,True,False,True,False,0.003683241252302044,0.001364163426778499,0.003683241252302044,0.0014323715981173876,0.003683241252302044,-0.001023122570083935,0.003683241252302044,-0.0034786167382852575,0.003683241252302044,-0.00204624514016787,0.003683241252302044,-0.0022508696541846565
94b4d02b977f54ad46c4812c,ETHUSDT,1,2025-05-30T20:55:00Z,2025-05-30T21:00:00Z,2576.26,2568.26,0.0031052766413327843,0.005783577744482346,0.0034856730298958812,0.002678301103149562,0.536912751677849,10,50,5,25,True,False,True,True,False,False,False,True,False,False,0.00043862032558829816,-0.0009509909714080947,0.00043862032558829816,-0.0010790836328630436,0.00043862032558829816,-0.0017855340687663159,0.00043862032558829816,-0.0016069806618896666,0.003392514730656159,0.0031712637699611345,0.005783577744482346,0.0031052766413327843
1c34c89004fe5d93299d1d57,XRPUSDT,1,2025-05-31T08:55:00Z,2025-05-31T09:00:00Z,2.1357,2.1416,-0.0027625602846841862,0.0026220911176662583,0.003792667509481771,0.0053846514023504445,-1.053571428571464,6,30,4,20,True,True,False,False,True,True,True,True,False,False,0.001170576391815305,-0.0003745844453808643,0.001170576391815305,-0.0006555227794167205,0.001170576391815305,-0.0025752680619937542,0.0026220911176662583,0.0017324530598866014,0.0026220911176662583,-0.0021538605609401776,0.0026220911176662583,-0.0027625602846841862
f42411b6a4d53592eecea79f,ETHUSDT,1,2025-05-31T10:55:00Z,2025-05-31T11:00:00Z,2518.98,2518.6,0.00015085471103387448,0.004148504553430284,0.0007582434159857777,0.003997649842396409,0.03636363636364744,2,10,1,5,True,False,True,True,True,True,False,True,False,False,0.0003175888653344536,-0.00022628206655081172,0.004148504553430284,0.003819006105645893,0.004148504553430284,0.0030091544990432347,0.004148504553430284,0.0011075911678536405,0.004148504553430284,3.5728747350175676e-05,0.004148504553430284,0.00015085471103387448
fae89abf265ea9092a430f49,XRPUSDT,1,2025-05-31T11:55:00Z,2025-05-31T12:00:00Z,2.1384,2.1611,-0.010615413393191145,4.6763935652715556e-05,0.010849233071455345,0.01066217732884386,-227.00000000052847,1,5,12,60,True,True,False,False,True,True,True,False,True,False,4.6763935652715556e-05,-0.0019640852974186222,4.6763935652715556e-05,-0.003133183688739211,4.6763935652715556e-05,-0.0050037411148521945,4.6763935652715556e-05,-0.005237560793116395,4.6763935652715556e-05,-0.006266367377478629,4.6763935652715556e-05,-0.010615413393191145
47f381c49426804882c3b307,LTCUSDT,1,2025-05-31T12:55:00Z,2025-05-31T13:00:00Z,86.4,86.49,-0.0010416666666665415,0.0012731481481481415,0.007638888888888849,0.002314814814814683,-0.8181818181817242,12,60,2,10,True,True,False,False,True,True,True,True,False,False,0.0009259259259260706,-0.003472222222222189,0.0009259259259260706,-0.007638888888888849,0.0009259259259260706,-0.005208333333333201,0.0009259259259260706,-0.0035879629629628246,0.0009259259259260706,-0.0017361111111110124,0.0012731481481481415,-0.0010416666666665415
741635611b1e00b7f63c0ee1,ETHUSDT,1,2025-05-31T13:55:00Z,2025-05-31T14:00:00Z,2531.65,2541.17,-0.003760393419311509,0.0006517488594395319,0.004732091718839499,0.0044121422787510405,-5.769696969696641,1,5,4,20,True,True,False,False,True,True,True,False,True,False,0.0006517488594395319,-0.0024450457211700094,0.0006517488594395319,-0.0042185926174628545,0.0006517488594395319,-0.003444393972310469,0.0006517488594395319,-0.0022238461082693534,0.0006517488594395319,-0.00310074457369696,0.0006517488594395319,-0.003760393419311509
0a1ab3dd8febf9d5bbe990a5,LTCUSDT,1,2025-05-31T14:55:00Z,2025-05-31T15:00:00Z,87.04,86.98,0.0006893382352941437,0.002068014705882431,0.007123161764705771,0.0013786764705882872,0.33333333333333337,10,50,7,35,True,False,True,True,True,False,False,True,False,False,0.0006893382352941437,-0.0016084558823529476,0.0016084558823529476,-0.0009191176470588039,0.0016084558823529476,0.00034466911764707186,0.0016084558823529476,-0.004365808823529359,0.0016084558823529476,0.0,0.002068014705882431,0.0006893382352941437
e529da42f709e51759bb416a,DOGEUSDT,1,2025-05-31T16:55:00Z,2025-05-31T17:00:00Z,0.19301,0.1915,0.007823428837883962,0.008911455365006992,0.0018651883322107624,0.0010880265271230299,0.8779069767441767,12,60,4,20,True,False,True,False,False,False,False,True,False,False,0.003056836433345316,0.0021242422672400067,0.003056836433345316,0.0017615667581989494,0.003056836433345316,0.00036267550904091366,0.003056836433345316,0.0021242422672400067,0.004352106108491683,0.002227863841251676,0.008911455365006992,0.007823428837883962
3d46376edd7e414e944966d9,ADAUSDT,1,2025-05-31T18:55:00Z,2025-05-31T19:00:00Z,0.6858,0.6889,-0.004520268299795847,0.0,0.01108194808982218,0.004520268299795847,,1,5,2,10,False,False,False,False,False,False,False,False,True,False,0.0,-0.0039370078740158,0.0,-0.010061242344706938,0.0,-0.006561679790026334,0.0,-0.005978419364246125,0.0,-0.005395158938466079,0.0,-0.004520268299795847
7d0541f9aecfc7b535596455,AVAXUSDT,1,2025-05-31T19:55:00Z,2025-05-31T20:00:00Z,20.876,20.98,-0.004981797279172217,0.0036884460624641564,0.006083540908219912,0.008670243341636373,-1.35064935064931,3,15,12,60,True,True,False,False,True,True,True,False,True,False,0.0020118796704350255,0.0016765663920291312,0.002251389155010567,-0.0005748227629814359,0.0036884460624641564,0.0028741138149071793,0.0036884460624641564,-0.0012454493197930543,0.0036884460624641564,-0.0026825062272464737,0.0036884460624641564,-0.004981797279172217
9a9952128f4a1942de817b3b,ADAUSDT,1,2025-05-31T20:55:00Z,2025-05-31T21:00:00Z,0.6897,0.6912,-0.0021748586341888603,0.0,0.007394519356241835,0.0021748586341888603,,1,5,2,10,False,False,False,False,False,False,False,False,True,False,0.0,-0.0037697549659272828,0.0,-0.006669566478178989,0.0,-0.002609830361026568,0.0,-0.003914745541539852,0.0,-0.002029868058576291,0.0,-0.0021748586341888603
3687ade4e4df16f1996e0956,AVAXUSDT,1,2025-05-31T21:55:00Z,2025-05-31T22:00:00Z,20.958,20.842,0.005534879282374256,0.006727741196678989,0.0013360053440214833,0.0011928619143047325,0.8226950354610008,7,35,1,5,True,False,True,False,False,False,False,True,False,False,0.004103444985208442,0.0031968699303368724,0.005773451665235169,0.002528867258326046,0.005773451665235169,0.002099436969176302,0.005773451665235169,0.004437446321213855,0.006727741196678989,0.0025765817348982964,0.006727741196678989,0.005534879282374256
ffc2c8969da48141ecdef1ed,ETHUSDT,2,2025-07-17T09:55:00Z,2025-07-17T10:00:00Z,3465.65,3458.71,0.002002510351593512,0.004882201030109812,0.004896628338118333,0.0028796906785163003,0.4101654846335713,2,10,8,40,True,False,True,True,True,False,False,False,True,False,0.0018178408090834856,0.0017716734234558805,0.004882201030109812,0.0016966514218112357,0.004882201030109812,-3.462553922060533e-05,0.004882201030109812,-0.0010503080230259468,0.004882201030109812,0.002539206209513419,0.004882201030109812,0.002002510351593512
063aeaab7f8ae8f8fcb8eebb,ETHUSDT,2,2025-07-17T10:55:00Z,2025-07-17T11:00:00Z,3458.72,3434.69,0.00694765693667014,0.008014525604847979,0.0008095480408937937,0.001066868668177839,0.8668831168831139,7,35,4,20,True,False,True,False,False,False,False,True,False,False,0.003804875792200541,0.002307211916547167,0.003804875792200541,0.0018561780080491102,0.003804875792200541,0.00014745339316272018,0.006279779802932819,0.0045103390849793885,0.008014525604847979,0.006239302400888169,0.008014525604847979,0.00694765693667014
2a4eb6bd963ae1cfb9309b22,BTCUSDT,2,2025-07-17T21:55:00Z,2025-07-17T22:00:00Z,120254.8,119767.8,0.004049734397296407,0.006681645971720047,0.003752864750513101,0.0026319115744236404,0.6060983198506533,11,55,4,20,True,False,True,True,False,False,False,True,False,False,0.0006128653492417524,-0.0003334586228573934,0.0010511014944934317,0.0006020549699472181,0.0011833207489431016,-0.0014768641251741408,0.0017720706366814948,0.001473537854621995,0.0017720706366814948,0.0007716947681090726,0.006681645971720047,0.004049734397296407
32349bfbdf177dbf720acca7,BTCUSDT,2,2025-07-17T22:55:00Z,2025-07-17T23:00:00Z,119767.8,119176.6,0.004936218248978415,0.005116567224245606,0.0009643660483034672,0.0001803489752671911,0.9647519582245336,12,60,4,20,True,False,True,False,False,False,False,True,False,False,0.0010637249744923822,-0.0001586403023183193,0.001653198939948801,5.84464271696641e-06,0.001653198939948801,0.0004742510090358419,0.002833816768780997,0.0013342484373930464,0.00432336571265401,0.0034040869081672794,0.005116567224245606,0.004936218248978415
981fb6711504ca1ef297c8ca,SOLUSDT,2,2025-07-17T23:55:00Z,2025-07-18T00:00:00Z,175.81,179.76,-0.022467436437062675,0.0033558955690802766,0.023149991468062073,0.02582333200614295,-6.69491525423723,3,15,12,60,True,True,False,False,True,True,True,False,True,False,0.0009669529605825374,-0.005687958591661452,0.0009669529605825374,-0.0005687958591661129,0.0033558955690802766,0.0015357488197486504,0.0033558955690802766,-0.00972640919174113,0.0033558955690802766,-0.019566577555315386,0.0033558955690802766,-0.022467436437062675
a962be369f2d56b86357f97d,BNBUSDT,2,2025-07-18T00:55:00Z,2025-07-18T01:00:00Z,728.87,733.2,-0.0059407027316257235,0.0007271529902451365,0.007257810034711216,0.00666785572187086,-8.169811320755215,1,5,12,60,True,True,False,False,True,True,True,False,True,False,0.0007271529902451365,8.2319206442931e-05,0.0007271529902451365,-0.0009741106095737737,0.0007271529902451365,-0.004335478205990051,0.0007271529902451365,-0.0032653285222330394,0.0007271529902451365,-0.0027302536803545338,0.0007271529902451365,-0.0059407027316257235
b54b86c85e03ec42beec70c5,AVAXUSDT,2,2025-07-18T03:55:00Z,2025-07-18T04:00:00Z,24.333,24.557,-0.009205605556240505,0.004232934697735503,0.010233016890642434,0.01343854025397601,-2.1747572815534424,1,5,12,60,True,True,False,False,True,True,True,False,True,False,0.004232934697735503,0.004232934697735503,0.004232934697735503,0.0015205687749146853,0.004232934697735503,0.0003698680803845308,0.004232934697735503,-0.0009041219742737032,0.004232934697735503,-0.0067809148070522626,0.004232934697735503,-0.009205605556240505
f3e0121c6b4c2ac98d6a32e2,ETHUSDT,2,2025-07-18T04:55:00Z,2025-07-18T05:00:00Z,3619.27,3670.04,-0.014027690666902437,0.0010913803059732538,0.015240642449996782,0.01511907097287569,-12.853164556962613,1,5,12,60,True,True,False,False,True,True,True,False,True,False,0.0010913803059732538,-0.0015804292025739445,0.0010913803059732538,-0.005346382005210971,0.0010913803059732538,-0.003119413583402168,0.0010913803059732538,-0.006189093380709395,0.0010913803059732538,-0.00821436367002186,0.0010913803059732538,-0.014027690666902437
b57a7215d9da4867d259aa34,AVAXUSDT,2,2025-07-18T05:55:00Z,2025-07-18T06:00:00Z,24.972,24.745,0.009090181002723062,0.01717924074963968,0.00012013455069678494,0.008089059746916616,0.5291375291375273,3,15,1,5,True,False,True,True,False,False,False,True,False,False,0.008129104597148924,0.006967803940413384,0.014616370334775027,0.013174755726413608,0.01717924074963968,0.010852154412942527,0.01717924074963968,0.014736504885471811,0.01717924074963968,0.008849911901329492,0.01717924074963968,0.009090181002723062
0dc9e408736efaf97a482c3d,AVAXUSDT,2,2025-07-18T12:55:00Z,2025-07-18T13:00:00Z,24.472,24.368,0.004249754821837314,0.011850277868584615,0.00192056227525323,0.007600523046747301,0.35862068965517857,5,25,9,45,True,False,True,True,True,False,False,False,True,False,0.004699248120300833,0.004699248120300833,0.007804838182412655,0.004331480876103369,0.00788656423667871,0.0076822491010135,0.011850277868584615,0.005353056554429561,0.011850277868584615,0.003963713631905905,0.011850277868584615,0.004249754821837314
b3aeee7f2822482e6f1912a9,SOLUSDT,2,2025-07-18T21:55:00Z,2025-07-18T22:00:00Z,175.91,175.88,0.00017054175430618576,0.006253197657893209,0.005912114149280837,0.006082655903587023,0.027272727272728444,1,5,8,40,True,False,True,True,True,True,False,False,True,False,0.006253197657893209,0.005627877892103969,0.006253197657893209,0.005229947132056094,0.006253197657893209,0.002387584560286439,0.006253197657893209,-0.003808765846171428,0.006253197657893209,-0.002842362571769655,0.006253197657893209,0.00017054175430618576
ba8f99ac7f1261a0d38fc44d,LINKUSDT,2,2025-07-19T01:55:00Z,2025-07-19T02:00:00Z,17.935,18.059,-0.006913855589629347,0.008084750487872851,0.009422916085865653,0.014998606077502198,-0.855172413793122,4,20,10,50,True,True,False,False,True,True,True,False,True,False,0.006690827989963616,0.006690827989963616,0.0074714245887928825,0.005854474491218313,0.0074714245887928825,0.004572065793141745,0.008084750487872851,0.0036241984945635758,0.008084750487872851,-0.0071368831892946825,0.008084750487872851,-0.006913855589629347
5d7751916fd13080fafecd24,ETHUSDT,2,2025-07-19T04:55:00Z,2025-07-19T05:00:00Z,3589.21,3584.82,0.0012231103780497303,0.004265562616843245,0.001602023843687051,0.003042452238793515,0.2867406923579287,4,20,9,45,True,False,True,True,True,False,False,False,True,False,0.001058728801045406,0.000529364400522703,0.003262556384273987,0.0030145909545555047,0.0038337127111537687,0.0024629375266423934,0.004265562616843245,0.0020505905199194605,0.004265562616843245,-0.0007633991881221165,0.004265562616843245,0.0012231103780497303
b94f3962e63938400ef21d25,SOLUSDT,2,2025-07-19T07:55:00Z,2025-07-19T08:00:00Z,176.98,176.0,0.00553734885297768,0.009210080235054784,0.0009040569555881829,0.0036727313820771037,0.601226993865026,7,35,2,10,True,False,True,True,False,False,False,True,False,False,0.0009040569555881829,-0.0002825177986213774,0.0009040569555881829,0.0009040569555881829,0.004802802576562292,0.004520284777940914,0.007797491241948218,0.005593852412701892,0.009210080235054784,0.006893434286360035,0.009210080235054784,0.00553734885297768
293790eb87d7689abba04df7,XRPUSDT,2,2025-07-19T09:55:00Z,2025-07-19T10:00:00Z,3.4549,3.4285,0.007641321022316061,0.00992792844944861,0.00046311036498893396,0.0022866074271325485,0.7696793002915382,11,55,1,5,True,False,True,False,False,False,False,True,False,False,0.003936438102405231,0.0036759385220989644,0.005586268777678044,0.005441546788618978,0.005875712755796047,0.005470491186430842,0.009870039653825009,0.007178210657327255,0.009870039653825009,0.0038496049089697666,0.00992792844944861,0.007641321022316061
5e1262c4b43edaddaa99ff86,AVAXUSDT,2,2025-07-19T10:55:00Z,2025-07-19T11:00:00Z,23.607,23.585,0.0009319269708136766,0.00855678400474428,0.004066590418096331,0.007624857033930603,0.10891089108910228,4,20,2,10,True,False,True,True,True,True,False,True,False,False,0.0007624857033930903,-0.0022874571101792708,0.0007624857033930903,-0.0027957809124411807,0.005718642775447876,0.005125598339475523,0.00855678400474428,-0.0030923031304274325,0.00855678400474428,-0.0021603761596137557,0.00855678400474428,0.0009319269708136766
42eba825d9383b6c2030c989,SOLUSDT,2,2025-07-19T12:55:00Z,2025-07-19T13:00:00Z,177.34,177.46,-0.0006766662907409753,0.0024247208751551077,0.0028758317356489846,0.003101387165896083,-0.2790697674418666,2,10,4,20,True,True,False,False,True,True,True,False,True,False,0.0006766662907409753,-0.0010713882936731573,0.0024247208751551077,0.0006766662907409753,0.0024247208751551077,-0.0023119431600315586,0.0024247208751551077,-0.000845832863426219,0.0024247208751551077,-0.0017480545844141325,0.0024247208751551077,-0.0006766662907409753
d03c06996012f35c110a17ed,ETHUSDT,2,2025-07-19T13:55:00Z,2025-07-19T14:00:00Z,3557.83,3531.0,0.007541113543929847,0.009025164215266083,0.0007757537600167007,0.0014840506713362364,0.8355652444721214,12,60,2,10,True,False,True,False,False,False,False,True,False,False,0.0022766686435270684,8.994246492938363e-05,0.0023047756638175008,0.0023047756638175008,0.004246970765888231,0.003842229673705622,0.004654522560099821,0.00390968652240266,0.00585469232650237,0.002841619751365334,0.009025164215266083,0.007541113543929847
c8346e8d5c015ae8144b576f,XRPUSDT,2,2025-07-19T15:55:00Z,2025-07-19T16:00:00Z,3.4106,3.445,-0.010086201841318174,0.001641939834633282,0.014777458511698757,0.011728141675951455,-6.142857142856803,1,5,10,50,True,True,False,False,True,True,True,False,True,False,0.001641939834633282,-0.003606403565354998,0.001641939834633282,-0.003166598252506932,0.001641939834633282,-0.0016419398346331517,0.001641939834633282,-0.006714361109482179,0.001641939834633282,-0.008033777048026767,0.001641939834633282,-0.010086201841318174
c910b09785226dbd8e449ad7,XRPUSDT,2,2025-07-19T16:55:00Z,2025-07-19T17:00:00Z,3.4449,3.4256,0.005602484832651128,0.0071700194490406585,0.00238033034340619,0.0015675346163895303,0.7813765182186131,12,60,1,5,True,False,True,False,False,False,False,True,False,False,0.0010740514964150654,-0.0008418241458387479,0.0021481029928300016,0.0011611367528810716,0.0028738134633806553,0.0019449040610757724,0.003541467096287262,0.00043542628233041793,0.004238149148015956,0.0036575807715753562,0.0071700194490406585,0.005602484832651128
57d8b4611b6f007c2e1a2753,LINKUSDT,2,2025-07-19T18:55:00Z,2025-07-19T19:00:00Z,18.182,18.364,-0.01000989990100111,0.000384996150038384,0.018259817401826025,0.010394896051039495,-26.00000000000812,1,5,8,40,True,True,False,False,True,True,True,False,True,False,0.000384996150038384,-0.004564954350456603,0.000384996150038384,-0.0014299857001429878,0.000384996150038384,-0.00434495655043453,0.000384996150038384,-0.01363986360136405,0.000384996150038384,-0.01666483335166653,0.000384996150038384,-0.01000989990100111
1da78f5d898b7574242d541a,SUIUSDT,2,2025-07-19T19:55:00Z,2025-07-19T20:00:00Z,3.7874,3.8225,-0.009267571421027593,0.0006864867719278961,0.016370069176744013,0.00995405819295549,-13.500000000001451,1,5,10,50,True,True,False,False,True,True,True,False,True,False,0.0006864867719278961,-0.0006336800971643291,0.0006864867719278961,-0.005043037439932497,0.0006864867719278961,-0.006812061044516098,0.0006864867719278961,-0.008897924697681804,0.0006864867719278961,-0.012937635317104065,0.0006864867719278961,-0.009267571421027593
a95c727832a3122d85c7b87a,XRPUSDT,2,2025-07-19T21:55:00Z,2025-07-19T22:00:00Z,3.4039,3.422,-0.005317430006756957,0.0030553188989101286,0.007256382384911343,0.008372748905667086,-1.7403846153845846,1,5,12,60,True,True,False,False,True,True,True,False,True,False,0.0030553188989101286,0.002555891771203664,0.0030553188989101286,-0.0006463174593847521,0.0030553188989101286,-0.0021739769088398816,0.0030553188989101286,-0.003260965363259757,0.0030553188989101286,-0.006786333323540615,0.0030553188989101286,-0.005317430006756957
c965cb93e42c4e021770543f,SUIUSDT,2,2025-07-19T22:55:00Z,2025-07-19T23:00:00Z,3.8176,3.8348,-0.004505448449287479,0.001990779547359611,0.009822925398155933,0.00649622799664709,-2.2631578947368114,1,5,10,50,True,True,False,False,True,True,True,False,True,False,0.001990779547359611,-0.0014145012573344115,0.001990779547359611,-0.0023051131601005653,0.001990779547359611,-0.002645641240569991,0.001990779547359611,-0.0030123637887677713,0.001990779547359611,-0.008932313495389779,0.001990779547359611,-0.004505448449287479
babe4f4a6d3d46b8b1a0e076,LINKUSDT,2,2025-07-19T23:55:00Z,2025-07-20T00:00:00Z,18.391,18.425,-0.0018487303572400889,0.003914958403566917,0.009624272742102287,0.005763688760807006,-0.472222222222262,3,15,5,25,True,True,False,False,True,True,True,False,True,False,0.001576858245881133,-0.0004349953781742522,0.0033168397585775626,0.002229351313142125,0.003914958403566917,0.0032624653363057324,0.003914958403566917,-0.003208090914034096,0.003914958403566917,-0.0005437442227177187,0.003914958403566917,-0.0018487303572400889
c468636e5e686810ef7d84e4,ETHUSDT,2,2025-07-20T01:55:00Z,2025-07-20T02:00:00Z,3604.13,3615.21,-0.003074250928795556,0.002480487662764677,0.005354967773082471,0.005554738591560233,-1.2393736017896932,1,5,8,40,True,True,False,False,True,True,True,False,True,False,0.002480487662764677,-0.001351227619425462,0.002480487662764677,-0.00023029136018954012,0.002480487662764677,-0.001104288691029463,0.002480487662764677,-0.0005077508302974441,0.002480487662764677,-0.003343386614800167,0.002480487662764677,-0.003074250928795556
d173bafcc044898a41b49db9,AVAXUSDT,2,2025-07-20T05:55:00Z,2025-07-20T06:00:00Z,24.635,24.586,0.001989039983763062,0.004668155063933509,0.002070225289222585,0.002679115080170447,0.42608695652175815,1,5,11,55,True,False,True,True,True,False,False,False,True,False,0.004668155063933509,0.00186726202557349,0.004668155063933509,-0.0004059265272984782,0.004668155063933509,0.0015425208037345344,0.004668155063933509,-0.0002435559163790004,0.004668155063933509,-4.059265272976129e-05,0.004668155063933509,0.001989039983763062
54de67af194895d76ec330a8,ETHUSDT,2,2025-07-20T07:55:00Z,2025-07-20T08:00:00Z,3667.37,3710.15,-0.01166503516143727,0.0,0.013369253715878191,0.01166503516143727,,1,5,10,50,False,False,False,False,False,False,False,False,True,False,0.0,-0.0026967554405474027,0.0,-0.0026258599486826007,0.0,-0.003711106324150584,0.0,-0.0034847861001208497,0.0,-0.009846293120137899,0.0,-0.01166503516143727
846b201f55a8287ebfef0e82,SUIUSDT,2,2025-07-20T11:55:00Z,2025-07-20T12:00:00Z,3.965,3.9795,-0.0036569987389659417,0.001992433795712433,0.00600252206809585,0.005649432534678375,-1.8354430379747255,1,5,4,20,True,True,False,False,True,True,True,False,True,False,0.001992433795712433,0.0014123581336695655,0.001992433795712433,-0.0034552332912988768,0.001992433795712433,-0.004514501891551079,0.001992433795712433,0.0008322824716266983,0.001992433795712433,-0.0019167717528373396,0.001992433795712433,-0.0036569987389659417
72ea95344452097ea2087e3a,LINKUSDT,2,2025-07-20T13:55:00Z,2025-07-20T14:00:00Z,19.526,19.494,0.0016388405203318667,0.010652463382157043,0.0024070470142374574,0.009013622861825176,0.15384615384615516,3,15,2,10,True,False,True,True,True,True,False,True,False,False,0.002202191949195906,0.0008706340264262758,0.005633514288640757,0.004711666495954048,0.010652463382157043,0.007682064939055546,0.010652463382157043,0.007016285977670822,0.010652463382157043,0.005018949093516285,0.010652463382157043,0.0016388405203318667
6996703524ee73fdd05f371a,AVAXUSDT,2,2025-07-20T15:55:00Z,2025-07-20T16:00:00Z,25.409,25.339,0.0027549293557401033,0.0065331181864693765,0.005549214845133685,0.003778188830729273,0.42168674698795255,5,25,3,15,True,False,True,True,True,False,False,True,False,False,0.0008264788067219191,-0.001692313747097596,0.0008264788067219191,-0.0012200401432564195,0.002243299618245449,-0.003896257231689567,0.0065331181864693765,0.000787122673068581,0.0065331181864693765,0.0008264788067219191,0.0065331181864693765,0.0027549293557401033
d675d6cea32fa3702620bfaf,SOLUSDT,2,2025-07-20T16:55:00Z,2025-07-20T17:00:00Z,182.08,180.53,0.008512741652021151,0.010325131810193452,0.0,0.0018123901581723004,0.8244680851063786,1,5,1,5,True,False,True,False,False,False,False,False,False,True,0.010325131810193452,0.00587653778558887,0.010325131810193452,0.0034600175746925736,0.010325131810193452,0.005382249560632789,0.010325131810193452,0.0061511423550088115,0.010325131810193452,0.005986379613356785,0.010325131810193452,0.008512741652021151
88a84cb25e0e6b6e1323864d,SOLUSDT,2,2025-07-20T18:55:00Z,2025-07-20T19:00:00Z,182.19,181.95,0.0013173061090071304,0.0031834897634336907,0.008123387672210275,0.0018661836544265602,0.4137931034483029,12,60,3,15,True,False,True,True,True,False,False,True,False,False,0.0008233163181294565,-0.0008782040726713683,0.0008233163181294565,-0.004391020363356998,0.0008233163181294565,-0.005159448926944386,0.0008233163181294565,-0.0009879795817553478,0.0029090509907239758,0.002689499972556173,0.0031834897634336907,0.0013173061090071304
ffcdb0dcf34de969ace0a06b,SOLUSDT,2,2025-07-20T19:55:00Z,2025-07-20T20:00:00Z,181.94,181.22,0.0039573485764537696,0.00840936572496428,0.0015389688908431414,0.00445201714851051,0.47058823529411653,2,10,11,55,True,False,True,True,True,False,False,False,True,False,0.0061558755633725655,0.00555128064196983,0.00840936572496428,0.005496317467296911,0.00840936572496428,0.00500164889524017,0.00840936572496428,0.004232164449818678,0.00840936572496428,0.0003847422227107463,0.00840936572496428,0.0039573485764537696
bd7a496da31f7d94ce53d0f6,AVAXUSDT,2,2025-07-20T21:55:00Z,2025-07-20T22:00:00Z,25.239,25.008,0.009152502080114174,0.030072506834660655,0.0008320456436467687,0.02092000475454648,0.30434782608695854,4,20,1,5,True,False,True,True,True,False,False,True,False,False,0.008043107888585102,0.007607274456198747,0.014540988153254917,0.010261896271643105,0.02187091406157136,0.015769246008161958,0.030072506834660655,0.015095685249019383,0.030072506834660655,0.00970719917587864,0.030072506834660655,0.009152502080114174
10d4d9b7864fd1f39549531e,BNBUSDT,2,2025-07-20T23:55:00Z,2025-07-21T00:00:00Z,757.32,756.13,0.001571330481170515,0.014564516980932876,0.002059895420693954,0.01299318649976236,0.10788757932910654,8,40,1,5,True,False,True,True,True,True,False,True,False,False,0.0011619922885966242,0.0011355833729467248,0.0037896793957640155,0.0034463634923150234,0.0073812919241536355,0.006919135900279946,0.012808324090212915,0.010391908308244869,0.014564516980932876,0.01128981144034235,0.014564516980932876,0.001571330481170515
1285abbf77e2137d808fd3bb,BNBUSDT,2,2025-07-21T00:55:00Z,2025-07-21T01:00:00Z,756.12,750.77,0.007075596466169421,0.0122202824948421,0.00023805745119815635,0.0051446860286726796,0.5790043290043309,8,40,1,5,True,False,True,True,False,False,False,True,False,False,0.002473152409670429,0.0021425170607840085,0.003134423107443269,0.0028699148283340727,0.005567899275247363,0.0055149976194254335,0.008490715759403215,0.00784267047558582,0.0122202824948421,0.009284240596730654,0.0122202824948421,0.007075596466169421
121d7de6cf5bfa67c5ed28c5,BNBUSDT,2,2025-07-21T02:55:00Z,2025-07-21T03:00:00Z,758.32,763.71,-0.007107817280303811,0.0004219854415023341,0.008611140415655623,0.007529802721806146,-16.843749999997325,1,5,4,20,True,True,False,False,True,True,True,False,True,False,0.0004219854415023341,-0.002729718324717713,0.0004219854415023341,-0.00553855891971718,0.0004219854415023341,-0.005973731406266447,0.0004219854415023341,-0.00547262369448251,0.0004219854415023341,-0.004391286000632882,0.0004219854415023341,-0.007107817280303811
5897426e95cba5cef65a1593,SUIUSDT,2,2025-07-21T04:55:00Z,2025-07-21T05:00:00Z,3.9779,3.9952,-0.004349028381809521,0.002916111516126613,0.004927222906558753,0.007265139897936134,-1.4913793103448287,3,15,9,45,True,True,False,False,True,True,True,False,True,False,0.0013323612961613118,0.0004022222780863832,0.0013323612961613118,0.000854722340933676,0.002916111516126613,0.000879861233314019,0.002916111516126613,-0.0014329168656829077,0.002916111516126613,-0.004876945121797954,0.002916111516126613,-0.004349028381809521
d5cb5a5d7b17739a73ce3aa8,SUIUSDT,2,2025-07-21T06:55:00Z,2025-07-21T07:00:00Z,3.9894,4.0034,-0.003509299644056809,0.00030079711234768834,0.008146588459417394,0.0038100967564044974,-11.666666666668148,1,5,6,30,True,True,False,False,True,True,True,False,True,False,0.00030079711234768834,-0.002657041159071581,0.00030079711234768834,-0.0030831704015640837,0.00030079711234768834,-0.005263949466085102,0.00030079711234768834,-0.006868200731939663,0.00030079711234768834,-0.0020303805083471747,0.00030079711234768834,-0.003509299644056809
b1b1a6c6ab0e7409ca2fa08f,SOLUSDT,2,2025-07-21T07:55:00Z,2025-07-21T08:00:00Z,190.09,190.89,-0.0042085328002524226,0.002156873060129394,0.010679151980640756,0.006365405860381817,-1.951219512195097,11,55,8,40,True,True,False,False,True,True,True,True,False,False,0.001893839760113702,0.0008417065600504844,0.001893839760113702,-0.0036298595402177794,0.001893839760113702,-0.0012099531800725434,0.001893839760113702,-0.005734125940344065,0.001893839760113702,-0.0033668262402019376,0.002156873060129394,-0.0042085328002524226
66cae648bd863dce750e845d,XRPUSDT,2,2025-07-21T09:55:00Z,2025-07-21T10:00:00Z,3.5487,3.5548,-0.001718939329895453,0.004875024656916643,0.002226167328880941,0.006593963986812096,-0.352601156069362,8,40,12,60,True,True,False,False,True,True,True,False,True,False,0.0024797813283738727,0.0024516019950968386,0.0024797813283738727,0.0019725533293882594,0.0024797813283738727,-0.0008453799983091469,0.004452334657762008,0.003804209992391599,0.004875024656916643,0.0027333953278665542,0.004875024656916643,-0.001718939329895453
2fbf4b47bcdb2b22a57b1c2f,SUIUSDT,2,2025-07-21T10:55:00Z,2025-07-21T11:00:00Z,4.0147,4.0173,-0.0006476199965126334,0.0007472538421301999,0.01526888684085965,0.0013948738386428332,-0.8666666666663903,1,5,7,35,True,True,False,False,True,True,True,False,True,False,0.0007472538421301999,-0.0011208807631950786,0.0007472538421301999,-0.0003985353824693809,0.0007472538421301999,-0.0032131915211595498,0.0007472538421301999,-0.010386828405609292,0.0007472538421301999,-0.002989015368520578,0.0007472538421301999,-0.0006476199965126334
b608f1f62e899ed913f60d0d,SOLUSDT,2,2025-07-21T11:55:00Z,2025-07-21T12:00:00Z,191.58,191.66,-0.00041758012318605323,0.0061593068169955465,0.0021922956467271505,0.0065768869401816,-0.06779661016947765,2,10,12,60,True,True,False,False,True,True,True,False,True,False,0.005741726693809493,0.003392838500887387,0.0061593068169955465,0.005115356509030265,0.0061593068169955465,0.003392838500887387,0.0061593068169955465,0.0004175801231862016,0.0061593068169955465,0.0018791105543376847,0.0061593068169955465,-0.00041758012318605323
fe5e4fd6c8cefc2fb8d6943e,ETHUSDT,2,2025-07-21T12:55:00Z,2025-07-21T13:00:00Z,3809.68,3818.99,-0.002443774805232971,0.00946273702778179,0.00357772831313919,0.011906511833014761,-0.25825242718446645,3,15,11,55,True,True,False,False,True,True,True,False,True,False,0.0041420801747127705,0.0032758656895067353,0.007769681443060811,0.006210495369689805,0.00946273702778179,0.009013880430902252,0.00946273702778179,0.005619894584322005,0.00946273702778179,0.0007822179290649132,0.00946273702778179,-0.002443774805232971
c99ef0b3d65a10b87be1978c,BNBUSDT,2,2025-07-21T14:55:00Z,2025-07-21T15:00:00Z,779.12,774.62,0.0057757469966115615,0.007110586302495076,0.0024001437519252547,0.0013348393058835147,0.8122743682310523,10,50,1,5,True,False,True,False,False,False,False,True,False,False,0.0011294794126706996,-0.001039634459390011,0.0023359687852962958,0.0011294794126706996,0.0023359687852962958,-1.2834993325791796e-05,0.005801416983263146,0.005262347263579452,0.006571516582811383,0.005647397063353498,0.007110586302495076,0.0057757469966115615
f5c6469c5d99eb6284336918,XRPUSDT,2,2025-07-21T21:55:00Z,2025-07-21T22:00:00Z,3.5523,3.5663,-0.003941108577541377,0.0005630155110772682,0.006221321397404501,0.004504124088618645,-7.000000000000887,1,5,9,45,True,True,False,False,True,True,True,False,True,False,0.0005630155110772682,-0.0022520620443093227,0.0005630155110772682,-0.0022520620443093227,0.0005630155110772682,-0.0027869267798327903,0.0005630155110772682,-0.0041100132308645575,0.0005630155110772682,-0.006193170621850701,0.0005630155110772682,-0.003941108577541377
b4e859f758f35a5d45872d15,BNBUSDT,2,2025-07-22T01:55:00Z,2025-07-22T02:00:00Z,770.31,766.53,0.004907115317209919,0.007490490841349564,0.002894938401422828,0.0025833755241396446,0.6551126516464444,12,60,3,15,True,False,True,True,False,False,False,True,False,False,0.00046734431592462773,-0.0007789071932079589,0.001376069374667271,-0.0010904700704911423,0.0015967597460761311,0.00045436252937117405,0.0015967597460761311,-0.0006490893276732744,0.0015967597460761311,0.0011164336435979022,0.007490490841349564,0.004907115317209919
828d41b68ec614c443f8147d,ETHUSDT,2,2025-07-22T16:55:00Z,2025-07-22T17:00:00Z,3717.27,3699.11,0.004885305614066198,0.011091473043389375,0.0012186362572533607,0.006206167429323177,0.4404559786563145,5,25,2,10,True,False,True,True,True,False,False,True,False,False,0.0018185388739585136,0.0005864518853889646,0.002762780212360141,0.002571779827669216,0.009743709765499896,0.007190760961673491,0.011091473043389375,0.0073333387136257965,0.011091473043389375,0.005294207846080547,0.011091473043389375,0.004885305614066198
52709866f6f456240d37e168,SOLUSDT,2,2025-07-22T20:55:00Z,2025-07-22T21:00:00Z,200.71,201.45,-0.0036869114643016325,0.004234965871157363,0.006427183498580001,0.007921877335458995,-0.8705882352941008,9,45,12,60,True,True,False,False,True,True,True,False,True,False,4.98231278960656e-05,-0.0004982312789596647,0.001893278860046811,-0.0009964625579193295,0.0019431019879428766,0.00019929251158397917,0.0019431019879428766,-4.9823127895923995e-05,0.004234965871157363,0.0019929251158388008,0.004234965871157363,-0.0036869114643016325
67fb37c8b4374e5e5f09c076,ADAUSDT,2,2025-07-22T21:55:00Z,2025-07-22T22:00:00Z,0.8899,0.8939,-0.004494887065962472,0.0,0.008203168895381472,0.004494887065962472,,1,5,8,40,False,False,False,False,False,False,False,False,True,False,0.0,-0.004944375772558669,0.0,-0.002022699179683137,0.0,-0.002359815709630285,0.0,-0.004157770536015199,0.0,-0.007416563658838003,0.0,-0.004494887065962472
93db2a0507c688098d934444,BNBUSDT,2,2025-07-23T01:55:00Z,2025-07-23T02:00:00Z,796.03,796.57,-0.0006783663932264831,0.013316081052221679,0.0013567327864528233,0.013994447445448161,-0.05094339622642228,1,5,12,60,True,True,False,False,True,True,True,False,True,False,0.013316081052221679,0.008567516299636868,0.013316081052221679,0.005690740298732426,0.013316081052221679,0.005351557102119256,0.013316081052221679,0.006356544351343474,0.013316081052221679,0.005489742848887611,0.013316081052221679,-0.0006783663932264831
d02cd81d74acdde1edda27e0,BNBUSDT,2,2025-07-23T10:55:00Z,2025-07-23T11:00:00Z,800.05,809.02,-0.011211799262546125,0.0031498031373038957,0.01148678207612031,0.01436160239985002,-3.559523809523846,3,15,10,50,True,True,False,False,True,True,True,False,True,False,0.0011249296918942283,-0.0007874507843259739,0.0025873382913567107,0.001749890631835482,0.0031498031373038957,0.002624835947753152,0.0031498031373038957,-0.004949690644334774,0.0031498031373038957,-0.01099931254296615,0.0031498031373038957,-0.011211799262546125
4b921e01ca90caf785beb2d1,BNBUSDT,2,2025-07-23T14:55:00Z,2025-07-23T15:00:00Z,787.68,784.9,0.003529352021125296,0.009953280520008021,0.0028945764777575747,0.006423928498882726,0.35459183673469413,4,20,9,45,True,False,True,True,True,False,False,False,True,False,0.0023613650213283313,0.002310582977858948,0.005611415803371876,0.004722730042656807,0.009420069063579067,0.008442514726792577,0.009953280520008021,0.00468464351005477,0.009953280520008021,-0.002513711151736769,0.009953280520008021,0.003529352021125296
2cb6fe0f1873d4befeb5742c,SUIUSDT,2,2025-07-24T01:55:00Z,2025-07-24T02:00:00Z,3.7773,3.7636,0.003626929288115862,0.006909697402906842,0.0011383792656130551,0.00328276811479098,0.5249042145593884,5,25,10,50,True,False,True,True,False,False,False,False,True,False,0.0024356021496836034,0.0023826542768643996,0.004209355889127102,0.0037063510973446086,0.004897678235776868,0.0040240383342598305,0.006909697402906842,0.005400683027559361,0.006909697402906842,2.6473936409543045e-05,0.006909697402906842,0.003626929288115862
93397f17a6dc4bd458dbe4c2,SUIUSDT,2,2025-07-24T03:55:00Z,2025-07-24T04:00:00Z,3.7588,3.6818,0.020485261253591562,0.022773225497499175,0.002766840481004626,0.002287964243907613,0.8995327102803745,12,60,2,10,True,False,True,False,False,False,False,True,False,False,0.0030062785995530134,-0.00252740236245612,0.0030062785995530134,0.0010641694157709916,0.003564967542832781,-0.0018889007129934778,0.007369373204214068,0.006651058848568669,0.01694689794615299,0.016255187825901806,0.022773225497499175,0.020485261253591562
ef0a7824090543b3e0be5a9f,BTCUSDT,2,2025-07-24T15:55:00Z,2025-07-24T16:00:00Z,119074.1,118498.0,0.004838163798844634,0.006450605127395511,0.0009506685332914301,0.0016124413285508767,0.7500325478453346,10,50,1,5,True,False,True,False,False,False,False,True,False,False,0.0002023949792608621,-0.00017720058350213243,0.001196733798533854,0.0003300465844377821,0.002461492465615997,0.0018425501431462317,0.003832907408076221,0.0036389105607348943,0.006369983060967918,0.006080247509743932,0.006450605127395511,0.004838163798844634
1d24a99a850a1dd4392c8c87,ETHUSDT,2,2025-07-24T17:55:00Z,2025-07-24T18:00:00Z,3723.82,3739.91,-0.004320831833976854,0.0035393762319339524,0.006963279642947252,0.007860208065910807,-1.220789074355033,1,5,12,60,True,True,False,False,True,True,True,False,True,False,0.0035393762319339524,0.002932472568491515,0.0035393762319339524,-0.0016595861239264615,0.0035393762319339524,-0.0016944965116466276,0.0035393762319339524,-0.002508177086969749,0.0035393762319339524,-0.0030962828493320688,0.0035393762319339524,-0.004320831833976854
749e52e7e269fa4f96f0ca45,BNBUSDT,2,2025-07-24T18:55:00Z,2025-07-24T19:00:00Z,782.0,779.4,0.0033248081841432517,0.003491048593350407,0.002276214833759556,0.00016624040920715536,0.9523809523809543,12,60,4,20,True,False,True,False,False,False,False,True,False,False,0.00037084398976977443,-0.0016112531969309347,0.00037084398976977443,-0.0008695652173912404,0.00037084398976977443,-0.0015089514066495525,0.0021483375959078644,0.0014066496163683156,0.0031841432225064056,0.002122762148337555,0.003491048593350407,0.0033248081841432517
0703e60e44c1abc30ee8aeb3,XRPUSDT,2,2025-07-24T20:55:00Z,2025-07-24T21:00:00Z,3.2272,3.1823,0.013912989588497682,0.014005949429846279,0.0006197322756569856,9.295984134859679e-05,0.9933628318584028,12,60,2,10,True,False,True,False,False,False,False,True,False,False,0.0016732771442736273,0.0006507188894397591,0.001828210213187908,0.000216906296479828,0.005887456618740607,0.005143777887952389,0.009884729796727757,0.008273425880019815,0.013882002974714909,0.010132622706990497,0.014005949429846279,0.013912989588497682
177d8e0cc1528cd3a0c62ed4,SOLUSDT,2,2025-07-25T18:55:00Z,2025-07-25T19:00:00Z,182.27,182.12,0.0008229549569320551,0.0030723651725462348,0.0030723651725462348,0.0022494102156141796,0.26785714285715195,3,15,8,40,True,False,True,True,True,False,False,False,True,False,0.0013715915948867064,-0.00038404564656824037,0.0014264552586822808,0.0012070006035002955,0.0030723651725462348,0.00038404564656839633,0.0030723651725462348,0.0016459099138641101,0.0030723651725462348,-0.0012070006035002955,0.0030723651725462348,0.0008229549569320551
8a5c4c8063e1513085886cf0,XRPUSDT,2,2025-07-25T20:55:00Z,2025-07-25T21:00:00Z,3.1206,3.1389,-0.005864256873678133,0.0,0.008716272511696505,0.005864256873678133,,1,5,5,25,False,False,False,False,False,False,False,False,True,False,0.0,-0.0019227071716976809,0.0,-0.002018842530282629,0.0,-0.005319489841697093,0.0,-0.006505159264243979,0.0,-0.003332692430942685,0.0,-0.005864256873678133
45f51ce63627ee949aa49cbe,ADAUSDT,2,2025-07-25T21:55:00Z,2025-07-25T22:00:00Z,0.8137,0.8164,-0.0033181762320265893,0.0030723854000245135,0.004424234976035452,0.006390561632051103,-1.0800000000000374,5,25,12,60,True,True,False,False,True,True,True,False,True,False,0.0018434312400146808,-0.001106058744008863,0.0018434312400146808,-0.0006144770800049846,0.0018434312400146808,0.0003686862480029089,0.0030723854000245135,0.0012289541600098328,0.0030723854000245135,-0.0006144770800049846,0.0030723854000245135,-0.0033181762320265893
39ece855694825cb378c7ac6,SUIUSDT,2,2025-07-25T23:55:00Z,2025-07-26T00:00:00Z,3.9494,3.9795,-0.007621410847217304,0.002759912898161723,0.011368815516280996,0.010381323745379027,-2.7614678899082814,3,15,6,30,True,True,False,False,True,True,True,False,True,False,0.0017724211272597543,-0.0009115308654479282,0.0017724211272597543,0.001341975996353785,0.002759912898161723,-0.0006836481490860305,0.002759912898161723,-0.010938370385375026,0.002759912898161723,-0.007368207829037354,0.002759912898161723,-0.007621410847217304
aadca39884157aa1126e2b4b,SUIUSDT,2,2025-07-26T00:55:00Z,2025-07-26T01:00:00Z,3.9795,3.9415,0.009548938308832721,0.011006407840180832,0.0019851740168363463,0.0014574695313481108,0.8675799086758024,12,60,2,10,True,False,True,False,False,False,False,True,False,False,0.0002764166352555992,-0.0015328558864178903,0.0006282196255810898,0.00040206056037186174,0.0006784771956275725,-0.001105666541022843,0.004146249528835215,0.002889810277673035,0.008669430833019218,0.008669430833019218,0.011006407840180832,0.009548938308832721
43a648542b01919504ac21c8,SUIUSDT,2,2025-07-26T01:55:00Z,2025-07-26T02:00:00Z,3.9415,3.969,-0.0069770391982747326,0.00020296841304069817,0.010427502219967051,0.007180007611315431,-34.37500000000361,1,5,11,55,True,True,False,False,True,True,True,False,True,False,0.00020296841304069817,-0.0022326525434479055,0.00020296841304069817,-0.0009133578586832546,0.00020296841304069817,-0.002055055182037351,0.00020296841304069817,-0.0062412787010021455,0.00020296841304069817,-0.008473931244450051,0.00020296841304069817,-0.0069770391982747326
404f481beefd94dd6d1482f1,SUIUSDT,2,2025-07-26T02:55:00Z,2025-07-26T03:00:00Z,3.9691,3.982,-0.003250107077171181,0.004308281474389689,0.004308281474389689,0.007558388551560869,-0.7543859649122835,3,15,12,60,True,True,False,False,True,True,True,False,True,False,0.0004031140560833105,0.00022675165654685518,0.0032249124486659246,0.0020659595374266167,0.004308281474389689,0.0024690735935099274,0.004308281474389689,0.001738429366858962,0.004308281474389689,-0.0009322012546924528,0.004308281474389689,-0.003250107077171181
f1a0b53e1fb6fb1e977b299e,LTCUSDT,2,2025-07-26T05:55:00Z,2025-07-26T06:00:00Z,113.43,113.11,0.002821123159658004,0.004055364542008357,0.0007052807899144696,0.0012342413823503533,0.6956521739130475,5,25,2,10,True,False,True,True,False,False,False,True,False,False,0.0009697610861325367,-0.00044080049369652787,0.0027329630609186483,0.0016750418760470064,0.0029092832583973594,0.0022921625672221203,0.004055364542008357,0.00299744335713659,0.004055364542008357,0.0027329630609186483,0.004055364542008357,0.002821123159658004
77e52ca3f33129a6aae9e28d,DOGEUSDT,2,2025-07-26T07:55:00Z,2025-07-26T08:00:00Z,0.23689,0.23768,-0.0033348811684748743,0.0006754189708303157,0.008780446620794457,0.00401030013930519,-4.937500000000282,3,15,11,55,True,True,False,False,True,True,True,False,True,False,0.0005487779137996169,0.00033770948541515783,0.0005487779137996169,-0.00021106842838457618,0.0006754189708303157,-0.00012664105703069883,0.0006754189708303157,-0.0059943433661193155,0.0006754189708303157,-0.004516864367427985,0.0006754189708303157,-0.0033348811684748743
9f77c40ab1305fcf1dac47b9,SUIUSDT,2,2025-07-26T08:55:00Z,2025-07-26T09:00:00Z,4.0213,4.071,-0.01235918732748107,0.0003481461219009499,0.013304155372640604,0.01270733344938202,-35.49999999999238,1,5,12,60,True,True,False,False,True,True,True,False,True,False,0.0003481461219009499,-0.0017904657697759667,0.0003481461219009499,-0.0036306666998233714,0.0003481461219009499,-0.0029841096162931307,0.0003481461219009499,-0.0049983836072912315,0.0003481461219009499,-0.0074602740407331575,0.0003481461219009499,-0.01235918732748107
e684829685f430d6ba7998ef,XRPUSDT,2,2025-07-26T12:55:00Z,2025-07-26T13:00:00Z,3.1891,3.1859,0.0010034178921951797,0.004045028377912167,0.002759399203537162,0.003041610485716987,0.24806201550385457,7,35,10,50,True,False,True,True,True,True,False,False,True,False,0.002665328776143655,0.0003762817095731924,0.002759399203537023,0.0025399015396192575,0.0030416104857169867,0.0022576902574392935,0.0038882443322567394,0.0031983945313724138,0.004045028377912167,-0.0015364836474240778,0.004045028377912167,0.0010034178921951797
588b6e0fb39729e5526581e4,LINKUSDT,2,2025-07-26T15:55:00Z,2025-07-26T16:00:00Z,18.399,18.363,0.001956628077612988,0.00565248111310393,0.002608837436817124,0.003695853035490942,0.3461538461538619,3,15,1,5,True,False,True,True,True,False,False,True,False,False,0.0008696124789391701,-0.0006522093592043293,0.005543779553236605,0.004674167074297629,0.00565248111310393,0.004837219414098711,0.00565248111310393,-0.0005978585792705708,0.00565248111310393,0.000489157019403247,0.00565248111310393,0.001956628077612988
bdca1625b4b265aa0d476fee,DOGEUSDT,2,2025-07-26T18:55:00Z,2025-07-26T19:00:00Z,0.23761,0.23897,-0.005723664828921342,0.0011363158116240583,0.00925886957619632,0.0068599806405454005,-5.0370370370371775,4,20,11,55,True,True,False,False,True,True,True,False,True,False,0.0007575438744159998,-0.0020622027692437954,0.0007575438744159998,-0.0005471150204116788,0.0007575438744159998,-0.0005050292496107444,0.0011363158116240583,-0.0010521442700223065,0.0011363158116240583,-0.003240604351668788,0.0011363158116240583,-0.005723664828921342
a891cd7a54fb6897b0d898d8,SUIUSDT,2,2025-07-26T19:55:00Z,2025-07-26T20:00:00Z,4.2064,4.1998,0.0015690376569039094,0.006537656903765867,0.0024248763788511127,0.004968619246861958,0.2400000000000155,6,30,12,60,True,False,True,True,True,True,False,False,True,False,0.004944845949030138,0.0031618486116394276,0.005087485736021479,0.003661087866108911,0.005087485736021479,0.0011411182959300968,0.006537656903765867,0.006062190947128203,0.006537656903765867,0.000380372765310173,0.006537656903765867,0.0015690376569039094
68f6dc17de8141c563e203f7,ETHUSDT,2,2025-07-26T22:55:00Z,2025-07-26T23:00:00Z,3748.41,3740.0,0.002243617960681957,0.0036308728234103723,0.001491298977433137,0.0013872548627284153,0.6179279941219733,7,35,1,5,True,False,True,True,False,False,False,True,False,False,0.00022676281409982074,-0.0010911293054922343,0.0011551564530027205,0.00034147812005616926,0.0011551564530027205,0.0010297699557945028,0.0028625470532839307,0.0014272718299225297,0.0036308728234103723,0.0019261500209421594,0.0036308728234103723,0.002243617960681957
6b4e8c50fc639e7a3b00d8cf,LINKUSDT,2,2025-07-26T23:55:00Z,2025-07-27T00:00:00Z,18.402,18.49,-0.004782088903379927,0.0029888055646125266,0.004782088903379927,0.007770894467992453,-1.5999999999999612,3,15,12,60,True,True,False,False,True,True,True,False,True,False,0.0021193348549071555,0.0020649929355504976,0.002662754048472964,0.002445386371046718,0.0029888055646125266,5.4341919356658084e-05,0.0029888055646125266,0.00021736767742643927,0.0029888055646125266,0.0,0.0029888055646125266,-0.004782088903379927
ad1580ca2158e872d573344f,LINKUSDT,2,2025-07-27T06:55:00Z,2025-07-27T07:00:00Z,18.778,18.772,0.0003195228458834928,0.002449675151773319,0.00372776653530729,0.0021301523058898262,0.13043478260870237,9,45,5,25,True,False,True,True,True,True,False,True,False,False,0.002076898498242514,0.0003727766535306155,0.002076898498242514,-0.00021301523058905826,0.002076898498242514,-0.0005857918841198629,0.002076898498242514,-0.0004792842688252392,0.002449675151773319,-0.0012248375758866594,0.002449675151773319,0.0003195228458834928
6874b0b44381ca04def441c6,LTCUSDT,2,2025-07-27T07:55:00Z,2025-07-27T08:00:00Z,114.23,112.98,0.010942834631883043,0.011905804079488746,0.0014882255099361087,0.0009629694476057035,0.9191176470588238,12,60,3,15,True,False,True,False,False,False,False,True,False,False,0.0007878840934956089,-8.754267705498472e-05,0.0007878840934956089,-0.0004377133852752968,0.0007878840934956089,-0.0005252560623304059,0.006653243456184935,0.004989932592138732,0.008141468966121043,0.006215530070909638,0.011905804079488746,0.010942834631883043
ce369709c51b7ca88c14411f,ETHUSDT,2,2025-07-27T12:55:00Z,2025-07-27T13:00:00Z,3825.08,3809.23,0.004143704183964756,0.005189433946479527,0.0012810189590806182,0.0010457297625147705,0.7984886649874047,12,60,1,5,True,False,True,False,False,False,False,True,False,False,0.0009306994886381319,-0.00024051784537841635,0.0012914762567057564,0.0007869116462923034,0.0018509416796511256,0.0011581457119850661,0.0031581038827945894,0.0016287241051167606,0.004023445261275548,0.0035031947044245064,0.005189433946479527,0.004143704183964756
5b69cb54e0c18214663f61f1,AVAXUSDT,2,2025-07-27T15:55:00Z,2025-07-27T16:00:00Z,25.026,25.196,-0.00679293534723894,0.0,0.018660592983297322,0.00679293534723894,,1,5,8,40,False,False,False,False,False,False,False,False,True,False,0.0,-0.002677215695676503,0.0,-0.003436426116838429,0.0,-0.004675137856629141,0.0,-0.00783185487093429,0.0,-0.008471189962439053,0.0,-0.00679293534723894
b1dbe62a481f330c3d8ce53d,LINKUSDT,2,2025-07-27T17:55:00Z,2025-07-27T18:00:00Z,18.961,19.041,-0.004219186751753697,0.0012130161911291435,0.007700015821950361,0.005432202942882841,-3.478260869565345,1,5,7,35,True,True,False,False,True,True,True,False,True,False,0.0012130161911291435,-0.0037972680765783837,0.0012130161911291435,-0.0015294551975106754,0.0012130161911291435,-0.004166446917356713,0.0012130161911291435,-0.005484942777279825,0.0012130161911291435,-0.0045883655925320265,0.0012130161911291435,-0.004219186751753697
5fdc608fa95c35955cf63bfc,BNBUSDT,2,2025-07-27T18:55:00Z,2025-07-27T19:00:00Z,827.52,830.96,-0.004156999226604861,0.0025497873163186553,0.00532917633410669,0.006706786542923516,-1.6303317535545179,5,25,8,40,True,True,False,False,True,True,True,False,True,False,0.0013534416086620317,0.0002658546017015024,0.0016313805104408627,-0.001184261407579295,0.0016313805104408627,-0.0019093194122196937,0.0025497873163186553,-0.0013534416086620317,0.0025497873163186553,-0.003903228924980687,0.0025497873163186553,-0.004156999226604861
ea0924836fa2c92b9becc9a9,SOLUSDT,2,2025-07-27T20:55:00Z,2025-07-27T21:00:00Z,187.07,187.9,-0.004436841823916248,0.004276474047148035,0.004436841823916248,0.008713315871064282,-1.0375000000000378,4,20,12,60,True,True,False,False,True,True,True,False,True,False,0.0006414711070722433,0.00010691185117860593,0.0025124285026995184,0.0025124285026995184,0.0030469877585930037,0.0029400759074142456,0.004276474047148035,0.000855294809429607,0.004276474047148035,0.0024589725771100635,0.004276474047148035,-0.004436841823916248
383cde6e6fa59e9ccbe9d030,DOGEUSDT,2,2025-07-27T21:55:00Z,2025-07-27T22:00:00Z,0.2405,0.24193,-0.005945945945946007,0.0006652806652806382,0.013264033264033259,0.006611226611226645,-8.937500000000455,1,5,3,15,True,True,False,False,True,True,True,False,True,False,0.0006652806652806382,-0.004698544698544782,0.0006652806652806382,-0.008523908523908509,0.0006652806652806382,-0.013014553014553105,0.0006652806652806382,-0.009729729729729766,0.0006652806652806382,-0.01251559251559257,0.0006652806652806382,-0.005945945945946007
2651d3ddb96eb8fc0bb704f1,BNBUSDT,2,2025-07-27T22:55:00Z,2025-07-27T23:00:00Z,840.5,844.8,-0.005116002379535936,0.0014753123140987616,0.006543723973825104,0.0065913146936346974,-3.4677419354838084,2,10,9,45,True,True,False,False,True,True,True,False,True,False,0.000594883997620464,0.0005710886377156671,0.0014753123140987616,-0.002938726948245125,0.0014753123140987616,-0.0009756097560976205,0.0014753123140987616,-0.002795954788816208,0.0014753123140987616,-0.006115407495538354,0.0014753123140987616,-0.005116002379535936
5021859aed10154915600def,SUIUSDT,2,2025-07-27T23:55:00Z,2025-07-28T00:00:00Z,4.329,4.3941,-0.015038115038115075,0.0,0.0274428274428275,0.015038115038115075,,1,5,6,30,False,False,False,False,False,False,False,False,True,False,0.0,-0.005313005313005446,0.0,-0.00887040887040892,0.0,-0.016031416031416012,0.0,-0.02485562485562499,0.0,-0.01880341880341889,0.0,-0.015038115038115075
a14ebc50575b4e5a41560586,BNBUSDT,2,2025-07-28T01:55:00Z,2025-07-28T02:00:00Z,845.97,843.69,0.002695131033015323,0.00329798929040046,0.0121044481482795,0.000602858257385137,0.8172043010752365,11,55,7,35,True,False,True,False,False,False,False,True,False,False,0.0017258295211414545,-0.0009693015118738683,0.0017258295211414545,-0.0021986595269335952,0.0017258295211414545,-0.0043263945529982955,0.0017258295211414545,-0.005260233814437783,0.0017258295211414545,1.1820750144793439e-05,0.00329798929040046,0.002695131033015323
e451ab1e02fe7814cde10f21,LTCUSDT,2,2025-07-28T02:55:00Z,2025-07-28T03:00:00Z,115.3,115.26,0.0003469210754552649,0.004683434518646939,0.0020815264527320825,0.0043365134431916745,0.07407407407406043,6,30,1,5,True,False,True,True,True,True,False,True,False,False,0.0006071118820467752,-0.001127493495229919,0.0013009540329574282,0.0009540329575021633,0.002168256721595837,0.0012142237640936737,0.004683434518646939,0.003555941023417143,0.004683434518646939,0.0019080659150043267,0.004683434518646939,0.0003469210754552649
7a55adddbb42dbca45a4ee78,AVAXUSDT,2,2025-07-28T03:55:00Z,2025-07-28T04:00:00Z,26.143,26.528,-0.01472669548253827,0.0012240370271200715,0.01694526259419339,0.015950732509658342,-12.031249999999925,5,25,11,55,True,True,False,False,True,True,True,False,True,False,0.0,-0.004284129594920182,0.0,-0.0008415254561449897,0.0,-0.0012622881842174844,0.0012240370271200715,-0.006770454806257874,0.0012240370271200715,-0.009027273075010544,0.0012240370271200715,-0.01472669548253827
812ceace6d099e8dc74fbbd3,DOGEUSDT,2,2025-07-28T06:55:00Z,2025-07-28T07:00:00Z,0.24606,0.24319,0.011663821832073524,0.019263594245306,0.00040640494188404853,0.0075997724132324754,0.6054852320675137,4,20,1,5,True,False,True,True,False,False,False,True,False,False,0.005933512151507718,0.005323904738681645,0.015118263838088276,0.013045598634479356,0.015931073721856485,0.01564659026253756,0.019263594245306,0.011663821832073524,0.019263594245306,0.014711858896204227,0.019263594245306,0.011663821832073524
209d582e20f2024cb6462c3f,BNBUSDT,2,2025-07-28T10:55:00Z,2025-07-28T11:00:00Z,847.31,851.15,-0.004531989472566159,0.0019945474501657495,0.006113464965597082,0.0065265369227319086,-2.2721893491125242,4,20,12,60,True,True,False,False,True,True,True,False,True,False,0.0007553315787610041,0.00012982261509943228,0.0007553315787610041,8.261439142691145e-05,0.0015460693252763989,0.0013572364305861815,0.0019945474501657495,0.0011447994240595693,0.0019945474501657495,-0.000955966529369486,0.0019945474501657495,-0.004531989472566159
5ccf1d044ff220911fd00646,LTCUSDT,2,2025-07-29T03:55:00Z,2025-07-29T04:00:00Z,109.22,108.85,0.0033876579381066155,0.004211682841970278,0.004852591100531049,0.0008240249038636623,0.8043478260869773,12,60,6,30,True,False,True,False,False,False,False,True,False,False,0.00036623329060604323,-0.0014649331624244331,0.00036623329060604323,-0.0029298663248489964,0.00036623329060604323,-0.004028566196667256,0.00036623329060604323,-0.00393700787401581,0.0023805163889398014,0.0016480498077274548,0.004211682841970278,0.0033876579381066155
37343833def5c1e7b01176da,DOGEUSDT,2,2025-07-29T11:55:00Z,2025-07-29T12:00:00Z,0.22753,0.22981,-0.01002065661670978,0.0018459104293939424,0.014899134180108013,0.011866567046103723,-5.428571428571324,3,15,10,50,True,True,False,False,True,True,True,False,True,False,0.001054805959653751,-0.0022414626642639768,0.0016701094361183985,0.0007471542214213663,0.0018459104293939424,-0.00013185074495671888,0.0018459104293939424,-0.007163890475981156,0.0018459104293939424,-0.012965323254076299,0.0018459104293939424,-0.01002065661670978
fbd12f7b467e132ab3ec7215,ETHUSDT,2,2025-07-29T12:55:00Z,2025-07-29T13:00:00Z,3851.49,3837.88,0.003533697348298885,0.006420891654917854,0.00609634193519911,0.002887194306618969,0.5503437120905746,12,60,6,30,True,False,True,True,False,False,False,True,False,False,0.00044917681209079177,-0.0004855263806995074,0.002980664625897916,0.0013397412429994248,0.002980664625897916,0.0005789966999783366,0.002980664625897916,-0.003323389129921195,0.002980664625897916,-0.0002180974116511131,0.006420891654917854,0.003533697348298885
b103dec523df49e1c4ae8dc0,ADAUSDT,2,2025-07-30T05:55:00Z,2025-07-30T06:00:00Z,0.7831,0.7851,-0.002553952241093094,0.0030647426893117974,0.0038309283616396405,0.005618694930404891,-0.8333333333333103,8,40,11,55,True,True,False,False,True,True,True,False,True,False,0.000255395224109281,-0.0024262546290384534,0.000255395224109281,-0.0011492785084919065,0.000255395224109281,-0.0014046737326011873,0.0008938832843826254,-0.0017877665687651089,0.0030647426893117974,-0.0019154641808197493,0.0030647426893117974,-0.002553952241093094
918d505aefb3882fb8c7bb0c,SOLUSDT,2,2025-07-30T06:55:00Z,2025-07-30T07:00:00Z,181.91,180.74,0.006431751965257477,0.009015447199164348,0.003133417624099792,0.002583695233906871,0.7134146341463398,12,60,2,10,True,False,True,True,False,False,False,True,False,False,0.00021988895607713728,-0.0014292782145016267,0.00021988895607713728,-0.0009895003023473522,0.0026936397119455176,0.0019240283656753027,0.004562695838601419,0.0,0.0052773349458523884,0.0038480567313506054,0.009015447199164348,0.006431751965257477
46bf075d2ecc28a0b38e37d1,SOLUSDT,2,2025-07-30T20:55:00Z,2025-07-30T21:00:00Z,176.08,175.77,0.001760563380281703,0.008007723761926539,0.0027260336210812685,0.006247160381644835,0.2198581560283665,9,45,3,15,True,False,True,True,True,True,False,True,False,False,0.0006815084052703575,-0.000283961835529208,0.001476601544752495,0.0005679236710587388,0.001476601544752495,-0.00039754656974098804,0.005452067242162698,0.00505452067242171,0.008007723761926539,0.006928668786915032,0.008007723761926539,0.001760563380281703
f548cb14bda242c4af9764cd,LINKUSDT,2,2025-07-31T02:55:00Z,2025-07-31T03:00:00Z,17.97,18.051,-0.004507512520868087,0.0017250973845297055,0.0060656649972176836,0.006232609905397793,-2.6129032258065368,2,10,11,55,True,True,False,False,True,True,True,False,True,False,0.0013912075681690918,0.0008347245409015342,0.0017250973845297055,-0.00044518642181428335,0.0017250973845297055,-0.001168614357262148,0.0017250973845297055,-0.0006121313299945902,0.0017250973845297055,-0.0031719532554258297,0.0017250973845297055,-0.004507512520868087
41924da76c477acf4d05203d,DOGEUSDT,2,2025-07-31T03:55:00Z,2025-07-31T04:00:00Z,0.22296,0.22316,-0.0008970218873340767,0.004440258342303512,0.0020631503408683888,0.005337280229637588,-0.20202020202020965,6,30,10,50,True,True,False,False,True,True,True,False,True,False,0.0019285970577681466,0.0017043415859346585,0.0026910656620021053,0.0024668101901686177,0.002735916756368853,0.002377108001435247,0.004440258342303512,0.003767491926802923,0.004440258342303512,-0.0010764262648009417,0.004440258342303512,-0.0008970218873340767
d35bce51e9c1fdad6952e66a,ADAUSDT,2,2025-07-31T06:55:00Z,2025-07-31T07:00:00Z,0.7826,0.7817,0.00115001277791977,0.0038333759263991856,0.0007666751852798939,0.0026833631484794156,0.3000000000000037,3,15,1,5,True,False,True,True,True,False,False,True,False,False,0.0021722463582927727,0.0021722463582927727,0.0033222591362125427,0.002811142346026041,0.0038333759263991856,0.002427804753386165,0.0038333759263991856,0.0014055711730130206,0.0038333759263991856,0.0015333503705596458,0.0038333759263991856,0.00115001277791977
f701dcd561ab4e64971b539a,AVAXUSDT,2,2025-07-31T07:55:00Z,2025-07-31T08:00:00Z,23.874,23.941,-0.0028064002680740626,0.0015079165619501472,0.006366758817123274,0.004314316830024209,-1.8611111111112288,2,10,10,50,True,True,False,False,True,True,True,False,True,False,0.0004188657116527608,0.000125659713495858,0.0015079165619501472,0.0006282985674791412,0.0015079165619501472,-0.0008377314233056703,0.0015079165619501472,-0.0041048839741979785,0.0015079165619501472,-0.0056965736784787965,0.0015079165619501472,-0.0028064002680740626
d13b82757adee4ad5a5ae7b0,AVAXUSDT,2,2025-07-31T08:55:00Z,2025-07-31T09:00:00Z,23.941,24.081,-0.0058477089511716545,0.001587235286746596,0.006808403993149838,0.007434944237918251,-3.68421052631578,1,5,12,60,True,True,False,False,True,True,True,False,True,False,0.001587235286746596,0.0011695417902342715,0.001587235286746596,0.0008771563426756294,0.001587235286746596,0.0011695417902342715,0.001587235286746596,-0.0010024643916294604,0.001587235286746596,-0.0005012321958147302,0.001587235286746596,-0.0058477089511716545
54254bb5d2bd960b9c22fc47,ADAUSDT,2,2025-07-31T10:55:00Z,2025-07-31T11:00:00Z,0.7839,0.7782,0.007271335629544634,0.011225921673682906,0.0012756729174639634,0.003954586044138272,0.6477272727272748,11,55,1,5,True,False,True,True,False,False,False,True,False,False,0.00012756729174638216,-0.0005102691669855286,0.00382701875239189,0.0036994514606455077,0.004847557086363089,0.0020410766679423977,0.007526470213037398,0.006633499170812723,0.008419441255262214,0.00816430667176945,0.011225921673682906,0.007271335629544634
d4554bf46f4a2f180ded3daa,XRPUSDT,2,2025-07-31T11:55:00Z,2025-07-31T12:00:00Z,3.1504,3.1328,0.005586592178770899,0.009554342305738959,0.0003809040121890274,0.00396775012696806,0.5847176079734163,5,25,1,5,True,False,True,True,False,False,False,True,False,False,0.00168232605383446,0.001618842051802838,0.004507364144235579,0.004094718131030882,0.004888268156424607,0.004697816150330022,0.009554342305738959,0.005237430167597682,0.009554342305738959,0.007967242254951651,0.009554342305738959,0.005586592178770899
0bf647a1ee7edda71c886d44,BTCUSDT,2,2025-08-01T14:55:00Z,2025-08-01T15:00:00Z,115568.7,115305.3,0.0022791638220382698,0.008157918190651993,0.0002483371362661092,0.005878754368613723,0.27938056851929716,5,25,1,5,True,False,True,True,True,False,False,True,False,False,0.002299065404387149,0.002299065404387149,0.004125684549536362,0.004098860677674812,0.005029908617125597,0.00422346188890237,0.008157918190651993,0.007074579881922971,0.008157918190651993,0.0033002015251533865,0.008157918190651993,0.0022791638220382698
1d784d52e5c95572de00e0dd,BNBUSDT,2,2025-08-02T00:55:00Z,2025-08-02T01:00:00Z,766.28,765.04,0.0016182074437542532,0.0046588714308084984,0.0001566007203633196,0.0030406639870542455,0.34733893557423845,6,30,1,5,True,False,True,True,True,False,False,True,False,False,0.0015660072036330478,0.0009004541420889765,0.0028971133267213386,0.0024664613457221728,0.0036279166884167313,0.0027274625463276064,0.0046588714308084984,0.0038106175288405795,0.0046588714308084984,0.0024142611056011155,0.0046588714308084984,0.0016182074437542532
471f060ca0bf80bd823261fc,SUIUSDT,2,2025-08-02T04:55:00Z,2025-08-02T05:00:00Z,3.5276,3.5228,0.0013606984918924808,0.004138791246173083,0.0015024379181313306,0.002778092754280602,0.32876712328766167,3,15,11,55,True,False,True,True,True,False,False,False,True,False,0.001445742147635816,0.001445742147635816,0.001672525229617875,0.0007086971311939978,0.004138791246173083,0.0031466152625013854,0.004138791246173083,-0.0002551309672298795,0.004138791246173083,2.834788524782034e-05,0.004138791246173083,0.0013606984918924808
869bbb3168624785a502c743,ETHUSDT,2,2025-08-02T07:55:00Z,2025-08-02T08:00:00Z,3517.67,3489.81,0.007920015237358856,0.009574519497280953,0.0015152075095162215,0.001654504259922097,0.8271971496437021,7,35,5,25,True,False,True,False,False,False,False,True,False,False,0.001699988913115789,0.0008642084106809233,0.0017397879846602696,-0.0003070214090576794,0.0017397879846602696,0.0006453135171860867,0.0032009824685090464,0.0030929564171738987,0.009574519497280953,0.005600297924478496,0.009574519497280953,0.007920015237358856
134f680c1b3a0c60667e44b8,ADAUSDT,2,2025-08-03T04:55:00Z,2025-08-03T05:00:00Z,0.7142,0.7131,0.0015401848221786474,0.0028003360403246864,0.001820218426211256,0.001260151218146039,0.550000000000025,10,50,2,10,True,False,True,True,False,False,False,True,False,False,0.0005600672080649062,-0.0005600672080650616,0.0005600672080649062,0.0002800336040324531,0.0008401008120973593,0.0008401008120973593,0.001960235228227327,-0.0008401008120975147,0.00224026883225978,0.001960235228227327,0.0028003360403246864,0.0015401848221786474
10f315136b820e3d6d5b2cab,XRPUSDT,2,2025-08-03T05:55:00Z,2025-08-03T06:00:00Z,2.833,2.8376,-0.0016237204376985306,0.0031768443346277234,0.0035298270384750393,0.0048005647723262535,-0.5111111111110848,4,20,7,35,True,True,False,False,True,True,True,False,True,False,3.529827038482563e-05,-0.00045887751500163596,0.0008824567596189166,0.0008824567596189166,0.0027179668196259305,0.0025414754677021163,0.0031768443346277234,-0.00035298270384747255,0.0031768443346277234,-0.0008471584892339342,0.0031768443346277234,-0.0016237204376985306
627032f0d366676d20615978,XRPUSDT,2,2025-08-03T08:55:00Z,2025-08-03T09:00:00Z,2.8656,2.8641,0.0005234505862646764,0.0056183696259073925,0.0014307649357899813,0.005094919039642716,0.09316770186335627,4,20,1,5,True,False,True,True,True,True,False,True,False,False,0.0028615298715801173,0.0019542155220548126,0.004327191513121149,0.004048017867113363,0.004327191513121149,0.004187604690117256,0.0056183696259073925,0.0039782244556114165,0.0056183696259073925,0.002652149637074278,0.0056183696259073925,0.0005234505862646764
8e64d561f13bff9a6802fa61,ADAUSDT,2,2025-08-03T11:55:00Z,2025-08-03T12:00:00Z,0.7236,0.7243,-0.0009673852957435516,0.0035931453841902246,0.003869541182974053,0.004560530679933776,-0.26923076923077743,3,15,11,55,True,True,False,False,True,True,True,False,True,False,0.00041459369817574204,-0.0005527915975676561,0.0008291873963516375,0.0008291873963516375,0.0035931453841902246,0.0017965726920950358,0.0035931453841902246,0.00027639579878382806,0.0035931453841902246,-0.0013819789939192935,0.0035931453841902246,-0.0009673852957435516
c345f013213a01ac8ef5c024,XRPUSDT,2,2025-08-03T12:55:00Z,2025-08-03T13:00:00Z,2.8753,2.8744,0.00031301081626269357,0.0036170138768129192,0.0025388655096858976,0.0033040030605502257,0.08653846153847179,11,55,2,10,True,False,True,True,True,True,False,True,False,False,0.0019476228567454773,-0.0023301916321774867,0.0019476228567454773,-0.0014954961221436886,0.0019476228567454773,-0.0019476228567453229,0.002469307550516582,0.0011824853058811497,0.002469307550516582,0.0014954961221438432,0.0036170138768129192,0.00031301081626269357
ec27ef463216296335498c04,XRPUSDT,2,2025-08-03T16:55:00Z,2025-08-03T17:00:00Z,2.9167,2.9143,0.0008228477388830458,0.005382795625192947,0.004011382727054487,0.004559947886309901,0.15286624203822538,10,50,3,15,True,False,True,True,True,True,False,True,False,False,0.0027771111187301465,0.001439983543045216,0.0027771111187301465,-0.0013028422532314003,0.0027771111187301465,-0.0018171220900332849,0.003154249665718063,0.0029485377309973397,0.005314224980286039,0.005074227723111786,0.005382795625192947,0.0008228477388830458
107b18cb1cfb1dea436f42d4,SOLUSDT,2,2025-08-03T23:55:00Z,2025-08-04T00:00:00Z,161.85,164.41,-0.01581711461229535,0.003336422613530998,0.01668211306765534,0.01915353722582635,-4.740740740740815,3,15,12,60,True,True,False,False,True,True,True,False,True,False,0.0021007105344454952,0.001791782514674032,0.0032128514056223778,0.00290392338585109,0.003336422613530998,0.0016682113067654112,0.003336422613530998,-0.005437133147976493,0.003336422613530998,-0.012233549582947286,0.003336422613530998,-0.01581711461229535
debd7c3938076e5a0f011b49,DOGEUSDT,2,2025-08-04T00:55:00Z,2025-08-04T01:00:00Z,0.20275,0.20104,0.008434032059186273,0.009815043156596889,0.00039457459926015655,0.0013810110974106157,0.8592964824120605,12,60,1,5,True,False,True,False,False,False,False,True,False,False,0.005228113440197314,0.0029593094944513794,0.00660912453760793,0.00641183723797792,0.00660912453760793,0.0044389642416770006,0.007743526510480965,0.005030826140567304,0.007743526510480965,0.004932182490752162,0.009815043156596889,0.008434032059186273
685c1f6f140224c3f8582f32,LTCUSDT,2,2025-08-04T01:55:00Z,2025-08-04T02:00:00Z,110.84,111.38,-0.004871887405268784,0.00171418260555754,0.006044749188018781,0.006586070010826324,-2.8421052631578867,1,5,7,35,True,True,False,False,True,True,True,False,True,False,0.00171418260555754,0.0013533020570191778,0.00171418260555754,0.0001804402742693092,0.00171418260555754,-9.022013713452639e-05,0.00171418260555754,-0.004330566582461113,0.00171418260555754,-0.0009924215084806877,0.00171418260555754,-0.004871887405268784
a7e1fcf53d6bfcc5d603ee18,DOGEUSDT,2,2025-08-04T02:55:00Z,2025-08-04T03:00:00Z,0.20258,0.20159,0.004886958238720597,0.006515944318294084,0.0011353539342481005,0.0016289860795734865,0.7500000000000053,8,40,1,5,True,False,True,False,False,False,False,True,False,False,0.0020732550103662933,0.001777075723171089,0.004195873235265166,0.003998420377134985,0.00498568466778562,0.004738868595122995,0.005874222529371096,0.004837595024188017,0.006515944318294084,0.003949057162602541,0.006515944318294084,0.004886958238720597
6fe7cd1ae285f8514b97b26c,LTCUSDT,2,2025-08-04T03:55:00Z,2025-08-04T04:00:00Z,111.46,110.67,0.007087744482325427,0.009151265027812633,0.00296070339135127,0.002063520545487206,0.7745098039215639,9,45,1,5,True,False,True,False,False,False,False,True,False,False,0.00026915485375907886,-0.0009869011304503808,0.00026915485375907886,-0.0013457742687960318,0.0030504216759374594,0.0017943656917278723,0.004575632513906253,0.0033195765296966657,0.009151265027812633,0.00798492732818949,0.009151265027812633,0.007087744482325427
96e137dfcbd06e183fce70b9,LINKUSDT,2,2025-08-04T04:55:00Z,2025-08-04T05:00:00Z,16.533,16.519,0.0008467912659531179,0.005625113409544545,0.0009072763563779722,0.004778322143591428,0.15053763440863338,10,50,1,5,True,False,True,True,True,True,False,True,False,False,0.0008467912659531179,0.0008467912659531179,0.0019960079840320114,0.0012097018085041778,0.0022984334361580024,0.0012701868989294619,0.004052501058489092,0.0033266799733865427,0.005564628319119476,0.004112986148914376,0.005625113409544545,0.0008467912659531179
2d4f7f5f19da3a61daa19715,LINKUSDT,2,2025-08-04T10:55:00Z,2025-08-04T11:00:00Z,16.645,16.581,0.0038449984980474653,0.005527185340943151,0.0010814058275758897,0.0016821868428956856,0.6956521739130536,5,25,2,10,True,False,True,True,False,False,False,True,False,False,0.002162811655151566,0.0006007810153197964,0.002162811655151566,-0.0006007810153200098,0.002162811655151566,0.0018624211474916675,0.005527185340943151,0.002883748873535492,0.005527185340943151,0.0028236707720036406,0.005527185340943151,0.0038449984980474653
1fc6e4752c93218a3b378f54,XRPUSDT,2,2025-08-04T11:55:00Z,2025-08-04T12:00:00Z,2.9911,3.0019,-0.003610711778275599,0.004312794624051249,0.004580254755775483,0.007923506402326847,-0.8372093023256126,7,35,12,60,True,True,False,False,True,True,True,False,True,False,0.0018722209220687464,0.0018722209220687464,0.002440573701982502,0.0017384908562067037,0.002440573701982502,0.0005349202634481709,0.004045334492327164,0.003008926481896258,0.004312794624051249,0.0015713282738790762,0.004312794624051249,-0.003610711778275599
c6e2d5464392d85b3e4df285,ETHUSDT,2,2025-08-04T15:55:00Z,2025-08-04T16:00:00Z,3646.6,3683.05,-0.00999561235123136,5.210332912851823e-05,0.013971919047880293,0.010047715680359877,-191.84210526310423,1,5,9,45,True,True,False,False,True,True,True,False,True,False,5.210332912851823e-05,-0.0024982175176877443,5.210332912851823e-05,-0.003636263917073498,5.210332912851823e-05,-0.005043053803542991,5.210332912851823e-05,-0.004382164207755174,5.210332912851823e-05,-0.010102561289968778,5.210332912851823e-05,-0.00999561235123136
ca4144138dc1e18cc21fc9e3,LTCUSDT,2,2025-08-04T16:55:00Z,2025-08-04T17:00:00Z,119.13,119.15,-0.0001678838243936056,0.004029211785444387,0.004197095609837992,0.004197095609837992,-0.04166666666668887,5,25,10,50,True,True,False,False,True,True,True,False,True,False,0.002098547804918996,0.0010073029463610371,0.002098547804918996,-0.0005875933853773809,0.002098547804918996,0.0003357676487869726,0.004029211785444387,-0.00083941912196767,0.004029211785444387,0.0010912448585578397,0.004029211785444387,-0.0001678838243936056
b9efd914eecdae17b385f6b2,LTCUSDT,2,2025-08-04T17:55:00Z,2025-08-04T18:00:00Z,119.14,119.31,-0.0014268927312405717,0.002350176263219751,0.0062111801242235596,0.003777068994460323,-0.6071428571428608,7,35,2,10,True,True,False,False,True,True,True,True,False,False,0.0008393486654355742,-0.003021655195568234,0.0008393486654355742,-0.002350176263219751,0.0008393486654355742,-0.0007554137988920884,0.0011750881316098755,0.0006714789323484832,0.002350176263219751,8.393486654360514e-05,0.002350176263219751,-0.0014268927312405717
e52db264b48538c3f8d196bb,LTCUSDT,2,2025-08-04T18:55:00Z,2025-08-04T19:00:00Z,119.3,119.79,-0.004107292539815667,0.0025984911986588624,0.004945515507124924,0.00670578373847453,-1.5806451612903403,3,15,12,60,True,True,False,False,True,True,True,False,True,False,0.0013411567476948583,-0.0013411567476948583,0.0015088013411566857,-0.0008382229673093757,0.0025984911986588624,0.0017602682313494866,0.0025984911986588624,-0.0001676445934618275,0.0025984911986588624,-0.0011735121542330307,0.0025984911986588624,-0.004107292539815667
5c32bf09c8e0a500845b0060,SOLUSDT,2,2025-08-05T02:55:00Z,2025-08-05T03:00:00Z,169.34,167.84,0.008857918979567734,0.010924766741466838,0.00011810558639429687,0.0020668477618991047,0.8108108108108133,5,25,1,5,True,False,True,False,False,False,False,True,False,False,0.0020668477618991043,0.00200779496870204,0.006732018424471565,0.005491909767332035,0.007794968702019565,0.007027282390457055,0.010924766741466838,0.0077359159088225,0.010924766741466838,0.007972127081610927,0.010924766741466838,0.008857918979567734
4d2a597bb385807c1ea84c3d,ETHUSDT,2,2025-08-05T08:55:00Z,2025-08-05T09:00:00Z,3633.0,3658.81,-0.0071043214973850665,0.0003715937241948552,0.008780622075419789,0.007475915221579922,-19.118518518519767,1,5,10,50,True,True,False,False,True,True,True,False,True,False,0.0003715937241948552,-0.0012634186622626328,0.0003715937241948552,-0.001224883016790481,0.0003715937241948552,-0.0014285714285714435,0.0003715937241948552,-0.0033003027800715063,0.0003715937241948552,-0.0060418387007981885,0.0003715937241948552,-0.0071043214973850665
8f3c41f1350707227fdb4b57,LINKUSDT,2,2025-08-05T09:55:00Z,2025-08-05T10:00:00Z,16.804,16.887,-0.00493930016662711,0.002499404903594266,0.00987860033325401,0.007438705070221376,-1.9761904761906148,1,5,9,45,True,True,False,False,True,True,True,False,True,False,0.002499404903594266,0.001428231373482347,0.002499404903594266,0.001190192811235395,0.002499404903594266,0.0008331349678647553,0.002499404903594266,-0.005415377291121227,0.002499404903594266,-0.008747917162580459,0.002499404903594266,-0.00493930016662711
b9d4474bc25a0d4df897a85b,LTCUSDT,2,2025-08-05T22:55:00Z,2025-08-05T23:00:00Z,121.05,120.22,0.006856670797191229,0.008426270136307278,0.0023957042544403657,0.0015695993391160483,0.81372549019608,12,60,1,5,True,False,True,False,False,False,False,True,False,False,0.001569599339116049,0.0007434944237918497,0.0030565881866996313,0.002230483271375432,0.0030565881866996313,0.0009087154068566661,0.0032218091697645648,0.002478314745972715,0.0036348616274266645,0.0009087154068566661,0.008426270136307278,0.006856670797191229
8c784355dc598cbcdc98b491,XRPUSDT,2,2025-08-05T23:55:00Z,2025-08-06T00:00:00Z,2.9607,2.9304,0.010234066268112268,0.011956631877596546,0.000810619110345437,0.0017225656094842778,0.855932203389828,12,60,1,5,True,False,True,False,False,False,False,True,False,False,0.0012497044617827738,-6.755159252878643e-05,0.002870942682473798,0.002668287904887439,0.0052690242172459415,0.0033100280339109847,0.0052690242172459415,0.0029722700712669025,0.0052690242172459415,0.0034451312189685574,0.011956631877596546,0.010234066268112268
e754844cc1fe6b790afbefdc,XRPUSDT,2,2025-08-06T05:55:00Z,2025-08-06T06:00:00Z,2.9498,2.9473,0.0008475150857686591,0.007288629737609354,0.0016611295681062046,0.0064411146518406955,0.11627906976745962,4,20,11,55,True,False,True,True,True,True,False,False,True,False,0.006305512238117896,0.006305512238117896,0.006576717065563795,0.0057970031866567615,0.006576717065563795,0.004949488100888253,0.007288629737609354,0.004169774221981218,0.007288629737609354,0.0008814156891993212,0.007288629737609354,0.0008475150857686591
0a75532dce3a557139d83459,DOGEUSDT,2,2025-08-06T07:55:00Z,2025-08-06T08:00:00Z,0.20126,0.19944,0.00904302891781769,0.013017986683891402,0.0010434264135944337,0.003974957766073713,0.6946564885496181,10,50,2,10,True,False,True,True,False,False,False,True,False,False,0.0025340355758719205,-0.00044718274868332873,0.0038755838219219066,0.0025837225479478916,0.006260558481566051,0.004968697207592174,0.007701480671767842,0.0048693232634402315,0.012272682102752659,0.011477690549537943,0.013017986683891402,0.00904302891781769
2dbed3fec941b14ed647209e,LINKUSDT,2,2025-08-06T09:55:00Z,2025-08-06T10:00:00Z,16.416,16.374,0.0025584795321638397,0.005726120857699878,0.0016447368421053255,0.003167641325536038,0.4468085106383092,5,25,1,5,True,False,True,True,True,False,False,True,False,False,0.0017665692007797218,0.0010355750487329105,0.0034722222222221375,0.0027412280701755425,0.0035331384015594436,0.0017056530214424155,0.005726120857699878,0.003106725146198948,0.005726120857699878,0.00012183235867439641,0.005726120857699878,0.0025584795321638397
b4c467da2bc3fa184c487ee4,BNBUSDT,2,2025-08-06T12:55:00Z,2025-08-06T13:00:00Z,759.6,763.01,-0.00448920484465504,0.00189573459715647,0.005792522380200075,0.006384939441811509,-2.3680555555554434,8,40,12,60,True,True,False,False,True,True,True,False,True,False,0.0,-0.0009215376513953815,0.0,-0.0006845708267508976,0.0,-0.0022643496577146225,0.0,-0.0010005265929436426,0.00189573459715647,-0.002540810953133162,0.00189573459715647,-0.00448920484465504
dbed6f680a01e138da08d887,SUIUSDT,2,2025-08-06T17:55:00Z,2025-08-06T18:00:00Z,3.4999,3.4922,0.002200062858938775,0.0024000685733878008,0.00797165633303816,0.0002000057144490256,0.9166666666666491,12,60,4,20,True,False,True,False,False,False,False,True,False,False,2.8572244921216876e-05,-0.005657304494414138,2.8572244921216876e-05,-0.004800137146775728,2.8572244921216876e-05,-0.005800165719020603,2.8572244921216876e-05,-0.001400040001142926,0.00022857795937024255,-0.0004857281636618289,0.0024000685733878008,0.002200062858938775
a5aff07ed58131ae43479e8d,LINKUSDT,2,2025-08-06T18:55:00Z,2025-08-06T19:00:00Z,16.782,16.784,-0.00011917530687634916,0.0038731974734835706,0.0027410320581575127,0.00399237278035992,-0.030769230769213108,11,55,1,5,True,True,False,False,True,True,True,True,False,False,0.00017876296031462958,-0.002204743177213624,0.00029793826719097874,-0.00011917530687634916,0.000893814801573148,0.00023835061375291,0.0010725777618877776,0.0005362888809438888,0.0027410320581575127,0.002562269097842883,0.0038731974734835706,-0.00011917530687634916
ddb7ac0ecaf538c59a2ab269,DOGEUSDT,2,2025-08-06T19:55:00Z,2025-08-06T20:00:00Z,0.20575,0.20504,0.003450789793438583,0.005249088699878482,9.720534629414339e-05,0.001798298906439899,0.6574074074073981,8,40,1,5,True,False,True,True,False,False,False,True,False,False,0.002041312272174853,0.001992709599027916,0.0026731470230862454,0.0012150668286755784,0.0026731470230862454,0.0020899149453219245,0.0033535844471445746,0.0028189550425273256,0.005249088699878482,0.0030133657351153424,0.005249088699878482,0.003450789793438583
3940acb0322edba266af7657,ADAUSDT,2,2025-08-06T21:55:00Z,2025-08-06T22:00:00Z,0.7401,0.7425,-0.003242805026347884,0.001621402513173867,0.003648155654641313,0.004864207539521751,-2.0000000000000924,1,5,7,35,True,True,False,False,True,True,True,False,True,False,0.001621402513173867,-0.00013511687609780974,0.001621402513173867,-0.0018916362653696363,0.001621402513173867,-0.001621402513173867,0.001621402513173867,-0.0022969868936630654,0.001621402513173867,-0.0018916362653696363,0.001621402513173867,-0.003242805026347884
905366852ebcce35da21503c,LTCUSDT,2,2025-08-06T23:55:00Z,2025-08-07T00:00:00Z,119.15,118.09,0.008896349139739843,0.011498111624003394,0.0006714225765841233,0.0026017624842635517,0.7737226277372254,5,25,1,5,True,False,True,False,False,False,False,True,False,False,0.0028535459504826135,0.0024339068401175515,0.008812421317666902,0.00839278220730172,0.010239194292908088,0.009315988250104905,0.011498111624003394,0.008308854385228779,0.011498111624003394,0.006798153587914412,0.011498111624003394,0.008896349139739843
31b9edb73382d00918432921,LTCUSDT,2,2025-08-07T01:55:00Z,2025-08-07T02:00:00Z,118.91,120.25,-0.011269026995206488,0.0010932638129677525,0.018249095954923907,0.01236229080817424,-10.307692307692696,1,5,5,25,True,True,False,False,True,True,True,False,True,False,0.0010932638129677525,-0.004288958035489068,0.0010932638129677525,-0.004541249684635491,0.0010932638129677525,-0.009082499369270863,0.0010932638129677525,-0.013035068539231328,0.0010932638129677525,-0.014717012866874107,0.0010932638129677525,-0.011269026995206488
f37410de35f2a61dac7c3150,SUIUSDT,2,2025-08-07T04:55:00Z,2025-08-07T05:00:00Z,3.4487,3.4845,-0.010380723171049976,0.0021747325079016105,0.010728680372314182,0.012555455678951586,-4.773333333333159,2,10,12,60,True,True,False,False,True,True,True,False,True,False,0.0007249108359671606,-0.0010728680372313667,0.0021747325079016105,0.0006379215356511734,0.0021747325079016105,-0.0003769536347029544,0.0021747325079016105,-0.0035375648795198155,0.0021747325079016105,-0.004523443616435195,0.0021747325079016105,-0.010380723171049976
80c2f53d15c081d16ff8209f,LTCUSDT,2,2025-08-07T06:55:00Z,2025-08-07T07:00:00Z,120.52,119.45,0.008878194490540933,0.010371722535678725,0.0001659475605709445,0.001493528045137792,0.8559999999999947,12,60,1,5,True,False,True,False,False,False,False,True,False,False,0.004314636574842317,0.002904082309989996,0.0044805841354131435,0.002323265847992044,0.0044805841354131435,0.002987056090275468,0.007550614005974084,0.006637902422834361,0.007550614005974084,0.005974112180550936,0.010371722535678725,0.008878194490540933
065a3343680420e5663e9b1d,SOLUSDT,2,2025-08-07T07:55:00Z,2025-08-07T08:00:00Z,169.91,169.31,0.0035312812665528478,0.004531810958742924,0.0033547172032251968,0.0010005296921900765,0.7792207792207615,12,60,1,5,True,False,True,False,False,False,False,True,False,False,0.0006474015655346079,-0.0012359484432935552,0.0006474015655346079,-0.00017656406332765075,0.0011182390677417322,0.0011182390677417322,0.001412512506621206,0.00017656406332765075,0.003295862515449369,0.002589606262138766,0.004531810958742924,0.0035312812665528478
1ac53b05c8eed2cac3f06c5f,SUIUSDT,2,2025-08-07T08:55:00Z,2025-08-07T09:00:00Z,3.503,3.5214,-0.005252640593776691,0.0021124750214102407,0.005680844990008508,0.007365115615186932,-2.4864864864864282,3,15,12,60,True,True,False,False,True,True,True,False,True,False,0.0012846131886954525,-0.0020839280616613935,0.0013417071081930198,0.0007707679132172208,0.0021124750214102407,0.0014558949471881542,0.0021124750214102407,-0.001056237510705057,0.0021124750214102407,-0.0019697402226662593,0.0021124750214102407,-0.005252640593776691
4e961bec44f18d4940fcaf25,AVAXUSDT,2,2025-08-07T09:55:00Z,2025-08-07T10:00:00Z,22.304,22.779,-0.021296628407460612,0.000851865136298348,0.022462338593974233,0.02214849354375896,-25.000000000002245,1,5,12,60,True,True,False,False,True,True,True,False,True,False,0.000851865136298348,-0.008294476327116315,0.000851865136298348,-0.007308106169296999,0.000851865136298348,-0.014392037302726037,0.000851865136298348,-0.018023672883787707,0.000851865136298348,-0.020175753228120645,0.000851865136298348,-0.021296628407460612
54b9bda7a9745d377d228795,LINKUSDT,2,2025-08-07T11:55:00Z,2025-08-07T12:00:00Z,17.34,17.64,-0.017301038062283777,0.0023644752018454653,0.017531718569780766,0.019665513264129242,-7.317073170731659,10,50,12,60,True,True,False,False,True,True,True,False,True,False,0.0,-0.0011534025374855578,0.00034602076124568785,-0.0005190311418685318,0.0004036908881200375,-0.0012110726643599075,0.0006343713956170261,-0.00161476355247974,0.0008650519031142196,-0.0005190311418685318,0.0023644752018454653,-0.017301038062283777
65635ec9c7d27c353f76eec1,ADAUSDT,2,2025-08-07T12:55:00Z,2025-08-07T13:00:00Z,0.7677,0.767,0.0009118145108766887,0.0032564803959880912,0.004428813338543648,0.0023446658851114027,0.2800000000000071,3,15,9,45,True,False,True,True,True,False,False,False,True,False,0.002214406669271896,0.001693369805913871,0.003126221180148585,0.003126221180148585,0.0032564803959880912,0.0023446658851114027,0.0032564803959880912,-0.0001302592158395063,0.0032564803959880912,-0.0022144066692717517,0.0032564803959880912,0.0009118145108766887
70eef204a30930e32da416e8,ADAUSDT,2,2025-08-07T13:55:00Z,2025-08-07T14:00:00Z,0.7671,0.7594,0.010037804719071881,0.011602137922044087,0.0006518055012383586,0.001564333202972206,0.8651685393258454,10,50,1,5,True,False,True,False,False,False,False,True,False,False,0.001825055403467549,0.0015643332029722054,0.0050840829096597765,0.0049537218094121045,0.0059966106113936235,0.005475166210402792,0.007821666014861173,0.007300221613870486,0.010428888019814897,0.008994915917090363,0.011602137922044087,0.010037804719071881
afc80ab1ebdabac938beddef,LINKUSDT,2,2025-08-07T15:55:00Z,2025-08-07T16:00:00Z,17.832,17.942,-0.006168685509196917,0.012842081650964513,0.012393449977568421,0.01901076716016143,-0.4803493449781651,10,50,12,60,True,True,False,False,True,True,True,False,True,False,0.00039255271422170533,-0.0027478689995513394,0.00039255271422170533,-0.004205921938088789,0.00039255271422170533,-0.005944369672498772,0.00039255271422170533,-0.008748317631224698,0.0011215791834903305,0.0008972633467923839,0.012842081650964513,-0.006168685509196917
fda9781a7a66e60e2b3c0528,LTCUSDT,2,2025-08-07T17:55:00Z,2025-08-07T18:00:00Z,121.3,120.99,0.002555647155812055,0.008326463314097204,0.000906842539159105,0.005770816158285149,0.306930693069312,8,40,2,10,True,False,True,True,True,False,False,True,False,False,0.0017312448474855215,0.0005770816158284681,0.0017312448474855215,0.0005770816158284681,0.0021434460016487296,0.0017312448474855215,0.004369332234130265,0.003957131079967056,0.008326463314097204,0.007584501236603477,0.008326463314097204,0.002555647155812055
b85bd36f1f42f67aa0ef11a8,SOLUSDT,2,2025-08-07T21:55:00Z,2025-08-07T22:00:00Z,173.48,175.01,-0.008819460456536784,5.764353239561278e-05,0.009395895780493567,0.008877103988932397,-153.00000000013927,2,10,12,60,True,True,False,False,True,True,True,False,True,False,0.0,-0.0013258012451004047,5.764353239561278e-05,-0.0026516024902006456,5.764353239561278e-05,-0.0032856813465530414,5.764353239561278e-05,-0.003573899008531269,5.764353239561278e-05,-0.0037468296057182712,5.764353239561278e-05,-0.008819460456536784
df5ab4f10b3b88c8f41bd22b,LINKUSDT,2,2025-08-07T22:55:00Z,2025-08-07T23:00:00Z,18.47,18.46,0.0005414185165131571,0.007092582566323781,0.001028695181375306,0.006551164049810624,0.0763358778625801,1,5,10,50,True,False,True,True,True,True,False,False,True,False,0.007092582566323781,0.005901461829994489,0.007092582566323781,0.004926908500270576,0.007092582566323781,0.004656199242013997,0.007092582566323781,0.0032485110990795193,0.007092582566323781,0.0018949648077964344,0.007092582566323781,0.0005414185165131571
97ad6ba453ba96b7a9004fc2,AVAXUSDT,2,2025-08-08T02:55:00Z,2025-08-08T03:00:00Z,23.209,23.273,-0.0027575509500624784,0.0017234693437890105,0.008100305915808473,0.004481020293851489,-1.6000000000000358,1,5,7,35,True,True,False,False,True,True,True,False,True,False,0.0017234693437890105,0.0,0.0017234693437890105,0.0,0.0017234693437890105,-0.0012495152742470557,0.0017234693437890105,-0.007798698780645479,0.0017234693437890105,-0.0026713774828730735,0.0017234693437890105,-0.0027575509500624784
77af561e8fb3b8161a86d0dc,DOGEUSDT,2,2025-08-08T03:55:00Z,2025-08-08T04:00:00Z,0.2228,0.2213,0.006732495511669665,0.008842010771992816,0.0006732495511670163,0.0021095152603231512,0.7614213197969553,2,10,1,5,True,False,True,False,False,False,False,True,False,False,0.005206463195691177,0.0036804308797126904,0.008842010771992816,0.0078096947935367665,0.008842010771992816,0.006373429084380631,0.008842010771992816,0.0025134649910233614,0.008842010771992816,0.0040843806104129,0.008842010771992816,0.006732495511669665
147095a6ef5eb4fb6995d45c,XRPUSDT,2,2025-08-08T05:55:00Z,2025-08-08T06:00:00Z,3.3153,3.3479,-0.009833197599010636,0.0031671341960003477,0.010195155792839208,0.013000331795010985,-3.104761904761915,3,15,12,60,True,True,False,False,True,True,True,False,True,False,3.0163182819114718e-05,-0.00416251922902899,0.00039212137664768764,-0.00021114227973326722,0.0031671341960003477,-0.004072029680571914,0.0031671341960003477,-0.006243778843543485,0.0031671341960003477,-0.008596507103429478,0.0031671341960003477,-0.009833197599010636
b66ee587a5a0233f54ea60da,LTCUSDT,2,2025-08-08T16:55:00Z,2025-08-08T17:00:00Z,122.58,123.19,-0.0049763419807472625,0.002528960678740433,0.007831620166421993,0.0075053026594876955,-1.9677419354838548,1,5,9,45,True,True,False,False,True,True,True,False,True,False,0.002528960678740433,0.0019579050416054402,0.002528960678740433,-0.0019579050416054402,0.002528960678740433,-0.004813183227280172,0.002528960678740433,-0.0033447544460760044,0.002528960678740433,-0.005465818241148651,0.002528960678740433,-0.0049763419807472625
9cc2e27111310ea0cd0b6252,ETHUSDT,2,2025-08-08T19:55:00Z,2025-08-08T20:00:00Z,4060.0,4056.82,0.0007832512315270533,0.003802955665024644,0.0024630541871921183,0.003019704433497591,0.20595854922278659,5,25,1,5,True,False,True,True,True,True,False,True,False,False,0.002610837438423623,0.0019039408866995118,0.002610837438423623,0.0013399014778325258,0.002662561576354666,0.0022315270935960455,0.003802955665024644,0.0029088669950738783,0.003802955665024644,0.002081280788177295,0.003802955665024644,0.0007832512315270533
0f126b418b3d26517c055d9a,LTCUSDT,2,2025-08-08T20:55:00Z,2025-08-08T21:00:00Z,124.77,124.68,0.0007213272421254244,0.0028051614971547193,0.004969143223531335,0.002083834255029295,0.25714285714283047,11,55,3,15,True,False,True,True,True,False,False,True,False,False,8.01474713472061e-05,-0.0015228019555982826,8.01474713472061e-05,-0.002404424140418347,8.01474713472061e-05,-0.0032860463252385253,8.01474713472061e-05,-0.002324276669071141,8.01474713472061e-05,-0.002163981726376615,0.0028051614971547193,0.0007213272421254244
c4d45c8e9aa710bf09852c3d,DOGEUSDT,2,2025-08-08T23:55:00Z,2025-08-09T00:00:00Z,0.23033,0.23036,-0.0001302479051795348,0.0013458950201884457,0.007510962532019196,0.0014761429253679805,-0.09677419354839288,12,60,5,25,True,True,False,False,True,True,True,True,False,False,8.683193678643686e-05,-0.0017366387357269297,8.683193678643686e-05,-0.002257630356445069,8.683193678643686e-05,-0.004732340554855988,8.683193678643686e-05,-0.005861155733078583,8.683193678643686e-05,-0.0009117353362566229,0.0013458950201884457,-0.0001302479051795348
e8957a959e95c9cb3c8424c7,ADAUSDT,2,2025-08-09T01:55:00Z,2025-08-09T02:00:00Z,0.7978,0.7986,-0.0010027575833542529,0.002256204562546895,0.002632238656304966,0.0032589621459011477,-0.4444444444444787,2,10,6,30,True,True,False,False,True,True,True,False,True,False,0.0012534469791927814,0.0008774128854348495,0.002256204562546895,0.0015041363750313097,0.002256204562546895,0.0008774128854348495,0.002256204562546895,-0.00213085986462777,0.002256204562546895,-0.002256204562547034,0.002256204562546895,-0.0010027575833542529
ad71656669b2774694bdc384,LTCUSDT,2,2025-08-09T03:55:00Z,2025-08-09T04:00:00Z,123.02,124.55,-0.012437002113477492,0.002194765078848935,0.013981466428223044,0.014631767192326428,-5.666666666666755,3,15,12,60,True,True,False,False,True,True,True,False,True,False,0.0012193139326938016,-0.000650300764103384,0.001463176719232585,0.001463176719232585,0.002194765078848935,-0.00024386278653878342,0.002194765078848935,-0.001707039505771484,0.002194765078848935,-0.007072020809624488,0.002194765078848935,-0.012437002113477492
40b1a70a362eea39fdded1b0,SUIUSDT,2,2025-08-09T06:55:00Z,2025-08-09T07:00:00Z,3.9027,3.9096,-0.0017680067645477106,0.0015117739001204336,0.003638506674866173,0.0032797806646681442,-1.169491525423785,10,50,7,35,True,True,False,False,True,True,True,True,False,False,0.0005124657288543264,-0.001229917749250611,0.0005124657288543264,-0.002203602634073945,0.0005124657288543264,-0.002101109488302966,0.0005124657288543264,-0.0025110820713865408,0.0005124657288543264,-0.0003331027237553691,0.0015117739001204336,-0.0017680067645477106
e382eb95a7e5688d0159c151,LINKUSDT,2,2025-08-09T07:55:00Z,2025-08-09T08:00:00Z,20.799,20.759,0.0019231693831433794,0.004711764988701331,0.006442617433530475,0.0027885956055579515,0.40816326530611796,4,20,2,10,True,False,True,True,True,False,False,True,False,False,0.000144237703735762,-0.0019231693831433794,0.000144237703735762,-0.003942497235444048,0.0011058223953074517,-0.000865426222414572,0.004711764988701331,-0.00216356555603643,0.004711764988701331,-0.0012019808644647403,0.004711764988701331,0.0019231693831433794
702ef53e8a73768457f1ed99,DOGEUSDT,2,2025-08-09T08:55:00Z,2025-08-09T09:00:00Z,0.23645,0.23734,-0.0037640093042926705,0.0032987946711778514,0.007739479805455692,0.0070628039754705215,-1.1410256410256392,2,10,10,50,True,True,False,False,True,True,True,False,True,False,0.002537534362444447,0.002495242123070447,0.0032987946711778514,-0.002495242123070447,0.0032987946711778514,-0.005667160076126064,0.0032987946711778514,-0.0030873334743075002,0.0032987946711778514,-0.002918164516811149,0.0032987946711778514,-0.0037640093042926705
fb44e8dafd9c7e4d564a9e3c,ETHUSDT,2,2025-08-09T09:55:00Z,2025-08-09T10:00:00Z,4217.98,4216.13,0.00043859857087977054,0.0016524497508284405,0.0067970924470955475,0.0012138511799486698,0.26542324246766547,11,55,3,15,True,False,True,True,True,False,False,True,False,False,0.0010478949639398868,-0.0005476555128285104,0.0010478949639398868,-0.0024514103907557995,0.0010478949639398868,-0.004637290835897847,0.0010478949639398868,-0.0016097752952837314,0.0010478949639398868,-0.0005334306943133918,0.0016524497508284405,0.00043859857087977054
5350a89abcae2eabd05204a9,ETHUSDT,2,2025-08-09T10:55:00Z,2025-08-09T11:00:00Z,4216.13,4189.39,0.006342309179270986,0.00809510143188187,0.0001992348433279205,0.0017527922526108831,0.7834749487254526,9,45,1,5,True,False,True,False,False,False,False,True,False,False,0.0032446817341970696,0.0020611318910945605,0.0032446817341970696,0.0019022183851068247,0.003885079444893803,0.0036905882883118877,0.00502593610728334,0.0020753629513321457,0.00809510143188187,0.00392777262560699,0.00809510143188187,0.006342309179270986
05eb60767f7ffa1af5432248,SOLUSDT,2,2025-08-09T12:55:00Z,2025-08-09T13:00:00Z,182.1,179.72,0.013069741900054891,0.013234486545853907,0.0017023613399231316,0.00016474464579901635,0.9875518672199166,12,60,1,5,True,False,True,False,False,False,False,True,False,False,0.0008786381109280428,-0.0016474464579901778,0.004008786381109224,0.0038440417353102067,0.007413509060955488,0.006864360241625481,0.007413509060955488,0.005711147721032356,0.00977484898407469,0.007797913234486477,0.013234486545853907,0.013069741900054891
c69aac784ac9b228b81bd597,ETHUSDT,2,2025-08-09T14:55:00Z,2025-08-09T15:00:00Z,4195.48,4207.51,-0.002867371552242093,0.006073202589453308,0.0071553195343561264,0.008940574141695402,-0.4721350078493274,5,25,1,5,True,True,False,False,True,True,True,True,False,False,0.0001835308474833695,-0.0037468895096628412,0.0001835308474833695,-0.003894667594649515,0.0001835308474833695,-0.003458483892188789,0.006073202589453308,-0.000643549724942254,0.006073202589453308,-0.0016899139073479426,0.006073202589453308,-0.002867371552242093
b801ae92e5cff4f534ba8ebc,ETHUSDT,2,2025-08-09T15:55:00Z,2025-08-09T16:00:00Z,4207.52,4206.0,0.00036125793816795557,0.0039263033806138615,0.004135452713237164,0.003565045442445906,0.09200968523004821,7,35,6,30,True,False,True,True,True,True,False,True,False,False,0.0006036810282543809,-0.0009055215423811391,0.0006036810282543809,-0.0005870441495226036,0.0006036810282543809,-0.0014070046012851188,0.0006036810282543809,-0.0019084876601893144,0.0039263033806138615,-0.00017349887819893034,0.0039263033806138615,0.00036125793816795557
789da10479753bfa1a68aca1,SUIUSDT,2,2025-08-09T17:55:00Z,2025-08-09T18:00:00Z,3.9493,3.9561,-0.0017218241207302913,0.002557415238143468,0.00344364824146047,0.0042792393588737595,-0.6732673267326872,4,20,11,55,True,True,False,False,True,True,True,False,True,False,0.002354847694528166,0.0008862330033170021,0.002354847694528166,-0.0010888005469323041,0.002354847694528166,0.0003038513154229529,0.002557415238143468,-0.002050996379105101,0.002557415238143468,0.00010128377180765097,0.002557415238143468,-0.0017218241207302913
12d01fff762db92dcc40f1db,SOLUSDT,2,2025-08-09T19:55:00Z,2025-08-09T20:00:00Z,182.07,183.0,-0.0051079255231504745,0.0038446751249518792,0.007799198110616883,0.008952600648102355,-1.32857142857146,4,20,9,45,True,True,False,False,True,True,True,False,True,False,0.0018674136321195332,0.001537870049980783,0.0024715768660404716,0.001812489701762971,0.0024715768660404716,-0.00010984786071296881,0.0038446751249518792,-0.003240511891030941,0.0038446751249518792,-0.004888229801724693,0.0038446751249518792,-0.0051079255231504745
cc46d408bf0f28a4f2b1990d,ADAUSDT,2,2025-08-09T20:55:00Z,2025-08-09T21:00:00Z,0.8168,0.8081,0.010651322233104714,0.014079333986287898,0.00085700293829583,0.003428011753183184,0.7565217391304316,7,35,3,15,True,False,True,False,False,False,False,True,False,False,0.003795298726738482,0.0025710088148873543,0.003795298726738482,0.0013467189030362265,0.003917727717923581,0.00318315377081285,0.011385896180215445,0.011018609206660148,0.014079333986287898,0.010528893241919616,0.014079333986287898,0.010651322233104714
631d21201697531604d25b1a,AVAXUSDT,2,2025-08-09T23:55:00Z,2025-08-10T00:00:00Z,24.242,24.445,-0.008373896543189482,0.001113769490966134,0.010725187690784507,0.009487666034155616,-7.518518518518213,7,35,11,55,True,True,False,False,True,True,True,False,True,False,0.0,-0.0037538156917745038,0.00024750433132580756,-0.0012375216566288913,0.00024750433132580756,-0.004248824354426119,0.00024750433132580756,-0.0018975332068310938,0.001113769490966134,-0.0031763055853476683,0.001113769490966134,-0.008373896543189482
960d3079396b0d392626c572,SOLUSDT,2,2025-08-10T03:55:00Z,2025-08-10T04:00:00Z,184.91,184.98,-0.0003785625439402584,0.0032448218052025003,0.00659780433724514,0.003623384349142759,-0.1166666666666564,2,10,5,25,True,True,False,False,True,True,True,False,True,False,0.002109134173381571,0.0011897679952409218,0.0032448218052025003,0.0024876967173219837,0.0032448218052025003,-0.0004867232707803981,0.0032448218052025003,-0.004813152344383834,0.0032448218052025003,-0.0029744199881023814,0.0032448218052025003,-0.0003785625439402584
f4c7af71b31a5b59f7b35889,SOLUSDT,2,2025-08-10T04:55:00Z,2025-08-10T05:00:00Z,184.98,181.93,0.016488269002054187,0.01848848524164768,0.0008649583738782387,0.0020002162395934935,0.8918128654970744,11,55,2,10,True,False,True,False,False,False,False,True,False,False,0.0009190182722455806,-0.00016217969510217935,0.0051356903449020904,0.004865390853065073,0.006108768515515167,0.005405989836739108,0.015298951237971587,0.014542112660828187,0.016109849713482484,0.011676938047356453,0.01848848524164768,0.016488269002054187
b56e543baee5333bb58856b8,SOLUSDT,2,2025-08-10T14:55:00Z,2025-08-10T15:00:00Z,181.44,181.46,-0.00011022927689599996,0.002204585537918903,0.004960317460317492,0.0023148148148149027,-0.050000000000024865,11,55,4,20,True,True,False,False,True,True,True,True,False,False,0.001322751322751373,-0.00033068783068784325,0.001322751322751373,-0.003251763668430354,0.001322751322751373,-0.0033068783068782755,0.001322751322751373,-0.0012676366843032945,0.002094356261022903,-0.00022045855379184326,0.002204585537918903,-0.00011022927689599996
85e4b6f62ee51d825c6799fb,ETHUSDT,2,2025-08-10T15:55:00Z,2025-08-10T16:00:00Z,4216.11,4232.22,-0.0038210577997254778,0.0007969431537601421,0.0056663606974202115,0.00461800095348562,-4.794642857143498,1,5,8,40,True,True,False,False,True,True,True,False,True,False,0.0007969431537601421,-0.0011408620742818381,0.0007969431537601421,-0.002333904950297821,0.0007969431537601421,-0.000979575959830296,0.0007969431537601421,-0.002433522844517866,0.0007969431537601421,-0.003790223689609729,0.0007969431537601421,-0.0038210577997254778
79cca9551e4c8d83439369dd,LTCUSDT,2,2025-08-10T17:55:00Z,2025-08-10T18:00:00Z,123.53,123.9,-0.0029952238322675023,0.00234760786853401,0.003723791791467609,0.0053428317008015124,-1.2758620689655054,9,45,12,60,True,True,False,False,True,True,True,False,True,False,0.0015380879138670585,-0.0004047599773334183,0.0015380879138670585,-0.001376183922933714,0.0015380879138670585,-0.0012142799320003699,0.0015380879138670585,-0.0001619039909333443,0.00234760786853401,0.0008904719501335662,0.00234760786853401,-0.0029952238322675023
161328d9e73981f4bbe2a1d9,LINKUSDT,2,2025-08-10T18:55:00Z,2025-08-10T19:00:00Z,22.217,22.128,0.004005941396228053,0.005536301030742115,0.004996174100913744,0.0015303596345140622,0.723577235772361,11,55,4,20,True,False,True,True,False,False,False,True,False,False,0.004321015438628082,0.004185983706170949,0.004321015438628082,0.0017104019444569589,0.004321015438628082,-0.0019804654093712242,0.004321015438628082,0.0013503173245711655,0.005401269298284982,0.0035558356213708908,0.005536301030742115,0.004005941396228053
637446af37d2f5cfc1c3b329,ETHUSDT,2,2025-08-11T02:55:00Z,2025-08-11T03:00:00Z,4307.13,4307.77,-0.00014859082498097978,0.005834511612140825,0.0008451103170789661,0.005983102437121805,-0.025467568643069028,7,35,12,60,True,True,False,False,True,True,True,False,True,False,0.0021615321571441773,0.0017552291200870185,0.00501958380638613,0.0006524065909318734,0.00501958380638613,0.00157413405214139,0.005165852899726732,0.003979448031519905,0.005834511612140825,0.003900509155748766,0.005834511612140825,-0.00014859082498097978
a072c25318b0fc98e9844df2,SUIUSDT,2,2025-08-11T03:55:00Z,2025-08-11T04:00:00Z,3.96,3.9375,0.005681818181818173,0.00755050505050506,0.0029545454545454094,0.0018686868686868868,0.7525083612040113,12,60,5,25,True,False,True,False,False,False,False,True,False,False,0.001590909090909084,0.000530303030303028,0.0020959595959595336,0.001590909090909084,0.0020959595959595336,-0.001111111111111101,0.0020959595959595336,0.0018434343434343087,0.005429292929292948,0.0042929292929292685,0.00755050505050506,0.005681818181818173
24f8b6e730e12bf769d57888,XRPUSDT,2,2025-08-11T04:55:00Z,2025-08-11T05:00:00Z,3.2607,3.2699,-0.0028214800502959106,0.00024534609133005546,0.006348330113165935,0.003066826141625966,-11.500000000001112,1,5,4,20,True,True,False,False,True,True,True,False,True,False,0.00024534609133005546,-0.004416229643941543,0.00024534609133005546,-0.004201551814027676,0.00024534609133005546,-0.005949642714754526,0.00024534609133005546,-0.004078878768362649,0.00024534609133005546,-0.0033121722329561578,0.00024534609133005546,-0.0028214800502959106
af6cff450cc8bee44530261c,AVAXUSDT,2,2025-08-11T08:55:00Z,2025-08-11T09:00:00Z,24.209,24.042,0.0068982609773224025,0.0109050353174439,0.002271882357800806,0.004006774340121497,0.6325757575757517,11,55,7,35,True,False,True,True,False,False,False,True,False,False,0.0005369903754801159,0.0005369903754801159,0.0019414267421207236,0.0017348919823205436,0.0019414267421207236,-0.0001239208558800493,0.0028088727332810687,-8.261390391998395e-05,0.004585071667561677,0.003469783964641234,0.0109050353174439,0.0068982609773224025
fd4c16cfe19db72074fd8eb2,BNBUSDT,2,2025-08-11T23:55:00Z,2025-08-12T00:00:00Z,805.25,814.29,-0.011226327227569033,0.0018131015212667326,0.012766221670288696,0.013039428748835765,-6.191780821917629,3,15,12,60,True,True,False,False,True,True,True,False,True,False,0.0007575287177895233,3.725551071092545e-05,0.0015647314498602805,0.0015647314498602805,0.0018131015212667326,-0.0005588326606644464,0.0018131015212667326,-0.003601366035392707,0.0018131015212667326,-0.004557590810307307,0.0018131015212667326,-0.011226327227569033
3ab341e519e438af6c7f8727,BNBUSDT,2,2025-08-12T00:55:00Z,2025-08-12T01:00:00Z,814.28,810.2,0.005010561477624315,0.005771970329616264,0.0012894827332122468,0.0007614088519919491,0.8680851063829759,7,35,1,5,True,False,True,False,False,False,False,True,False,False,0.0023087881318465337,0.0016701871592081515,0.003070196983838483,-0.00029473891044850555,0.003070196983838483,0.0022228226162989946,0.004568453111951696,0.0033035319546101355,0.005771970329616264,0.0027140541337131244,0.005771970329616264,0.005010561477624315
05340d3c5ca966db7faa405c,AVAXUSDT,2,2025-08-12T04:55:00Z,2025-08-12T05:00:00Z,23.174,22.959,0.00927763873306291,0.012686631569862798,0.0,0.0034089928367998876,0.7312925170068011,7,35,1,5,True,False,True,True,False,False,False,True,False,False,0.007033744713903524,0.004962457926987073,0.007033744713903524,0.00461724346250105,0.007033744713903524,0.004401484422197304,0.011564684560283105,0.010744800207128626,0.012686631569862798,0.011737291792526042,0.012686631569862798,0.00927763873306291
396106a59316665690ee5c11,ADAUSDT,2,2025-08-12T05:55:00Z,2025-08-12T06:00:00Z,0.7766,0.78,-0.004378058202420898,0.007339685809940675,0.008627349987123408,0.011717744012361572,-0.5964912280701952,4,20,9,45,True,True,False,False,True,True,True,False,True,False,0.0,-0.0016739634303374698,0.0007725985063094694,0.00012876641771824492,0.002832861189801674,0.002704094772083429,0.007339685809940675,-0.005279423126448613,0.007339685809940675,-0.0065670873036312045,0.007339685809940675,-0.004378058202420898
af75b9be6f9fb8a40e23ff6e,ETHUSDT,2,2025-08-12T06:55:00Z,2025-08-12T07:00:00Z,4289.16,4314.23,-0.00584496731294699,0.0,0.006723927295787554,0.00584496731294699,,1,5,8,40,False,False,False,False,False,False,False,False,True,False,0.0,-0.0022475263221703847,0.0,-0.004359828031595888,0.0,-0.0035741264023724756,0.0,-0.005175838625744859,0.0,-0.006171371550606705,0.0,-0.00584496731294699
df28859edc4cf6646352c34f,DOGEUSDT,2,2025-08-12T07:55:00Z,2025-08-12T08:00:00Z,0.22512,0.22363,0.006618692253020573,0.008750888415067519,0.0018656716417910614,0.0021321961620469456,0.7563451776649703,6,30,10,50,True,False,True,False,False,False,False,False,True,False,0.002931769722814472,0.0025764036958066685,0.005597014925373061,0.004131130063965825,0.005597014925373061,0.004886282871357454,0.008750888415067519,0.0073294243070361805,0.008750888415067519,8.884150675192007e-05,0.008750888415067519,0.006618692253020573
83c9884cfba47c6f11696c95,AVAXUSDT,2,2025-08-12T08:55:00Z,2025-08-12T09:00:00Z,22.962,22.977,-0.0006532532009407094,0.004834073686961094,0.0023081613099904547,0.005487326887901804,-0.13513513513513947,3,15,11,55,True,True,False,False,True,True,True,False,True,False,0.0014807072554655048,-0.0010016549081090361,0.003571117498475775,0.0031356153645152505,0.004834073686961094,0.004006619632436145,0.004834073686961094,-0.0009145544813169931,0.004834073686961094,-0.0005226025607525675,0.004834073686961094,-0.0006532532009407094
0d231aca00dfd8b4dc38cde0,XRPUSDT,2,2025-08-12T14:55:00Z,2025-08-12T15:00:00Z,3.2033,3.2115,-0.002559860144226262,0.0005619205194643792,0.004557799768988283,0.0031217806636906413,-4.555555555554925,10,50,5,25,True,True,False,False,True,True,True,True,False,False,0.0002809602597321896,-0.0020291574313988543,0.00043704929291663155,-0.0006867917460118496,0.00043704929291663155,-6.243561327380451e-05,0.0005307027128274076,-0.003621265569881077,0.0005307027128274076,-0.0008116629725595972,0.0005619205194643792,-0.002559860144226262
25bf532c04a2911b8f1dd4c5,ETHUSDT,2,2025-08-12T16:55:00Z,2025-08-12T17:00:00Z,4463.87,4498.55,-0.0077690434533264395,0.0005443706917988855,0.00921397800563191,0.008313414145125325,-14.271604938270016,1,5,5,25,True,True,False,False,True,True,True,False,True,False,0.0005443706917988855,-0.002114756926165079,0.0005443706917988855,-0.0039965321570745,0.0005443706917988855,-0.004554344100522624,0.0005443706917988855,-0.0026300049060568034,0.0005443706917988855,-0.00404805695506359,0.0005443706917988855,-0.0077690434533264395
4984d77c3f0a24c3685b9d23,SUIUSDT,2,2025-08-12T17:55:00Z,2025-08-12T18:00:00Z,3.8267,3.8581,-0.008205503436381125,0.0016724592991350727,0.02043536206130604,0.009877962735516197,-4.9062499999998055,1,5,4,20,True,True,False,False,True,True,True,False,True,False,0.0016724592991350727,-0.001385005357096098,0.0016724592991350727,-0.004285676954033493,0.0016724592991350727,-0.01108004285676948,0.0016724592991350727,-0.01648940340240937,0.0016724592991350727,-0.013667128335118977,0.0016724592991350727,-0.008205503436381125
9c361af0fd301a3dd9c1e619,BNBUSDT,2,2025-08-12T18:55:00Z,2025-08-12T19:00:00Z,828.96,832.34,-0.004077398185678435,0.00022920285659145745,0.005331982242810219,0.004306601042269893,-17.789473684205394,2,10,8,40,True,True,False,False,True,True,True,False,True,False,0.0,-0.0002412661648329615,0.00022920285659145745,6.031654120834324e-05,0.00022920285659145745,-0.0006996718780157392,0.00022920285659145745,-0.002472978189538644,0.00022920285659145745,-0.0033656629994209173,0.00022920285659145745,-0.004077398185678435
7ac27679cb238d31dfedf852,AVAXUSDT,2,2025-08-12T19:55:00Z,2025-08-12T20:00:00Z,24.614,24.853,-0.009709921183066579,0.0023970098318030816,0.012391322011863156,0.01210693101486966,-4.05084745762706,2,10,4,20,True,True,False,False,True,True,True,False,True,False,0.000853172990980775,0.0007312911351263785,0.0023970098318030816,0.00016250914113924336,0.0023970098318030816,-0.0025595189729421806,0.0023970098318030816,-0.007678556918826686,0.0023970098318030816,-0.008247338912813821,0.0023970098318030816,-0.009709921183066579
89236f78b181232062d293cc,SOLUSDT,2,2025-08-12T20:55:00Z,2025-08-12T21:00:00Z,191.55,192.49,-0.004907334899504034,0.005794831636648465,0.0116940746541372,0.0107021665361525,-0.8468468468468344,2,10,10,50,True,True,False,False,True,True,True,False,True,False,0.003915426781519185,0.0015139650221875252,0.005794831636648465,0.002923518663534337,0.005794831636648465,-0.00240146175933166,0.005794831636648465,-0.00120073087966583,0.005794831636648465,-0.010284521012790388,0.005794831636648465,-0.004907334899504034
8e7349f9cd668e0125b5c08d,BNBUSDT,2,2025-08-12T21:55:00Z,2025-08-12T22:00:00Z,832.4,835.47,-0.0036881307063912185,0.0015377222489187563,0.005225852955309975,0.005225852955309975,-2.39843750000009,1,5,7,35,True,True,False,False,True,True,True,False,True,False,0.0015377222489187563,-0.00033637674195095233,0.0015377222489187563,-0.0002883229216722839,0.0015377222489187563,-0.00182604517059104,0.0015377222489187563,-0.00455309947140807,0.0015377222489187563,-0.003976453628063502,0.0015377222489187563,-0.0036881307063912185
7f833c0dfd44064c7b8a9679,SOLUSDT,2,2025-08-12T23:55:00Z,2025-08-13T00:00:00Z,191.77,193.96,-0.011419930124628448,0.001564373989675191,0.015643739896751316,0.01298430411430364,-7.299999999999715,2,10,10,50,True,True,False,False,True,True,True,False,True,False,0.0015122281900194006,0.00046931219690255724,0.001564373989675191,0.0008864785941493243,0.001564373989675191,-0.0019293945872658712,0.001564373989675191,-0.0023987067841684286,0.001564373989675191,-0.014496532304322893,0.001564373989675191,-0.011419930124628448
c2efb6b9f46f31e454a6898a,ETHUSDT,2,2025-08-13T00:55:00Z,2025-08-13T01:00:00Z,4612.83,4583.61,0.0063345061491536115,0.010891361702035363,0.0009842114276918863,0.004556855552881751,0.5816082802547846,8,40,1,5,True,False,True,True,False,False,False,True,False,False,0.0022719241766983745,0.001669257267230706,0.005991983229384202,0.004790985143610401,0.01036890585605798,0.009068185907566488,0.01036890585605798,0.006575139339624466,0.010891361702035363,0.009213432968481388,0.010891361702035363,0.0063345061491536115
50e0ea4f3999d3b3e6ddf39d,SUIUSDT,2,2025-08-13T02:55:00Z,2025-08-13T03:00:00Z,3.8849,3.9071,-0.005714432803933119,0.005688692115627174,0.01104275528327626,0.011403124919560293,-1.0045248868778174,3,15,11,55,True,True,False,False,True,True,True,False,True,False,0.00036036963628403455,-0.0013385157919122426,0.003629437051146748,0.003474992921310733,0.005688692115627174,0.0036036963628408025,0.005688692115627174,-0.0020335143761743666,0.005688692115627174,-0.008829056088959819,0.005688692115627174,-0.005714432803933119
05b6ca82f2eeedb3446aaeb1,BNBUSDT,2,2025-08-13T07:55:00Z,2025-08-13T08:00:00Z,847.31,852.57,-0.006207881412942259,0.002773483140763014,0.007305472613329307,0.008981364553705273,-2.238297872340557,2,10,12,60,True,True,False,False,True,True,True,False,True,False,0.0022777967922011427,0.0015224652134401384,0.002773483140763014,0.0017821104436392713,0.002773483140763014,-0.00018883289469035167,0.002773483140763014,-0.0012156117595686188,0.002773483140763014,-0.003210159209734368,0.002773483140763014,-0.006207881412942259
6e906972e1cb762302b19976,BNBUSDT,2,2025-08-13T10:55:00Z,2025-08-13T11:00:00Z,854.44,855.45,-0.0011820607649454507,0.003288703712373085,0.0024811572491923255,0.004470764477318536,-0.35943060498219565,5,25,12,60,True,True,False,False,True,True,True,False,True,False,0.001931089368475365,0.0007490286035299143,0.001931089368475365,8.192500351113012e-05,0.001931089368475365,0.0001521464350921178,0.003288703712373085,0.0013693179158279958,0.003288703712373085,0.0007607321754600568,0.003288703712373085,-0.0011820607649454507
958e78c8ddacec4a4660878d,DOGEUSDT,2,2025-08-13T11:55:00Z,2025-08-13T12:00:00Z,0.24657,0.24566,0.00369063551932523,0.005110110719065625,0.006326803747414438,0.0014194751997403951,0.7222222222222332,12,60,7,35,True,False,True,True,False,False,False,True,False,False,0.00016222573711324268,-0.0007705722512876494,0.0015817009368536378,0.0015411445025754113,0.0024333860566979645,-0.003690635519325117,0.0024333860566979645,-0.0038528612564382473,0.0024333860566979645,-0.0031634018737071628,0.005110110719065625,0.00369063551932523
b3aa4c3090b036643d44eb38,ETHUSDT,2,2025-08-13T16:55:00Z,2025-08-13T17:00:00Z,4700.05,4725.52,-0.0054190912862629665,0.0007829703939320413,0.007797789385219228,0.006202061680195008,-6.921195652173436,2,10,6,30,True,True,False,False,True,True,True,False,True,False,0.0001787215029627654,-0.00335315581749135,0.0007829703939320413,-0.004129743300603154,0.0007829703939320413,-0.0028191189455431323,0.0007829703939320413,-0.004655269624791248,0.0007829703939320413,-0.0023340177232157645,0.0007829703939320413,-0.0054190912862629665
5a300fbbdaf52ea2c0edc39d,XRPUSDT,2,2025-08-13T22:55:00Z,2025-08-13T23:00:00Z,3.2742,3.2752,-0.0003054181174026907,0.0003665017408832288,0.005100482560625545,0.0006719198582859195,-0.8333333333333334,12,60,8,40,True,True,False,False,True,True,True,True,False,False,0.00012216724696107627,-0.0036344755970923585,0.00012216724696107627,-0.0028403884918453627,0.00012216724696107627,-0.0019241341396371548,0.00012216724696107627,-0.0030236393622869767,0.00012216724696107627,-0.003145806609248053,0.0003665017408832288,-0.0003054181174026907
178ad975ebfd459c9ecdec9e,ETHUSDT,2,2025-08-13T23:55:00Z,2025-08-14T00:00:00Z,4748.36,4714.8,0.007067703375481112,0.00817756025238186,0.0034496120765906777,0.0011098568769007484,0.8642801957249434,12,60,7,35,True,False,True,False,False,False,False,True,False,False,0.004315174081156396,0.003445400096033088,0.004315174081156396,0.0006023132197221088,0.004315174081156396,0.0023945109469374463,0.0049195932911572995,0.0002969446293035605,0.00645907218492281,0.0035212157460679785,0.00817756025238186,0.007067703375481112
64a304fe078a0c9c88605373,BTCUSDT,2,2025-08-14T00:55:00Z,2025-08-14T01:00:00Z,123871.0,123367.8,0.004062290608778464,0.004165623915202105,0.0007491664715712548,0.00010333330642364139,0.9751937984496069,12,60,1,5,True,False,True,False,False,False,False,True,False,False,0.001025260149671836,0.001025260149671836,0.0021788796409167132,0.001782499535807436,0.0022814056558839906,0.0020521348822565176,0.00395492084507265,0.002237811917236456,0.00395492084507265,0.0022168223393692296,0.004165623915202105,0.004062290608778464
644adcf7c1aa1837ce66e106,AVAXUSDT,2,2025-08-14T01:55:00Z,2025-08-14T02:00:00Z,25.468,25.908,-0.017276582377886023,0.0016491283178891782,0.018925710695775064,0.0189257106957752,-10.476190476190109,1,5,12,60,True,True,False,False,True,True,True,False,True,False,0.0016491283178891782,-0.0010994188785926925,0.0016491283178891782,-0.0016883932778388275,0.0016491283178891782,-0.0024736924768336277,0.0016491283178891782,-0.0038087011151249138,0.0016491283178891782,-0.01068006910632945,0.0016491283178891782,-0.017276582377886023
ab410e8c311ff43d06d4ce33,ETHUSDT,2,2025-08-14T09:55:00Z,2025-08-14T10:00:00Z,4758.26,4707.79,0.010606818458848456,0.018758958106534787,0.0018368058912291009,0.008152139647686331,0.5654268429307655,9,45,2,10,True,False,True,True,False,False,False,True,False,False,0.0011285638027345901,0.0010592107198849922,0.00140177291699068,0.0003005300256817179,0.0030578404710966153,0.0022655340397541653,0.003179733768226223,0.002084795702630809,0.018758958106534787,0.011035546607373329,0.018758958106534787,0.010606818458848456
3a1e808f97a5c4f2d1ec0d92,BTCUSDT,2,2025-08-14T14:55:00Z,2025-08-14T15:00:00Z,118752.1,118185.9,0.0047679156831753845,0.007917333672415153,0.0008193539314251146,0.003149417989239769,0.6022122952563334,8,40,1,5,True,False,True,True,False,False,False,True,False,False,0.0007983016721388751,0.0007983016721388751,0.001628602778393045,0.000363783040468435,0.0029035276007750846,0.002319958973357103,0.006422623263083445,0.005442430070710352,0.007917333672415153,0.006025998698128334,0.007917333672415153,0.0047679156831753845
ca2be6e9d3e4705ab74b8af6,LTCUSDT,2,2025-08-15T00:55:00Z,2025-08-15T01:00:00Z,121.38,121.95,-0.004695996045477075,0.004036908881199497,0.005931784478497272,0.008732904926676572,-1.1632653061224763,4,20,8,40,True,True,False,False,True,True,True,False,True,False,0.0026363486571098467,0.0020596473883671114,0.0026363486571098467,0.0013181743285549234,0.0026363486571098467,0.0020596473883671114,0.004036908881199497,-0.0030482781347833626,0.004036908881199497,-0.0034602076124567614,0.004036908881199497,-0.004695996045477075
1ff53e565b0d2d178e6492cf,LINKUSDT,2,2025-08-15T02:55:00Z,2025-08-15T03:00:00Z,22.409,22.788,-0.016912847516622847,0.002498995939131482,0.019679593020661454,0.019411843455754328,-6.767857142857483,1,5,8,40,True,True,False,False,True,True,True,False,True,False,0.002498995939131482,0.0015618724619572558,0.002498995939131482,-0.0016511223169263505,0.002498995939131482,-0.0008478736222054489,0.002498995939131482,-0.015841849256994976,0.002498995939131482,-0.017002097371591782,0.002498995939131482,-0.016912847516622847
7a1505424c0b90e06374a7aa,ETHUSDT,2,2025-08-15T03:55:00Z,2025-08-15T04:00:00Z,4632.63,4623.5,0.001970802762145932,0.0044531939740493215,0.0028169743752469293,0.0024823912119033894,0.44255937954435587,11,55,3,15,True,False,True,True,True,False,False,True,False,False,0.0015239723440033848,0.001131106952206367,0.002402522972911739,-0.00016405368009105373,0.002402522972911739,-0.0008008409909705796,0.002411157377127047,0.0010857763300759493,0.002724154529932218,0.0023291305370815203,0.0044531939740493215,0.001970802762145932
2828b1c30846e278c74d10f3,LINKUSDT,2,2025-08-15T04:55:00Z,2025-08-15T05:00:00Z,22.481,22.906,-0.018904852986966644,4.448200702821147e-05,0.019216227036163807,0.018949334993994853,-424.9999999994778,1,5,12,60,True,True,False,False,True,True,True,False,True,False,4.448200702821147e-05,-0.0033361505271117513,4.448200702821147e-05,-0.0030692584849427986,4.448200702821147e-05,-0.0007117121124504353,4.448200702821147e-05,-0.009474667496997349,4.448200702821147e-05,-0.011253947778123753,4.448200702821147e-05,-0.018904852986966644
affdad131453d0546fd6a693,LINKUSDT,2,2025-08-15T05:55:00Z,2025-08-15T06:00:00Z,22.905,22.744,0.007029032962235379,0.007683911809648633,0.005631958087753668,0.0006548788474132535,0.914772727272725,4,20,2,10,True,False,True,False,False,False,False,True,False,False,0.0005675616677582046,-0.004147566033617064,0.0005675616677582046,-0.0015280506439642062,0.007116350141890428,0.006155861165684427,0.007683911809648633,0.005064396419995619,0.007683911809648633,0.002794149748963111,0.007683911809648633,0.007029032962235379
f7b2a41242f93cf01214d074,LTCUSDT,2,2025-08-15T06:55:00Z,2025-08-15T07:00:00Z,122.3,121.4,0.007358953393295106,0.01169255928045783,0.0,0.004333605887162724,0.6293706293706266,11,55,1,5,True,False,True,True,False,False,False,True,False,False,0.0031888798037612476,0.0027800490596893166,0.0031888798037612476,0.0023712183156172693,0.005723630417007382,0.005151267375306586,0.007031888798037608,0.004905968928863404,0.008667211774325449,0.008421913327882266,0.01169255928045783,0.007358953393295106
83823b9b144070ea6363cd2f,SOLUSDT,2,2025-08-15T07:55:00Z,2025-08-15T08:00:00Z,196.87,196.5,0.001879412810484099,0.0028953116269619197,0.0034032610352008304,0.0010158988164778208,0.6491228070175596,4,20,6,30,True,False,True,True,False,False,False,False,True,False,0.0007111291715345903,-0.00015238482247168758,0.002539747041194697,0.00040635952659121504,0.002539747041194697,0.001879412810484099,0.0028953116269619197,-0.0017270279880124112,0.0028953116269619197,-0.0022857723370751696,0.0028953116269619197,0.001879412810484099
8f482438cdf838e4b1bdd64e,SOLUSDT,2,2025-08-15T08:55:00Z,2025-08-15T09:00:00Z,196.49,194.17,0.011807216652247043,0.014759020815308695,0.0031553768639625657,0.0029518041630616516,0.8000000000000059,12,60,2,10,True,False,True,False,False,False,False,True,False,False,0.00020357270090091333,-0.0024428724108096584,0.00020357270090091333,-0.0016794747824315948,0.00020357270090091333,-0.0011196498549544448,0.008092014860807182,0.007837548984681258,0.009567916942338009,0.007837548984681258,0.014759020815308695,0.011807216652247043
454a5d63cc3b646d4b1e25dc,SOLUSDT,2,2025-08-15T10:55:00Z,2025-08-15T11:00:00Z,194.6,194.24,0.0018499486125384647,0.004830421377183956,0.003545734840698858,0.0029804727646454907,0.38297872340424055,7,35,2,10,True,False,True,True,True,False,False,True,False,False,5.138746145935717e-05,-0.0021068859198355426,5.138746145935717e-05,-0.002209660842754403,5.138746145935717e-05,-0.002209660842754403,0.004367934224049303,0.004367934224049303,0.004830421377183956,0.00035971223021579227,0.004830421377183956,0.0018499486125384647
04ab9af1d382d08fa241da6b,XRPUSDT,2,2025-08-15T11:55:00Z,2025-08-15T12:00:00Z,3.1095,3.1117,-0.000707509245859385,0.004373693519858587,0.009647853352628976,0.0050812027657179725,-0.16176470588233183,5,25,7,35,True,True,False,False,True,True,True,False,True,False,0.0009326258240875854,-0.0017044540922976808,0.0009326258240875854,-0.00183309213699953,0.0009326258240875854,-0.0024441228493327066,0.004373693519858587,0.0005467116899823234,0.004373693519858587,-0.003087313072841238,0.004373693519858587,-0.000707509245859385
edd94c46effa6f4d71938cd0,XRPUSDT,2,2025-08-15T20:55:00Z,2025-08-15T21:00:00Z,3.0735,3.0775,-0.00130144786074508,9.760858955594241e-05,0.006181877338539022,0.0013990564503010225,-13.333333333324946,1,5,5,25,True,True,False,False,True,True,True,False,True,False,9.760858955594241e-05,-0.0013339840572636312,9.760858955594241e-05,-0.0016918822189685608,9.760858955594241e-05,-0.0034813730274930637,9.760858955594241e-05,-0.0034813730274930637,9.760858955594241e-05,-0.0018545632015617498,9.760858955594241e-05,-0.00130144786074508
d3b2d4ed69f73de758820801,DOGEUSDT,2,2025-08-15T23:55:00Z,2025-08-16T00:00:00Z,0.22874,0.23517,-0.02811051849261166,0.003103960828888644,0.03239485879164117,0.031214479321500305,-9.056338028169149,1,5,10,50,True,True,False,False,True,True,True,False,True,False,0.003103960828888644,0.0005683308559936663,0.003103960828888644,-0.0015301215353676191,0.003103960828888644,-0.0038471627174958114,0.003103960828888644,-8.74355163066899e-05,0.003103960828888644,-0.019366966861939273,0.003103960828888644,-0.02811051849261166
95cc3d6a3298b5c01e578bfd,SOLUSDT,2,2025-08-16T03:55:00Z,2025-08-16T04:00:00Z,187.03,187.99,-0.005132866385071956,0.001764422819868537,0.00518633374324974,0.0068972892049404926,-2.909090909090823,2,10,12,60,True,True,False,False,True,True,True,False,True,False,0.0005346735817782939,-0.0013366839544458108,0.001764422819868537,0.0016040207453350338,0.001764422819868537,0.0009089450890230845,0.001764422819868537,-0.0037961824306261454,0.001764422819868537,-0.0022456290434688954,0.001764422819868537,-0.005132866385071956
7a2ff8a07b81cabb1be69d0e,LINKUSDT,2,2025-08-16T04:55:00Z,2025-08-16T05:00:00Z,21.849,21.672,0.008101057256624999,0.010252185454711895,0.0001373060551970394,0.0021511281980868963,0.790178571428569,9,45,1,5,True,False,True,False,False,False,False,True,False,False,0.004348025081239364,0.003386882694860251,0.004348025081239364,0.003112270584466172,0.004348025081239364,0.003112270584466172,0.0070941461851801516,0.006727996704654605,0.010252185454711895,0.008101057256624999,0.010252185454711895,0.008101057256624999
209b5e169555cbbe9314579c,LINKUSDT,2,2025-08-16T08:55:00Z,2025-08-16T09:00:00Z,21.796,21.522,0.01257111396586534,0.012616993943842842,0.002706918700679072,4.5879977977503206e-05,0.9963636363636449,12,60,7,35,True,False,True,False,False,False,False,True,False,False,0.0020187190310148873,-9.175995595517029e-05,0.0020187190310148873,-0.0021104789869700576,0.0020187190310148873,-0.0009175995595521919,0.0020187190310148873,-0.0006881996696641847,0.0020187190310148873,0.00018351991191034058,0.012616993943842842,0.01257111396586534
981dec164776913cb70db0be,ETHUSDT,2,2025-08-16T10:55:00Z,2025-08-16T11:00:00Z,4402.03,4385.89,0.0036664902329151365,0.004300288730426504,0.004845491739038563,0.0006337984975113677,0.8526148969889035,12,60,4,20,True,False,True,False,False,False,False,True,False,False,0.0002317112786599653,-0.0018059849660269963,0.0002317112786599653,-0.0022535057689293514,0.0002317112786599653,-0.003071310281847338,0.0002317112786599653,-0.0005497463670170519,0.0008632380969689398,0.0008564230593611419,0.004300288730426504,0.0036664902329151365
e3d036507d496a3eed63eb2d,SUIUSDT,2,2025-08-16T16:55:00Z,2025-08-16T17:00:00Z,3.7571,3.7512,0.0015703601181762574,0.0049772430864230225,0.0007186393761145364,0.003406882968246765,0.31550802139037626,9,45,1,5,True,False,True,True,True,False,False,True,False,False,0.0003726278246519512,7.984881956821616e-05,0.0003726278246519512,0.00010646509275770034,0.002342232040669644,0.0018631391232598743,0.004098906071171936,0.0025019296798061944,0.0049772430864230225,0.0028745575044581456,0.0049772430864230225,0.0015703601181762574
588f0549bdde9e2ebffb3e09,DOGEUSDT,2,2025-08-16T19:55:00Z,2025-08-16T20:00:00Z,0.22919,0.23042,-0.005366726296958894,0.002137964134560924,0.005497622060299242,0.007504690431519818,-2.510204081632578,2,10,12,60,True,True,False,False,True,True,True,False,True,False,0.0005235830533618787,-0.00013089576334046968,0.002137964134560924,0.0015707491600855151,0.002137964134560924,-0.00026179152668093935,0.002137964134560924,-0.0036214494524193785,0.002137964134560924,-0.0029669706357170304,0.002137964134560924,-0.005366726296958894
044c3ac492470a78c5b5341d,AVAXUSDT,2,2025-08-16T20:55:00Z,2025-08-16T21:00:00Z,24.301,24.179,0.005020369532118016,0.006337187770050612,0.0006172585490309275,0.0013168182379325963,0.7922077922077919,3,15,1,5,True,False,True,False,False,False,False,True,False,False,0.0040739064236038295,0.0036624007242499748,0.004361960413151644,0.004361960413151644,0.006337187770050612,0.0056376280811487964,0.006337187770050612,0.004444261553022385,0.006337187770050612,0.005061520102053314,0.006337187770050612,0.005020369532118016
65b8a94a7d876c8117bf3aef,LINKUSDT,2,2025-08-16T22:55:00Z,2025-08-16T23:00:00Z,22.69,22.627,0.0027765535478185273,0.005288673424416085,0.0029969149405023286,0.002512119876597558,0.5250000000000156,6,30,3,15,True,False,True,True,False,False,False,True,False,False,0.0011899515204936545,-0.0003966505068312182,0.0011899515204936545,-0.0005729396209783219,0.0011899515204936545,-0.0023358307624502983,0.005288673424416085,0.004715733803437764,0.005288673424416085,0.0013221683561040606,0.005288673424416085,0.0027765535478185273
ebd02acd1e3a6e51af794a24,DOGEUSDT,2,2025-08-16T23:55:00Z,2025-08-17T00:00:00Z,0.23104,0.23041,0.0027268005540165845,0.005323753462603917,0.0001731301939058702,0.002596952908587332,0.5121951219512091,7,35,8,40,True,False,True,True,False,False,False,False,True,False,0.001774584487534599,0.0012551939058171083,0.002207409972299094,0.002207409972299094,0.002596952908587212,0.002207409972299094,0.004458102493074806,0.003592451523545695,0.005323753462603917,0.0015581717451523512,0.005323753462603917,0.0027268005540165845
48d6ec5392540a9d5ec7528f,SUIUSDT,2,2025-08-17T02:55:00Z,2025-08-17T03:00:00Z,3.7885,3.7859,0.0006862874488584289,0.004276098719809949,0.0010030355021776497,0.0035898112709515204,0.16049382716050364,7,35,11,55,True,False,True,True,True,True,False,False,True,False,0.0010030355021776497,0.0002111653688794805,0.002639567110993741,0.0016629272799260847,0.002639567110993741,0.0020852580176850457,0.0036953939553912604,0.0031938762043024357,0.004276098719809949,2.6395671109876453e-05,0.004276098719809949,0.0006862874488584289
e397a553193fa31c655f8ba9,AVAXUSDT,2,2025-08-17T06:55:00Z,2025-08-17T07:00:00Z,24.481,24.551,-0.002859360320248222,0.002001552224173973,0.004248192475797524,0.004860912544422195,-1.4285714285712734,2,10,4,20,True,True,False,False,True,True,True,False,True,False,0.00040848004574982897,0.00028593603202489476,0.002001552224173973,-0.0022466402516236965,0.002001552224173973,-0.002614272292798499,0.002001552224173973,-0.001062048118949381,0.002001552224173973,-0.001470528164699065,0.002001552224173973,-0.002859360320248222
e4c363fbf8fc2bf749332608,DOGEUSDT,2,2025-08-17T07:55:00Z,2025-08-17T08:00:00Z,0.23275,0.23527,-0.010827067669172907,0.000988184747583278,0.01129967776584315,0.011815252416756185,-10.95652173913003,1,5,12,60,True,True,False,False,True,True,True,False,True,False,0.000988184747583278,-0.0013748657357679354,0.000988184747583278,8.59291084855854e-05,0.000988184747583278,-0.0008163265306122265,0.000988184747583278,-0.0039097744360902,0.000988184747583278,-0.0035660580021482165,0.000988184747583278,-0.010827067669172907
5316b7e924d918855a944c41,ETHUSDT,2,2025-08-17T08:55:00Z,2025-08-17T09:00:00Z,4533.15,4540.9,-0.0017096279628955584,0.0016522727022048205,0.005406836305880066,0.003361900665100379,-1.0347129506008312,10,50,5,25,True,True,False,False,True,True,True,True,False,False,0.0001367702370316206,-0.0021177327024255463,0.0001367702370316206,-0.0018662519440124498,0.0001367702370316206,-0.0022853865413676104,0.0001367702370316206,-0.002552309100735828,0.0015772696689938866,0.0002205971565026527,0.0016522727022048205,-0.0017096279628955584
ea69b7d1ba2c455a10e87770,LINKUSDT,2,2025-08-17T09:55:00Z,2025-08-17T10:00:00Z,24.663,24.71,-0.0019056886834529698,0.0040141102055711066,0.006771276811417834,0.005919798889024076,-0.4747474747474798,1,5,4,20,True,True,False,False,True,True,True,False,True,False,0.0040141102055711066,0.002392247496249485,0.0040141102055711066,0.0021895146575841742,0.0040141102055711066,-0.0026760734703806894,0.0040141102055711066,-0.0002432794063982576,0.0040141102055711066,-0.002959899444512038,0.0040141102055711066,-0.0019056886834529698
92e2d66ea2f211bbb4a14825,AVAXUSDT,2,2025-08-17T11:55:00Z,2025-08-17T12:00:00Z,24.828,24.655,0.006967939423231765,0.00761237312711455,0.0015708071532141727,0.0006444337038827852,0.9153439153439059,12,60,1,5,True,False,True,False,False,False,False,True,False,False,0.0028999516674721756,0.0007249879168680797,0.0028999516674721756,0.000845819236346093,0.0028999516674721756,0.0020541324311260825,0.00656516835830515,0.005880457547929789,0.006685999677783163,0.005477686483003031,0.00761237312711455,0.006967939423231765
8a4c3d1e992a74ee2ecd64e7,AVAXUSDT,2,2025-08-17T12:55:00Z,2025-08-17T13:00:00Z,24.657,24.835,-0.007219045301537122,0.00348785334793359,0.010666342215192508,0.010706898649470713,-2.06976744186051,2,10,11,55,True,True,False,False,True,True,True,False,True,False,0.0033661840450986903,0.00227116031958474,0.00348785334793359,0.0025144989252545388,0.00348785334793359,0.0033661840450986903,0.00348785334793359,0.0013789187654620967,0.00348785334793359,-0.006894593827310772,0.00348785334793359,-0.007219045301537122
69cded062e2343b4e9a7a03e,SUIUSDT,2,2025-08-17T13:55:00Z,2025-08-17T14:00:00Z,3.8542,3.8445,0.002516734990400094,0.005033469980800188,0.002335114939546442,0.002516734990400094,0.5,5,25,1,5,True,False,True,True,True,False,False,True,False,False,0.0018421462300866286,-0.0013232317990763594,0.0018421462300866286,0.0004151315448083306,0.0018421462300866286,0.000830263089616546,0.005033469980800188,0.0020497120024908517,0.005033469980800188,-0.0003372943801567326,0.005033469980800188,0.002516734990400094
948eb9a9994862f6f56971d7,DOGEUSDT,2,2025-08-17T14:55:00Z,2025-08-17T15:00:00Z,0.2345,0.2415,-0.029850746268656744,0.00034115138592749145,0.03313432835820907,0.030191897654584236,-87.50000000000364,1,5,12,60,True,True,False,False,True,True,True,False,True,False,0.00034115138592749145,-0.002046908315565067,0.00034115138592749145,-0.0038805970149254666,0.00034115138592749145,-0.0046908315565032735,0.00034115138592749145,-0.010575692963752709,0.00034115138592749145,-0.02034115138592761,0.00034115138592749145,-0.029850746268656744
cfeca61e98571042bdf3efb5,ADAUSDT,2,2025-08-17T15:55:00Z,2025-08-17T16:00:00Z,0.975,0.9678,0.007384615384615369,0.01241025641025641,0.0012307692307692091,0.005025641025641041,0.5950413223140483,4,20,1,5,True,False,True,True,False,False,False,True,False,False,0.00492307692307695,0.002871794871794897,0.005743589743589681,0.004000000000000015,0.007076923076923094,0.006666666666666616,0.01241025641025641,0.006153846153846159,0.01241025641025641,0.007282051282051278,0.01241025641025641,0.007384615384615369
967f46b2d315fda6ee0924c2,DOGEUSDT,2,2025-08-17T20:55:00Z,2025-08-17T21:00:00Z,0.23292,0.23324,-0.001373862270307465,0.0016743946419371521,0.0040357204190280965,0.003048256912244617,-0.8205128205128552,1,5,10,50,True,True,False,False,True,True,True,False,True,False,0.0016743946419371521,-0.0012021294865189871,0.0016743946419371521,-0.003048256912244617,0.0016743946419371521,-0.003005323716297468,0.0016743946419371521,-0.0005151983513653143,0.0016743946419371521,-0.0028765241284561395,0.0016743946419371521,-0.001373862270307465
b9c8f1367fd037015a421b50,AVAXUSDT,2,2025-08-17T21:55:00Z,2025-08-17T22:00:00Z,25.039,25.242,-0.008107352530053093,0.0011182555213867264,0.010303925875633975,0.00922560805143982,-7.249999999999398,1,5,7,35,True,True,False,False,True,True,True,False,True,False,0.0011182555213867264,-0.0016773832820798768,0.0011182555213867264,-0.004313271296776907,0.0011182555213867264,-0.0024361995287351707,0.0011182555213867264,-0.008027477135668235,0.0011182555213867264,-0.008267103318822524,0.0011182555213867264,-0.008107352530053093
6c49bf0edb80e2c186303839,LTCUSDT,2,2025-08-18T14:55:00Z,2025-08-18T15:00:00Z,118.05,118.01,0.00033883947479874666,0.006861499364676004,0.0023718763235917083,0.006522659889877257,0.049382716049372756,7,35,9,45,True,False,True,True,True,True,False,False,True,False,0.0018636171113934677,0.0016941973739940945,0.003218975010588695,0.0028801355357899487,0.004574332909783922,0.004489623041084296,0.0061838204150783905,0.0033883947479880685,0.006861499364676004,0.002964845404489575,0.006861499364676004,0.00033883947479874666
720ed7128bd0b7d120e37113,LTCUSDT,2,2025-08-18T17:55:00Z,2025-08-18T18:00:00Z,117.81,118.29,-0.00407435701553352,0.003989474577709862,0.004159239453357057,0.008063831593243382,-1.0212765957446917,4,20,12,60,True,True,False,False,True,True,True,False,True,False,0.0016976487564723099,0.0013581190051777997,0.002886002886002915,0.0012732365673542626,0.0030557677616501098,0.002801120448179257,0.003989474577709862,-0.0008488243782360947,0.003989474577709862,-0.002461590696884747,0.003989474577709862,-0.00407435701553352
7eb66374469af19d9afe2554,SOLUSDT,2,2025-08-18T18:55:00Z,2025-08-18T19:00:00Z,184.28,183.08,0.006511829824180533,0.008845235511178617,0.0010310397221619152,0.0023334056869980836,0.7361963190184,11,55,1,5,True,False,True,True,False,False,False,True,False,False,0.0015736922075102672,-0.000596917733883141,0.0028760581723464356,0.0028760581723464356,0.0064575645756457445,0.006023442587367124,0.007325808552203138,0.003690036900369041,0.007325808552203138,0.006131973084436702,0.008845235511178617,0.006511829824180533
4219dc7e23ae98e347b3b31c,LTCUSDT,2,2025-08-18T21:55:00Z,2025-08-18T22:00:00Z,118.16,118.22,-0.0005077860528097688,0.0003385240352064323,0.00761679079214629,0.0008463100880162012,-1.5000000000003555,1,5,6,30,True,True,False,False,True,True,True,False,True,False,0.0003385240352064323,-0.004654705484089346,0.0003385240352064323,-0.005077860528097567,0.0003385240352064323,-0.005754908598510552,0.0003385240352064323,-0.007109004739336522,0.0003385240352064323,-0.004146919431279698,0.0003385240352064323,-0.0005077860528097688
81c2125f5b1c2787c6c8bf0e,SUIUSDT,2,2025-08-18T22:55:00Z,2025-08-18T23:00:00Z,3.6334,3.6008,0.008972312434634217,0.01158694335883746,0.0019816150162382602,0.002614630924203243,0.7743467933491672,10,50,1,5,True,False,True,False,False,False,False,True,False,False,0.0008256729234326288,-0.0006330159079649828,0.0008256729234326288,0.0,0.002091704739362595,0.002091704739362595,0.004128364617163022,0.003688005724665563,0.010843837727748143,0.00990807508119118,0.01158694335883746,0.008972312434634217
64515da16e1886fa5dbc3d8f,ETHUSDT,2,2025-08-19T11:55:00Z,2025-08-19T12:00:00Z,4307.29,4304.03,0.0007568563992673394,0.005848224753847454,0.0014974612807588572,0.005091368354580114,0.12941643509330172,10,50,6,30,True,False,True,True,True,True,False,True,False,False,0.0016924794940670269,0.0016924794940670269,0.002156808573372112,0.0016460465861365605,0.002156808573372112,0.0006779204557854411,0.002156808573372112,0.000392358072012704,0.003361742534168715,0.0013628058477603993,0.005848224753847454,0.0007568563992673394
187ce96e02eca4b163f1564f,LTCUSDT,2,2025-08-19T20:55:00Z,2025-08-19T21:00:00Z,114.47,114.71,-0.002096619201537476,0.0013977461343583173,0.00873591333973967,0.003494365335895793,-1.5,6,30,8,40,True,True,False,False,True,True,True,False,True,False,0.0007862322005766001,-0.0005241548003844,0.0008735913339739174,0.0006988730671791586,0.0008735913339739174,-0.0015724644011532003,0.0013977461343583173,-0.0019219009347427175,0.0013977461343583173,-0.006377216738009994,0.0013977461343583173,-0.002096619201537476
dfa1ada04686fff5a6de6f49,LTCUSDT,2,2025-08-20T00:55:00Z,2025-08-20T01:00:00Z,113.57,113.76,-0.0016729770185789552,0.010566170643655795,0.003081799771066378,0.01223914766223475,-0.1583333333333448,8,40,1,5,True,True,False,False,True,True,True,True,False,False,8.805142203038571e-05,-0.001849079862639852,0.0018490798626397268,0.001320771330456912,0.003081799771066253,0.002113234128731134,0.004314519679492779,0.004314519679492779,0.010566170643655795,0.008364885092894151,0.010566170643655795,-0.0016729770185789552
7232bfbe8922d005a11994cb,DOGEUSDT,2,2025-08-20T03:55:00Z,2025-08-20T04:00:00Z,0.2117,0.21302,-0.006235238545110949,0.0005196032120925791,0.008502598016060445,0.006754841757203528,-12.0,1,5,7,35,True,True,False,False,True,True,True,False,True,False,0.0005196032120925791,-0.0020784128483703162,0.0005196032120925791,-0.0049598488427019145,0.0005196032120925791,-0.004629192253188515,0.0005196032120925791,-0.007038261691072231,0.0005196032120925791,-0.0048653755314123906,0.0005196032120925791,-0.006235238545110949
1d9515264907a9aae0b8d0b7,LTCUSDT,2,2025-08-20T04:55:00Z,2025-08-20T05:00:00Z,114.07,114.17,-0.00087665468571937,0.004383273428596476,0.0015779784342947912,0.005259928114315846,-0.20000000000001705,4,20,12,60,True,True,False,False,True,True,True,False,True,False,0.0012273165600068937,0.0006136582800034469,0.002279302182870088,0.002191636714298238,0.00368194968002093,0.003155956868589458,0.004383273428596476,0.003155956868589458,0.004383273428596476,0.0004383273428596227,0.004383273428596476,-0.00087665468571937
ed18c8554b32f0b1e45f0b72,AVAXUSDT,2,2025-08-20T05:55:00Z,2025-08-20T06:00:00Z,22.954,22.838,0.005053585431733016,0.00784177049751676,0.0008277424414044764,0.0027881850657837442,0.6444444444444435,6,30,1,5,True,False,True,True,False,False,False,True,False,False,0.0021347041909906546,0.0017861810577677255,0.00270105428247805,0.002221834974296503,0.00544567395660887,0.00544567395660887,0.00784177049751676,0.006491243356277813,0.00784177049751676,0.004138712207022692,0.00784177049751676,0.005053585431733016
4ec565af70917cc6080085e7,AVAXUSDT,2,2025-08-20T07:55:00Z,2025-08-20T08:00:00Z,22.769,23.006,-0.01040888927928332,0.001361500285475814,0.01102376037594981,0.011770389564759134,-7.645161290322935,1,5,12,60,True,True,False,False,True,True,True,False,True,False,0.001361500285475814,-0.00101014537309514,0.001361500285475814,0.00013175809214283077,0.001361500285475814,-0.002239887566428123,0.001361500285475814,-0.005489920505951074,0.001361500285475814,-0.008388598533093351,0.001361500285475814,-0.01040888927928332
52a68df2a39bfaef1c00e8a9,ETHUSDT,2,2025-08-20T08:55:00Z,2025-08-20T09:00:00Z,4236.96,4221.06,0.0037526906083606257,0.005005947660586844,0.00019589517012195707,0.0012532570522262184,0.7496463932107312,11,55,1,5,True,False,True,True,False,False,False,True,False,False,0.0033538197197991097,0.002605641780899504,0.0033538197197991097,0.003252331860579223,0.0038069748121294772,0.0022988180204674535,0.004512669461123044,0.003620520373097727,0.0045551527510290825,0.0028935840791511408,0.005005947660586844,0.0037526906083606257
2d3f4a04d8751cccf53e69e5,ADAUSDT,2,2025-08-20T10:55:00Z,2025-08-20T11:00:00Z,0.8557,0.8487,0.008180437069066269,0.022554633633282674,0.0035059016010284007,0.014374196564216405,0.36269430051813534,10,50,1,5,True,False,True,True,True,False,False,True,False,False,0.00011686338670093372,-0.0012854972537104006,0.006661213041954,0.005843169335047335,0.007479256748860536,0.0070118032020568015,0.011452611896692801,0.010634568189786137,0.021619726539675074,0.02021736589926374,0.022554633633282674,0.008180437069066269
6a5274093781e2cffda13f06,DOGEUSDT,2,2025-08-20T12:55:00Z,2025-08-20T13:00:00Z,0.21433,0.20994,0.020482433630383077,0.024261652591797613,0.00018662809686003943,0.0037792189614145356,0.844230769230773,11,55,1,5,True,False,True,False,False,False,False,True,False,False,0.004199132179349527,0.0029860495497597245,0.004992301591004468,0.004759016469929516,0.008911491625064131,0.008771520552419133,0.009844632109364069,0.006252041244809313,0.012644053562263754,0.012504082489618757,0.024261652591797613,0.020482433630383077
f65038e45fff6c43fbbbd07d,BTCUSDT,2,2025-08-20T15:55:00Z,2025-08-20T16:00:00Z,113296.9,113797.2,-0.004415831324599375,0.0007131704397912772,0.00872751152061533,0.0051290017643906526,-6.191831683169246,2,10,6,30,True,True,False,False,True,True,True,False,True,False,0.0004324919746259607,-0.0005269340996974466,0.0007131704397912772,-2.8244373853226713e-05,0.0007131704397912772,-0.002578181750780523,0.0007131704397912772,-0.00811672693604155,0.0007131704397912772,-0.005378787945654371,0.0007131704397912772,-0.004415831324599375
afc18a394e3f740d644e00b6,LTCUSDT,2,2025-08-20T16:55:00Z,2025-08-20T17:00:00Z,115.6,116.22,-0.005363321799307998,0.0012975778546712065,0.008477508650519066,0.006660899653979205,-4.133333333333599,7,35,10,50,True,True,False,False,True,True,True,False,True,False,0.00034602076124560594,-0.0037197231833910626,0.00034602076124560594,-0.004238754325259594,0.00034602076124560594,-0.001989619377162664,0.0012110726643598665,0.0010380622837369406,0.0012975778546712065,-0.006660899653979328,0.0012975778546712065,-0.005363321799307998
afc8a849bd7df42e16057ee6,LTCUSDT,2,2025-08-20T17:55:00Z,2025-08-20T18:00:00Z,116.23,115.29,0.008087412888238816,0.016088789469156022,0.0009463993805385823,0.008001376580917206,0.5026737967914414,7,35,1,5,True,False,True,True,False,False,False,True,False,False,0.006280650434483386,0.005850468897874962,0.00782930396627386,0.00782930396627386,0.010238320571281061,0.00989417534199437,0.014626172244687282,0.014023918093435513,0.016088789469156022,0.00868966703949071,0.016088789469156022,0.008087412888238816
65650e41ba1148b0cb3ffd59,ETHUSDT,2,2025-08-20T19:55:00Z,2025-08-20T20:00:00Z,4344.32,4353.41,-0.0020923873011196564,0.003441275044195598,0.006205804360636426,0.005533662345315254,-0.6080267558528599,4,20,11,55,True,True,False,False,True,True,True,False,True,False,0.003436671331761791,0.0023801193282263155,0.003436671331761791,-0.0013051524749558212,0.003436671331761791,0.0015675640836769601,0.003441275044195598,-0.0006145956098998401,0.003441275044195598,0.00022558190925152003,0.003441275044195598,-0.0020923873011196564
0af5b3ba9fd7949c9efd8996,SUIUSDT,2,2025-08-20T20:55:00Z,2025-08-20T21:00:00Z,3.5693,3.5652,0.0011486846160312146,0.007200291373658716,0.0024654694197741626,0.006051606757627502,0.15953307392996907,4,20,11,55,True,False,True,True,True,True,False,False,True,False,0.0011206679180791762,0.0008965343344633658,0.0012607514078391197,-2.8016697951914082e-05,0.003109853472669804,0.0024654694197741626,0.007200291373658716,0.005463256100636062,0.007200291373658716,-2.8016697951914082e-05,0.007200291373658716,0.0011486846160312146
7997248d11b132be96a78f4e,BNBUSDT,2,2025-08-20T22:55:00Z,2025-08-20T23:00:00Z,876.1,869.71,0.0072936879351672024,0.007658943043031659,0.0015523342084237115,0.0003652551078644562,0.9523099850968632,11,55,1,5,True,False,True,False,False,False,False,True,False,False,0.0005707111060381235,-0.0003310124415020701,0.0005707111060381235,-0.00037666932998507843,0.0012555644332838977,0.0009131377696610754,0.004280333295285926,0.0038237644104554534,0.005193471064947002,0.005067914621618599,0.007658943043031659,0.0072936879351672024
e710e6c18182e59b516d68a3,ETHUSDT,2,2025-08-20T23:55:00Z,2025-08-21T00:00:00Z,4334.5,4322.31,0.002812319760064506,0.00671127004268085,0.0,0.0038989502826163444,0.41904434513576966,5,25,1,5,True,False,True,True,True,False,False,True,False,False,0.0024039681624178273,0.002090206482870089,0.005013265659245487,0.004371899873111044,0.005013265659245487,0.00418502710808636,0.00671127004268085,0.004627984773330349,0.00671127004268085,0.0032829622793862185,0.00671127004268085,0.002812319760064506
2ef6b56eb5686e705aa4d493,DOGEUSDT,2,2025-08-21T02:55:00Z,2025-08-21T03:00:00Z,0.22092,0.22194,-0.004617055947854396,0.0001357957631721992,0.0158428390367554,0.004752851711026595,-33.99999999999722,1,5,3,15,True,True,False,False,True,True,True,False,True,False,0.0001357957631721992,-0.0044359949302914215,0.0001357957631721992,-0.011271048343291654,0.0001357957631721992,-0.011723700887198901,0.0001357957631721992,-0.0076950932464240765,0.0001357957631721992,-0.008374072062284948,0.0001357957631721992,-0.004617055947854396
0b9fa9eebb13d30cef1589f8,LTCUSDT,2,2025-08-21T03:55:00Z,2025-08-21T04:00:00Z,115.99,115.98,8.621432882137171e-05,0.001896715234071893,0.0034485731528580543,0.0018105009052505213,0.04545454545450435,5,25,10,50,True,False,True,True,True,True,False,False,True,False,0.0003448573152857319,-0.0019829295628933873,0.0003448573152857319,0.0,0.0006035003017500921,0.00017242865764286594,0.001896715234071893,0.0002586429864643602,0.001896715234071893,-0.0018105009052505213,0.001896715234071893,8.621432882137171e-05
31713e90ba9aff3098d3275d,DOGEUSDT,2,2025-08-21T04:55:00Z,2025-08-21T05:00:00Z,0.22264,0.22403,-0.006243262666187578,0.0036381602587136413,0.006557671577434374,0.009881422924901219,-1.7160493827160415,3,15,10,50,True,True,False,False,True,True,True,False,True,False,0.002245777937477544,0.002245777937477544,0.0032788357887172494,0.0024254401724758024,0.0036381602587136413,0.0008983111749910427,0.0036381602587136413,-0.0016618756737334225,0.0036381602587136413,-0.004401724757456022,0.0036381602587136413,-0.006243262666187578
8583e42c15ee6eb5ed04976b,LTCUSDT,2,2025-08-21T08:55:00Z,2025-08-21T09:00:00Z,115.2,115.25,-0.0004340277777777531,0.003732638888888948,0.0032986111111110716,0.004166666666666701,-0.11627906976743341,4,20,9,45,True,True,False,False,True,True,True,False,True,False,0.0025173611111111655,0.0023437499999999652,0.0025173611111111655,0.0023437499999999652,0.0025173611111111655,0.0019965277777778123,0.003732638888888948,0.0004340277777777531,0.003732638888888948,-0.0028645833333333184,0.003732638888888948,-0.0004340277777777531
ce9d63201478adcbbfdfb649,ADAUSDT,2,2025-08-21T09:55:00Z,2025-08-21T10:00:00Z,0.8735,0.8692,0.0049227246708644316,0.006182026330852972,0.0044647967945047546,0.0012593016599885404,0.7962962962963008,12,60,6,30,True,False,True,False,False,False,False,True,False,False,0.0033199771036061974,0.002289639381797369,0.0033199771036061974,-0.002175157412707386,0.0033199771036061974,-0.00011448196908985573,0.0033199771036061974,-0.003091013165426359,0.0033199771036061974,0.002747567258156919,0.006182026330852972,0.0049227246708644316
f97980299365ee363bdac0a2,ETHUSDT,2,2025-08-21T10:55:00Z,2025-08-21T11:00:00Z,4289.99,4277.01,0.0030256480784336477,0.005825188403702522,0.004424252737185978,0.0027995403252688744,0.5194077631052292,11,55,7,35,True,False,True,True,False,False,False,True,False,False,0.000473194576211074,-0.0006713302362010423,0.000473194576211074,-0.0020979069881281774,0.000473194576211074,-0.0016317054352108047,0.000473194576211074,-0.0023426628034098405,0.004023319401676978,0.001475527914983468,0.005825188403702522,0.0030256480784336477
51d8ee72543a3345fa5db089,ADAUSDT,2,2025-08-21T22:55:00Z,2025-08-21T23:00:00Z,0.8568,0.8514,0.006302521008403315,0.011321195144724605,0.0001167133520074568,0.00501867413632129,0.5567010309278285,6,30,1,5,True,False,True,True,False,False,False,True,False,False,0.003267973856209179,0.0028011204481792223,0.007469654528478012,0.007352941176470556,0.007936507936507969,0.007819794584500512,0.011321195144724605,0.006419234360410902,0.011321195144724605,0.010620915032679736,0.011321195144724605,0.006302521008403315
21a4eacea57e2e5808c98cc2,AVAXUSDT,2,2025-08-22T01:55:00Z,2025-08-22T02:00:00Z,22.914,23.088,-0.007593610892903879,0.0013528846993105682,0.013179715457798707,0.008946495592214446,-5.612903225806008,1,5,6,30,True,True,False,False,True,True,True,False,True,False,0.0013528846993105682,-0.0031858252596664413,0.0013528846993105682,-0.00453870995897701,0.0013528846993105682,-0.007506328009077291,0.0013528846993105682,-0.012219603735707322,0.0013528846993105682,-0.009033778476040725,0.0013528846993105682,-0.007593610892903879
41b61ad797b9e7669c98f66e,ADAUSDT,2,2025-08-22T02:55:00Z,2025-08-22T03:00:00Z,0.8594,0.8503,0.010588782871771127,0.014661391668606067,0.00255992552943912,0.00407260879683494,0.7222222222222275,11,55,3,15,True,False,True,True,False,False,False,True,False,False,0.0027926460321155092,0.00116360251338143,0.0027926460321155092,-0.0020944845240864706,0.0027926460321155092,-0.00127996276471956,0.005585292064230889,0.005352571561554629,0.013730509657900899,0.012101466139166949,0.014661391668606067,0.010588782871771127
fbe4ab6a0c1907cf2c67f23b,AVAXUSDT,2,2025-08-22T04:55:00Z,2025-08-22T05:00:00Z,22.97,22.997,-0.0011754462342185906,0.004875925119721303,0.0043535045711798614,0.006051371353939894,-0.24107142857144134,9,45,2,10,True,True,False,False,True,True,True,True,False,False,0.0005659555942532923,-0.0008271658685242449,0.0005659555942532923,-0.002568567696996128,0.0005659555942532923,-0.0018720069656074365,0.003003918154114021,0.0020026121027426807,0.004875925119721303,0.002481497605572425,0.004875925119721303,-0.0011754462342185906
85fa481a2d698742ac2cb1db,LTCUSDT,2,2025-08-22T07:55:00Z,2025-08-22T08:00:00Z,116.26,116.19,0.0006020987441941114,0.002150352657835885,0.004558747634612086,0.0015482539136417737,0.28000000000002956,10,50,4,20,True,False,True,True,True,False,False,True,False,False,0.000258042318940316,-0.001978324445208926,0.000258042318940316,-0.0029244796146567107,0.000258042318940316,-0.0033545501462239856,0.000258042318940316,-0.0030965078272836696,0.000258042318940316,-0.0010321692757611417,0.002150352657835885,0.0006020987441941114
284b0d4a8b6184bcc631309b,AVAXUSDT,2,2025-08-22T08:55:00Z,2025-08-22T09:00:00Z,23.006,23.004,8.693384334516611e-05,0.005042162914022414,0.0025645483786838675,0.004955229070677248,0.01724137931033532,8,40,11,55,True,False,True,True,True,True,False,False,True,False,0.001477875336868596,0.00139094149352343,0.0018690776319220752,0.001130139963487777,0.0018690776319220752,0.0016082761018864223,0.003998956793879803,0.002434147613666041,0.005042162914022414,0.0020429453186125617,0.005042162914022414,8.693384334516611e-05
36d127647e3905302c00b21c,ETHUSDT,2,2025-08-22T09:55:00Z,2025-08-22T10:00:00Z,4326.68,4294.64,0.007405216008579318,0.009337413444026492,0.0002704151913245428,0.001932197435447174,0.7930693069306816,10,50,1,5,True,False,True,False,False,False,False,True,False,False,0.0019021513030777577,0.0018536152430964241,0.0025423650466408422,0.0010862832472012553,0.0025423650466408422,0.0023898231438424255,0.0049113870219198085,0.003175645067349721,0.007088575998224983,0.006933722854475024,0.009337413444026492,0.007405216008579318
183130e7e5a691a1753d3743,BTCUSDT,2,2025-08-22T15:55:00Z,2025-08-22T16:00:00Z,116319.4,116105.8,0.0018363230896994937,0.002346126269564614,0.003552287924456382,0.0005098031798651205,0.7827042872847044,12,60,2,10,True,False,True,False,False,False,False,True,False,False,8.597018209453355e-07,-0.0019068186390232664,8.597018209453355e-07,-0.0023203352149341275,8.597018209453355e-07,-0.001880167882571709,0.001930030588190792,-0.0004702568960982574,0.001930030588190792,-0.0008081197117591735,0.002346126269564614,0.0018363230896994937
0cf77e8877bbe87583ad06e4,BTCUSDT,2,2025-08-22T16:55:00Z,2025-08-22T17:00:00Z,116105.7,116972.9,-0.007469056213433079,0.0,0.007573271596484952,0.007469056213433079,,1,5,12,60,False,False,False,False,False,False,False,False,True,False,0.0,-0.0031281840598695594,0.0,-0.003744002232448511,0.0,-0.00515478568235668,0.0,-0.00675591293106203,0.0,-0.00529603628417906,0.0,-0.007469056213433079
266586a45dff4b08eea497c2,BNBUSDT,2,2025-08-22T17:55:00Z,2025-08-22T18:00:00Z,895.29,893.45,0.0020551999910642564,0.003965195634933881,0.004512504328206589,0.0019099956438696246,0.5183098591549132,12,60,4,20,True,False,True,True,False,False,False,True,False,False,0.00035742608540242416,-0.0019099956438696248,0.001172804342726887,-0.0002568999988830638,0.001172804342726887,-0.0038311608529080676,0.0037864825922326695,0.002524321728155113,0.0037864825922326695,-0.00011169565168830517,0.003965195634933881,0.0020551999910642564
dfdeda19c6cdf40b46517c83,SOLUSDT,2,2025-08-22T18:55:00Z,2025-08-22T19:00:00Z,196.81,198.96,-0.010924241654387509,0.0012194502311874858,0.014887454905746694,0.012143691885574995,-8.958333333333018,1,5,11,55,True,True,False,False,True,True,True,False,True,False,0.0012194502311874858,-0.0005589146892941681,0.0012194502311874858,-0.0012702606574869163,0.0012194502311874858,-0.0016259336415832182,0.0012194502311874858,-0.006605355418932022,0.0012194502311874858,-0.007215080534525621,0.0012194502311874858,-0.010924241654387509
34b5d2f701933df32023f8c0,AVAXUSDT,2,2025-08-22T19:55:00Z,2025-08-22T20:00:00Z,25.079,25.2,-0.004824753778061273,0.0003189919853263335,0.007177319669843284,0.0051437457633876065,-15.1250000000015,1,5,6,30,True,True,False,False,True,True,True,False,True,False,0.0003189919853263335,-0.0031101718569320706,0.0003189919853263335,-0.004067147812911213,0.0003189919853263335,-0.0022728178954503214,0.0003189919853263335,-0.005303241756050844,0.0003189919853263335,-0.0038677778220821304,0.0003189919853263335,-0.004824753778061273
adc01c3ccec34ea0e3e4374b,DOGEUSDT,2,2025-08-22T20:55:00Z,2025-08-22T21:00:00Z,0.2393,0.24127,-0.00823234433765148,0.001587964897618133,0.01203510238194732,0.009820309235269614,-5.184210526315526,3,15,10,50,True,True,False,False,True,True,True,False,True,False,0.0005850396991224456,-0.002716255745925549,0.0005850396991224456,-0.004429586293355527,0.001587964897618133,-0.00020894274968656285,0.001587964897618133,-0.006477225240284145,0.001587964897618133,-0.00902632678646049,0.001587964897618133,-0.00823234433765148
bd8050122af04f95aa066aff,DOGEUSDT,2,2025-08-22T21:55:00Z,2025-08-22T22:00:00Z,0.24127,0.23939,0.0077921001367763105,0.009823019853276457,0.0024868404691838577,0.0020309197165001465,0.7932489451476843,12,60,1,5,True,False,True,False,False,False,False,True,False,False,0.002030919716500262,-0.0009532888465204137,0.004020392091847303,0.0018651303518879509,0.005595391055663853,0.0029842085630206756,0.005595391055663853,0.003025655904173782,0.008745388983296725,0.006673021925643471,0.009823019853276457,0.0077921001367763105
e41b744cf51b916cb7688275,DOGEUSDT,2,2025-08-22T23:55:00Z,2025-08-23T00:00:00Z,0.24051,0.23766,0.011849819134339492,0.012099289010851923,0.0013720843208182485,0.00024946987651243077,0.9793814432989674,12,60,1,5,True,False,True,False,False,False,False,True,False,False,0.004532036089975501,0.0010394578188017139,0.005114132468504465,0.0033678433329175717,0.0062367469128102836,0.0062367469128102836,0.006278325225562394,0.003991518024198531,0.008107770986653391,0.007899879422893072,0.012099289010851923,0.011849819134339492
527840c8c1861d0f56e707a2,SOLUSDT,2,2025-08-23T06:55:00Z,2025-08-23T07:00:00Z,206.62,205.29,0.006436937372955244,0.007743684057690418,0.003775045978124098,0.001306746684735174,0.8312500000000108,10,50,3,15,True,False,True,False,False,False,False,True,False,False,0.0018391249637014588,0.0011131545832930897,0.0018391249637014588,-0.00029038815216340274,0.0018391249637014588,-0.002371503242667743,0.005323782789662154,0.004307424257090382,0.007114509728003092,0.003726647952763577,0.007743684057690418,0.006436937372955244
02c5b7adc3b672797854e438,DOGEUSDT,2,2025-08-23T11:55:00Z,2025-08-23T12:00:00Z,0.23614,0.23682,-0.002879647666638494,0.00470060133818921,0.012238502583213365,0.007580249004827703,-0.6126126126126252,1,5,4,20,True,True,False,False,True,True,True,False,True,False,0.00470060133818921,0.004404167019564603,0.00470060133818921,0.0008046074362666034,0.00470060133818921,-0.003895993901922606,0.00470060133818921,-0.005674599813669891,0.00470060133818921,-0.007749640044041663,0.00470060133818921,-0.002879647666638494
74a597038375231077e59ee0,SUIUSDT,2,2025-08-23T12:55:00Z,2025-08-23T13:00:00Z,3.7381,3.726,0.003236938551670694,0.008533747090768106,0.00021401246622613408,0.005296808539097413,0.3793103448275901,8,40,1,5,True,False,True,True,True,False,False,True,False,False,0.0024878949198791057,0.0007490436317915881,0.0024878949198791057,0.0009095529814611887,0.0024878949198791057,0.0010433107728525818,0.004146491533131883,0.003878975950349215,0.008533747090768106,0.006099355287445534,0.008533747090768106,0.003236938551670694
ececcfb63efb1e7008a530c7,SOLUSDT,2,2025-08-23T15:55:00Z,2025-08-23T16:00:00Z,202.68,203.38,-0.003453720149990076,0.0022695875271364118,0.005131241365699586,0.005723307677126487,-1.5217391304347314,1,5,11,55,True,True,False,False,True,True,True,False,True,False,0.0022695875271364118,0.00133214920071053,0.0022695875271364118,-0.0004440497335701767,0.0022695875271364118,0.0002960331557134511,0.0022695875271364118,-0.0021709098085652147,0.0022695875271364118,-0.0021215709492796862,0.0022695875271364118,-0.003453720149990076
ce594423b075f858cd2441b8,SOLUSDT,2,2025-08-23T19:55:00Z,2025-08-23T20:00:00Z,204.17,203.88,0.0014203849733065194,0.004261154919919558,0.0009795758436597789,0.0028407699466130383,0.33333333333333337,4,20,7,35,True,False,True,True,True,False,False,False,True,False,0.0011265122202085997,0.0009305970514766996,0.002106088063868239,0.0019101728951363393,0.0034774942449918183,0.0031346426997109584,0.004261154919919558,0.00068570309056172,0.004261154919919558,0.0033305578684428585,0.004261154919919558,0.0014203849733065194
3165affeba621c6d7464a8ca,LTCUSDT,2,2025-08-24T15:55:00Z,2025-08-24T16:00:00Z,119.29,119.88,-0.004945930086344113,0.0005029759409841753,0.006371028585799236,0.005448906027328288,-9.833333333332781,8,40,12,60,True,True,False,False,True,True,True,False,True,False,0.00041914661748689215,-0.0025987090284180403,0.00041914661748689215,-0.0015089278229524067,0.00041914661748689215,-0.0029340263224075305,0.00041914661748689215,-0.0008382932349735461,0.0005029759409841753,-0.003185514292899618,0.0005029759409841753,-0.004945930086344113
ad813f0f215871e7df8fd073,LTCUSDT,2,2025-08-24T17:55:00Z,2025-08-24T18:00:00Z,121.55,123.69,-0.017605923488276436,0.001316330728095406,0.01851090086384204,0.01892225421637184,-13.37500000000029,1,5,11,55,True,True,False,False,True,True,True,False,True,False,0.001316330728095406,0.0004936240230358065,0.001316330728095406,-0.003208556149732625,0.001316330728095406,-0.005018510900863838,0.001316330728095406,-0.010283833813245578,0.001316330728095406,-0.014397367338543809,0.001316330728095406,-0.017605923488276436
bceb708d36d00ad15b22a913,BNBUSDT,2,2025-08-25T01:55:00Z,2025-08-25T02:00:00Z,875.45,879.41,-0.004523387971900077,0.00023987663487353518,0.00551716260209027,0.004763264606773612,-18.857142857139223,1,5,12,60,True,True,False,False,True,True,True,False,True,False,0.00023987663487353518,-0.003095550859557853,0.00023987663487353518,-0.002341652864241195,0.00023987663487353518,-0.003141241647152893,0.00023987663487353518,-0.0029927465874693064,0.00023987663487353518,-0.0029242104060768124,0.00023987663487353518,-0.004523387971900077
55dbd37b8a3a7b67882e31dc,BNBUSDT,2,2025-08-25T08:55:00Z,2025-08-25T09:00:00Z,861.19,861.44,-0.0002902959857871085,0.003924801727841834,0.0005689801321426113,0.0042150977136289425,-0.07396449704141772,2,10,1,5,True,True,False,False,True,True,True,True,False,False,0.001857894309037521,0.0016140456809764395,0.003924801727841834,0.003820295172958438,0.003924801727841834,0.0011844076220115136,0.003924801727841834,0.003007466412754481,0.003924801727841834,0.00126569049803183,0.003924801727841834,-0.0002902959857871085
98933e8fc27247ef8eae57a7,BNBUSDT,2,2025-08-25T16:55:00Z,2025-08-25T17:00:00Z,866.55,864.17,0.0027465235704806365,0.005066066585886546,0.000980901275171684,0.0023195430154059095,0.5421412300683378,4,20,6,30,True,False,True,True,False,False,False,False,True,False,0.0037389648606543295,0.0037274248456521893,0.004523685880791598,0.0017887023253129704,0.004523685880791598,0.002631123420460415,0.005066066585886546,-0.0001615602100283885,0.005066066585886546,0.0033235243205816116,0.005066066585886546,0.0027465235704806365
b7a66b6400bcab6afe45aff5,BNBUSDT,2,2025-08-26T01:55:00Z,2025-08-26T02:00:00Z,845.52,847.73,-0.0026137761377614207,0.0011235689279968917,0.005736115053458254,0.0037373450657583124,-2.3263157894738895,1,5,10,50,True,True,False,False,True,True,True,False,True,False,0.0011235689279968917,-0.0007924117702716349,0.0011235689279968917,-0.0031696470810862708,0.0011235689279968917,-0.004115810388873141,0.0011235689279968917,-0.002732046551234813,0.0011235689279968917,-0.003855615479231705,0.0011235689279968917,-0.0026137761377614207
b20b4b1206dd1cb4e1c1b89e,SUIUSDT,2,2025-08-26T06:55:00Z,2025-08-26T07:00:00Z,3.4116,3.4346,-0.0067417047719545466,0.0067417047719545466,0.008295228045491914,0.013483409543909093,-1.0,5,25,8,40,True,True,False,False,True,True,True,False,True,False,0.0025208113495134073,0.0018466408723179658,0.0031656700668308544,0.00029311759878059853,0.004455387501465618,0.003957087583538536,0.0067417047719545466,0.0052174932582951744,0.0067417047719545466,-0.0044846992613436125,0.0067417047719545466,-0.0067417047719545466
688934e44c839ab1685f1484,SOLUSDT,2,2025-08-26T08:55:00Z,2025-08-26T09:00:00Z,188.62,187.94,0.003605132011451632,0.006415014314494793,0.003393065422542606,0.0028098823030431614,0.5619834710743821,12,60,6,30,True,False,True,True,False,False,False,True,False,False,0.0015904994168169408,0.0012723995334535526,0.006149931078358586,0.0034990987169971188,0.006149931078358586,0.002014632594634691,0.006149931078358586,-0.0008482663556356515,0.006361997667267612,0.005831831194995198,0.006415014314494793,0.003605132011451632
d764695d3a176decabb9cb1f,ADAUSDT,2,2025-08-26T10:55:00Z,2025-08-26T11:00:00Z,0.8421,0.8381,0.004750029687685553,0.00902505640660247,0.003918774492340673,0.004275026718916918,0.5263157894736888,8,40,2,10,True,False,True,True,False,False,False,True,False,False,0.0010687566797292626,0.0005937537109606282,0.002493765586034902,-0.001543759648497897,0.002493765586034902,-0.0009500059375371369,0.006412540078375443,0.005225032656454055,0.00902505640660247,0.006175038593991192,0.00902505640660247,0.004750029687685553
a0d1a28c54e0743879a3d3b2,ETHUSDT,2,2025-08-26T11:55:00Z,2025-08-26T12:00:00Z,4425.57,4494.85,-0.015654480665767495,0.005097648438506111,0.024853295733657067,0.020752129104273605,-3.070921985815701,2,10,9,45,True,True,False,False,True,True,True,False,True,False,0.0033035292628971844,0.0030662716892964543,0.005097648438506111,0.004374577738008816,0.005097648438506111,0.0038074191573061675,0.005097648438506111,0.0018890222050492193,0.005097648438506111,-0.018684598820039117,0.005097648438506111,-0.015654480665767495
e04048acd5154c1db285b2f5,LTCUSDT,2,2025-08-26T17:55:00Z,2025-08-26T18:00:00Z,112.86,113.67,-0.007177033492822987,0.0023037391458444545,0.007708665603402486,0.00948077263866744,-3.1153846153845626,5,25,12,60,True,True,False,False,True,True,True,False,True,False,0.0007088428141059569,-0.0008860535176324146,0.0009746588693957065,-0.0003544214070530414,0.0009746588693957065,0.0007974481658692488,0.0023037391458444545,-0.0016835016835016633,0.0023037391458444545,-0.005493531809321323,0.0023037391458444545,-0.007177033492822987
5cb322e95727ec52d6bfe267,LTCUSDT,2,2025-08-26T18:55:00Z,2025-08-26T19:00:00Z,113.67,114.47,-0.007037916776634091,0.003958828186856715,0.008005630333421276,0.010996744963490807,-1.7777777777777604,2,10,12,60,True,True,False,False,True,True,True,False,True,False,0.0016715052344505826,0.0016715052344505826,0.003958828186856715,0.0018474531538665254,0.003958828186856715,-0.00026392187912378936,0.003958828186856715,-0.0024632708718219506,0.003958828186856715,-0.0007917656373713681,0.003958828186856715,-0.007037916776634091
507eaec82f69c99f8893ce96,ADAUSDT,2,2025-08-26T19:55:00Z,2025-08-26T20:00:00Z,0.8727,0.8671,0.006416867193766529,0.0105419961040449,0.00045834765669755463,0.004125128910278372,0.6086956521739194,10,50,1,5,True,False,True,True,False,False,False,True,False,False,0.005843932622894458,0.005270998052022515,0.005958519537068847,0.0028646728543600983,0.005958519537068847,0.0008021083992208478,0.005958519537068847,0.0028646728543600983,0.00916695313395211,0.008594018563080168,0.0105419961040449,0.006416867193766529
dfe445c362b3866658a0e686,XRPUSDT,2,2025-08-26T20:55:00Z,2025-08-26T21:00:00Z,3.0384,3.0293,0.002994997367035317,0.006977356503422962,0.0005924170616113091,0.003982359136387645,0.4292452830188664,9,45,1,5,True,False,True,True,True,False,False,True,False,False,0.004903896787783161,0.004081095313322936,0.006055818852027446,0.004640600315955767,0.006055818852027446,0.003422854133754669,0.006516587677725131,0.006088730911005926,0.006977356503422962,0.005595050026329761,0.006977356503422962,0.002994997367035317
a28e5f13565b7829fb550d23,SOLUSDT,2,2025-08-26T23:55:00Z,2025-08-27T00:00:00Z,195.78,194.57,0.006180406578812994,0.007712738788435953,0.0019920318725098903,0.0015323322096229587,0.8013245033112685,10,50,8,40,True,False,True,False,False,False,False,True,False,False,0.0019409541321891686,0.001379098988660794,0.0036775973030953053,0.003217897640208374,0.0036775973030953053,0.0022984983144345114,0.0038819082643783373,0.003473286341812273,0.0038819082643783373,0.0016344876902645478,0.007712738788435953,0.006180406578812994
0ef3d2b09b61bbf55fb11f4d,SOLUSDT,2,2025-08-27T01:55:00Z,2025-08-27T02:00:00Z,196.22,198.23,-0.010243604117826882,0.003414534705942246,0.017837121598206097,0.013658138823769128,-3.000000000000042,2,10,9,45,True,True,False,False,True,True,True,False,True,False,0.0019875649780857524,0.0014779329324227503,0.003414534705942246,0.002701049842014072,0.003414534705942246,0.00040770563653048876,0.003414534705942246,-0.01003975129956171,0.003414534705942246,-0.01559474059728877,0.003414534705942246,-0.010243604117826882
4654a4a650654b904158335a,DOGEUSDT,2,2025-08-27T03:55:00Z,2025-08-27T04:00:00Z,0.22111,0.22271,-0.00723621726742341,0.0017186016010130318,0.008864366152593684,0.008954818868436442,-4.210526315789543,1,5,12,60,True,True,False,False,True,True,True,False,True,False,0.0017186016010130318,-0.0016281488851702737,0.0017186016010130318,-0.006512595540681095,0.0017186016010130318,-0.0042965040025327045,0.0017186016010130318,0.0006783953688209997,0.0017186016010130318,-0.003663334991633147,0.0017186016010130318,-0.00723621726742341
545ce07a549adb2701c3df9f,LTCUSDT,2,2025-08-27T05:55:00Z,2025-08-27T06:00:00Z,113.96,113.09,0.0076342576342575495,0.007809757809757815,8.775008775013265e-05,0.00017550017550026567,0.977528089887629,12,60,1,5,True,False,True,False,False,False,False,True,False,False,0.003246753246753162,0.0030712530712530216,0.004036504036503982,0.0023692523692523345,0.00491400491400481,0.003246753246753162,0.005791505791505762,0.004475254475254395,0.006142506142506043,0.004650754650754536,0.007809757809757815,0.0076342576342575495
5d4b5d53fb4dbe324ef5d93f,XRPUSDT,2,2025-08-27T14:55:00Z,2025-08-27T15:00:00Z,3.004,3.0156,-0.003861517976031976,0.0026631158455392833,0.0051930758988016175,0.006524633821571259,-1.4500000000000057,8,40,12,60,True,True,False,False,True,True,True,False,True,False,0.0015978695073235404,0.0012316910785618556,0.0019973368841543888,-0.001964047936085225,0.0019973368841543888,-0.003095872170439443,0.0019973368841543888,0.00039946737683084813,0.0026631158455392833,-0.0011984021304926923,0.0026631158455392833,-0.003861517976031976
9c3b4543334dcf272278bd13,BNBUSDT,2,2025-08-27T15:55:00Z,2025-08-27T16:00:00Z,865.2,864.67,0.0006125751271383338,0.004311141932501176,0.0017452612112806181,0.0036985668053628423,0.1420911528150359,8,40,4,20,True,False,True,True,True,True,False,True,False,False,0.0008552935737401861,0.0008552935737401861,0.0012482662968100334,2.3116042533628638e-05,0.0012482662968100334,0.00023116042533523516,0.0033402681460935045,0.001849283402681487,0.004311141932501176,0.001953305594082356,0.004311141932501176,0.0006125751271383338
ebca2e5c107892d55dd593c8,SUIUSDT,2,2025-08-27T17:55:00Z,2025-08-27T18:00:00Z,3.4986,3.4814,0.004916252215171876,0.005087749385468548,0.006116732407248575,0.00017149717029667135,0.9662921348314648,12,60,3,15,True,False,True,False,False,False,False,True,False,False,0.0002858286171612456,-0.002172297490424756,0.0002858286171612456,-0.001400560224089545,0.0002858286171612456,-0.00508774938546842,0.0002858286171612456,-0.004601840736294455,0.0010004001600641059,0.0005144915108901406,0.005087749385468548,0.004916252215171876
95ef9d161f549137d709cc4e,XRPUSDT,2,2025-08-27T18:55:00Z,2025-08-27T19:00:00Z,3.0075,3.0041,0.001130507065669036,0.007148794679966627,0.0037572734829593715,0.006018287614297591,0.15813953488370622,3,15,9,45,True,False,True,True,True,True,False,False,True,False,0.0,-0.0024605153782211384,0.004488778054862718,0.002128013300083039,0.007148794679966627,0.0043225270157938155,0.007148794679966627,0.0004655029093931325,0.007148794679966627,-0.0027265170407314997,0.007148794679966627,0.001130507065669036
cc3a07031bcd9d2b0c0bec89,ADAUSDT,2,2025-08-28T07:55:00Z,2025-08-28T08:00:00Z,0.8723,0.8706,0.0019488708013297303,0.004356299438266553,0.00848331995872988,0.0024074286369368232,0.4473684210526216,11,55,2,10,True,False,True,True,True,False,False,True,False,False,0.0,-0.005044136191677256,0.0,-0.005502694027284222,0.0,-0.0037831021437579743,0.0021781497191333404,0.0018342313424279891,0.003324544308150881,0.0010317551301157995,0.004356299438266553,0.0019488708013297303
2c70da75484169b0d900f7ea,ADAUSDT,2,2025-08-28T08:55:00Z,2025-08-28T09:00:00Z,0.8706,0.8654,0.0059728922582128335,0.0064323455088445315,0.0,0.000459453250631698,0.928571428571437,10,50,1,5,True,False,True,False,False,False,False,True,False,False,0.002756719503790568,0.00195267631518497,0.004135079255685788,0.0026418561911326437,0.0062026188835286825,0.00528371238226516,0.0062026188835286825,0.0033310360670801903,0.0062026188835286825,0.005053985756949311,0.0064323455088445315,0.0059728922582128335
0c7a2653447bf4970fcb616a,SOLUSDT,2,2025-08-28T10:55:00Z,2025-08-28T11:00:00Z,213.87,213.07,0.003740590078084871,0.007294150652265405,0.000140272127928186,0.003553560574180534,0.5128205128205193,10,50,1,5,True,False,True,True,False,False,False,True,False,False,0.0045822228456539865,0.003927619581989074,0.006779819516528812,0.00542385561322297,0.006779819516528812,0.0061719736288399175,0.006779819516528812,0.0015429934072100457,0.006779819516528812,0.005377098237246952,0.007294150652265405,0.003740590078084871
522d0b0e96c009bbc9a0f32c,LTCUSDT,2,2025-08-28T17:55:00Z,2025-08-28T18:00:00Z,112.53,112.43,0.0008886519150448264,0.003110281702657019,0.003110281702657019,0.0022216297876121926,0.2857142857142741,4,20,9,45,True,False,True,True,True,False,False,False,True,False,0.001332977872567366,0.0006220563405314795,0.0027548209366391385,0.001777303830089779,0.0029325513196480787,0.0020438994046032524,0.003110281702657019,-0.0019550342130987193,0.003110281702657019,-0.0008886519150448264,0.003110281702657019,0.0008886519150448264
98ef35dfb070a9bcb76e1309,DOGEUSDT,2,2025-08-29T02:55:00Z,2025-08-29T03:00:00Z,0.22288,0.22248,0.0017946877243358924,0.006505743000717906,0.0024228284278536103,0.004711055276382014,0.2758620689655047,2,10,11,55,True,False,True,True,True,False,False,False,True,False,0.0033650394831299386,0.0033201722900214944,0.006505743000717906,0.001256281407035187,0.006505743000717906,0.0046661880832734445,0.006505743000717906,0.0026471643933955813,0.006505743000717906,0.0013460157932519506,0.006505743000717906,0.0017946877243358924
97ec2845c3c39be55f5abc39,AVAXUSDT,2,2025-08-29T04:55:00Z,2025-08-29T05:00:00Z,24.922,24.975,-0.002126635101516765,0.004734772490169413,0.0036915175347082396,0.006861407591686177,-0.44915254237288027,8,40,10,50,True,True,False,False,True,True,True,False,True,False,0.0012037557178397054,0.0012037557178397054,0.00228713586389544,0.0003210015247572072,0.00228713586389544,0.001163630527245001,0.0044940213466014714,0.0033705160099510322,0.004734772490169413,0.0015247572425969125,0.004734772490169413,-0.002126635101516765
13739f9edd9dce1fc558a179,BNBUSDT,2,2025-08-29T14:55:00Z,2025-08-29T15:00:00Z,858.46,858.61,-0.00017473149593455402,0.0010949840411901015,0.004438179996738282,0.0012697155371246556,-0.15957446808507292,12,60,4,20,True,True,False,False,True,True,True,True,False,False,0.00041935559024300914,-0.0001514339631432978,0.00041935559024300914,-0.0017473149593458053,0.00041935559024300914,-0.001421149500267821,0.00041935559024300914,-0.0011998229387507546,0.00041935559024300914,-0.0028888940661184193,0.0010949840411901015,-0.00017473149593455402
67bc96a59b28bc4957b1be70,BNBUSDT,2,2025-08-29T15:55:00Z,2025-08-29T16:00:00Z,858.61,859.05,-0.0005124561791732461,0.0045888121498702025,0.0021895854928314314,0.005101268329043449,-0.11167512690353674,3,15,9,45,True,True,False,False,True,True,True,False,True,False,0.00355225306017874,0.0034241390153853957,0.004577165418525365,0.004320937328938675,0.0045888121498702025,-0.0004076355970697089,0.0045888121498702025,-0.00017470097017269453,0.0045888121498702025,-0.00034940194034538906,0.0045888121498702025,-0.0005124561791732461
69794920f015902a43a81c0d,LTCUSDT,2,2025-08-29T19:55:00Z,2025-08-29T20:00:00Z,109.55,109.29,0.0023733455043358368,0.004837973528069385,0.001095390232770466,0.002464628023733548,0.4905660377358309,7,35,1,5,True,False,True,True,True,False,False,True,False,False,0.0006389776357826854,0.000547695116385233,0.004016430853491536,0.0033774532177087207,0.004016430853491536,0.0026471930625284533,0.004016430853491536,0.0019169329073481858,0.004837973528069385,0.0032861706983112683,0.004837973528069385,0.0023733455043358368
918836a54fb15e263268cf14,XRPUSDT,2,2025-08-29T21:55:00Z,2025-08-29T22:00:00Z,2.8061,2.8102,-0.0014611025979117689,0.006272050176401354,0.0016036491928299672,0.007733152774313122,-0.23295454545455976,3,15,12,60,True,True,False,False,True,True,True,False,True,False,0.0026727486547164538,0.00217383557250276,0.004418944442464619,0.002708385303445924,0.006272050176401354,0.005594953850539834,0.006272050176401354,0.002565838708527726,0.006272050176401354,0.002031288977584562,0.006272050176401354,-0.0014611025979117689
5830edd50578a5783da986e0,XRPUSDT,2,2025-08-30T02:55:00Z,2025-08-30T03:00:00Z,2.7921,2.8115,-0.006948175208624363,0.0006088607141578148,0.00988503277103258,0.007557035922782177,-11.411764705882169,1,5,5,25,True,True,False,False,True,True,True,False,True,False,0.0006088607141578148,7.163067225385121e-05,0.0006088607141578148,-0.0028294115540273613,0.0006088607141578148,-0.0034382722681851764,0.0006088607141578148,-0.006769098527989656,0.0006088607141578148,-0.00705562121700506,0.0006088607141578148,-0.006948175208624363
fb1f79e8cb03f4d2d942cb8d,AVAXUSDT,2,2025-08-30T03:55:00Z,2025-08-30T04:00:00Z,23.537,23.562,-0.0010621574542211043,4.2486298168741534e-05,0.003696307940689117,0.0011046437523898457,-25.000000000060396,1,5,4,20,True,True,False,False,True,True,True,False,True,False,4.2486298168741534e-05,-0.0014870204359094252,4.2486298168741534e-05,-0.0024642052937927446,4.2486298168741534e-05,-0.0017419382249224784,4.2486298168741534e-05,-0.00335641755533843,4.2486298168741534e-05,-0.0014870204359094252,4.2486298168741534e-05,-0.0010621574542211043
b939fc64ba2e028b1c9fdd03,ADAUSDT,2,2025-08-30T04:55:00Z,2025-08-30T05:00:00Z,0.8316,0.834,-0.0028860028860028353,0.0006012506012506685,0.006132756132756125,0.0034872534872535037,-4.799999999999379,1,5,9,45,True,True,False,False,True,True,True,False,True,False,0.0006012506012506685,0.0,0.0006012506012506685,-0.0024050024050024073,0.0006012506012506685,-0.000481000481000428,0.0006012506012506685,-0.0016835016835016316,0.0006012506012506685,-0.0054112554112553495,0.0006012506012506685,-0.0028860028860028353
9bdfac2744e11b93e918bebb,DOGEUSDT,2,2025-08-30T05:55:00Z,2025-08-30T06:00:00Z,0.21648,0.2164,0.00036954915003693984,0.0012010347376201506,0.002864005912786316,0.0008314855875832108,0.30769230769228306,4,20,9,45,True,False,True,True,True,False,False,False,True,False,0.0005081300813008083,-0.0007852919438285453,0.0005081300813008083,-0.0018477457501846993,0.0005081300813008083,-4.6193643754537344e-05,0.0012010347376201506,-0.0006929046563192141,0.0012010347376201506,-0.0026792313377679102,0.0012010347376201506,0.00036954915003693984
a475ca130056662244e68ed4,ADAUSDT,2,2025-08-30T06:55:00Z,2025-08-30T07:00:00Z,0.8356,0.8367,-0.0013164193393968284,0.002632838678793657,0.003111536620392455,0.003949258018190485,-0.5,8,40,10,50,True,True,False,False,True,True,True,False,True,False,0.0010770703685974293,-0.0001196744853996996,0.0019147917663954594,0.0013164193393968284,0.0019147917663954594,0.0,0.002513164193393957,0.0019147917663954594,0.002632838678793657,-0.0015557683101962276,0.002632838678793657,-0.0013164193393968284
12808197e0530fe1295dfc1f,ETHUSDT,2,2025-08-30T07:55:00Z,2025-08-30T08:00:00Z,4399.8,4393.34,0.001468248556752588,0.0038160825492067735,0.0011250511386880807,0.0023478339924541854,0.38475282906492264,7,35,2,10,True,False,True,True,True,False,False,True,False,False,0.0017478067184873197,0.0015955270694123452,0.0017478067184873197,-0.00025910268648561704,0.002043274694304237,0.0013182417382608714,0.002522841947361326,0.0017546252102368868,0.0038160825492067735,0.0017137142597390706,0.0038160825492067735,0.001468248556752588
6656a929cce0dc78cff90056,LTCUSDT,2,2025-08-30T10:55:00Z,2025-08-30T11:00:00Z,110.6,110.51,0.0008137432188064124,0.003797468354430267,0.00018083182640153916,0.0029837251356238546,0.21428571428569496,8,40,3,15,True,False,True,True,True,True,False,True,False,False,0.001627486437612953,0.0012658227848101318,0.001627486437612953,0.0006329113924050016,0.001627486437612953,0.0008137432188064124,0.002441229656419494,0.001627486437612953,0.003797468354430267,0.0025316455696202636,0.003797468354430267,0.0008137432188064124
bed5003510f986445aa468ac,DOGEUSDT,2,2025-08-30T15:55:00Z,2025-08-30T16:00:00Z,0.2159,0.21525,0.003010653080129744,0.004492820750347377,0.0,0.001482167670217633,0.6701030927835181,6,30,1,5,True,False,True,True,False,False,False,True,False,False,0.002269569245020927,0.000741083835108945,0.002315886984715148,0.0005558128763316766,0.00375173691523856,0.0034275127373785013,0.004492820750347377,0.003473830477072722,0.004492820750347377,0.0016211208893006806,0.004492820750347377,0.003010653080129744
0fac5d8309064ffac0a311ef,ADAUSDT,2,2025-08-31T00:55:00Z,2025-08-31T01:00:00Z,0.8338,0.8358,-0.00239865675221876,0.003837850803549989,0.003837850803549989,0.006236507555768749,-0.6250000000000043,3,15,12,60,True,True,False,False,True,True,True,False,True,False,0.0027584552650515336,0.0016790597265530784,0.00335811945310629,0.002278723914607835,0.003837850803549989,0.0032381866154953653,0.003837850803549989,0.001918925401774928,0.003837850803549989,-0.0009594627008875305,0.003837850803549989,-0.00239865675221876
d20f6ee4416acb4d5b9bbebf,SOLUSDT,2,2025-08-31T02:55:00Z,2025-08-31T03:00:00Z,204.97,205.48,-0.002488169000341469,0.0012196906864419183,0.00302483290237598,0.0037078596867833875,-2.0399999999999636,7,35,11,55,True,True,False,False,True,True,True,False,True,False,4.878762745763236e-05,-0.0022442308630531687,4.878762745763236e-05,-0.000585451529492143,4.878762745763236e-05,-0.00034151339220370386,0.001122115431526515,0.0008293896667804435,0.0012196906864419183,-0.0019515050983070971,0.0012196906864419183,-0.002488169000341469
1cea591124e1f2acc7e001ee,ETHUSDT,2,2025-08-31T11:55:00Z,2025-08-31T12:00:00Z,4474.54,4487.64,-0.002927675247064584,0.002914266047459619,0.005242997045506362,0.0058419412945242034,-1.0046012269938955,10,50,12,60,True,True,False,False,True,True,True,False,True,False,0.001899636610690708,0.0009252347727364886,0.001899636610690708,3.352299901210766e-05,0.001899636610690708,0.0007442105780705787,0.001899636610690708,-0.0005475423171990457,0.0019242201432995733,0.001224706897245206,0.002914266047459619,-0.002927675247064584
f43146cf3ee261ff8874cc6b,LINKUSDT,2,2025-08-31T14:55:00Z,2025-08-31T15:00:00Z,23.64,23.77,-0.0054991539763112945,0.0005076142131979888,0.006768189509306266,0.006006768189509283,-10.83333333333284,1,5,2,10,True,True,False,False,True,True,True,False,True,False,0.0005076142131979888,-0.0029610829103215008,0.0005076142131979888,-0.004568527918781749,0.0005076142131979888,-0.0035532994923857713,0.0005076142131979888,-0.0046954314720812455,0.0005076142131979888,-0.005710659898477073,0.0005076142131979888,-0.0054991539763112945
adc6e7b40bb37464475ab18c,DOGEUSDT,2,2025-08-31T15:55:00Z,2025-08-31T16:00:00Z,0.21848,0.21791,0.0026089344562432028,0.005584035151958984,0.00018308311973628933,0.002975100695715781,0.4672131147541111,5,25,1,5,True,False,True,True,True,False,False,True,False,False,0.0019223727572318001,0.0018766019772976643,0.0026089344562432028,0.0019223727572318001,0.0026089344562432028,0.0019681435371659358,0.005584035151958984,0.003432808495056759,0.005584035151958984,0.0010527279384841082,0.005584035151958984,0.0026089344562432028
f2a336959d4c74b1680870df,ADAUSDT,2,2025-08-31T18:55:00Z,2025-08-31T19:00:00Z,0.8269,0.8212,0.006893215624621995,0.007376950054420117,0.0012093360744951033,0.000483734429798122,0.9344262295081857,12,60,1,5,True,False,True,False,False,False,False,True,False,False,0.001572136896843594,-0.0010884024670456064,0.0027814729713386975,0.0024186721489902066,0.004474543475631788,0.004111742653283298,0.005562945942677395,0.00495827790542991,0.005562945942677395,0.0038698754383843037,0.007376950054420117,0.006893215624621995
0edbd51ac650d26c4e413adc,AVAXUSDT,3,2025-10-16T23:55:00Z,2025-10-17T00:00:00Z,20.96,21.07,-0.005248091603053407,0.002480916030534332,0.006774809160305317,0.007729007633587739,-2.1153846153846203,1,5,9,45,True,True,False,False,True,True,True,False,True,False,0.002480916030534332,-0.0020515267175572165,0.002480916030534332,-0.0035782442748091264,0.002480916030534332,-0.0018606870229006642,0.002480916030534332,-0.0036259541984733066,0.002480916030534332,-0.0037690839694656786,0.002480916030534332,-0.005248091603053407
5dd7a9cdb633a9bcf0d43c7e,BNBUSDT,3,2025-10-17T00:55:00Z,2025-10-17T01:00:00Z,1149.95,1146.67,0.0028522979259967586,0.006043741032218832,0.005861124396712908,0.003191443106222073,0.47194244604315844,11,55,2,10,True,False,True,True,True,False,False,True,False,False,0.0019392147484673405,-0.0026957693812773675,0.0019392147484673405,-0.0032957954693682017,0.0019392147484673405,-0.003817557285099241,0.0019392147484673405,-0.0024261924431496704,0.0032523153180573144,0.0025653289273447066,0.006043741032218832,0.0028522979259967586
5a5d5bcc06096342779772e8,LTCUSDT,3,2025-10-17T01:55:00Z,2025-10-17T02:00:00Z,92.14,92.18,-0.0004341219882787742,0.006511829824180533,0.0031473844150206884,0.006945951812459307,-0.06666666666667771,6,30,12,60,True,True,False,False,True,True,True,False,True,False,0.001085304970696704,-0.000542652485348352,0.0021706099413935625,0.0013023659648361682,0.003907097894508351,0.0026047319296721824,0.006511829824180533,0.0053179943564140965,0.006511829824180533,0.0016279574560452105,0.006511829824180533,-0.0004341219882787742
b8225617bc1ce8de91051cb9,XRPUSDT,3,2025-10-17T03:55:00Z,2025-10-17T04:00:00Z,2.3574,2.3469,0.004454059557139201,0.0050055145499279,0.0007635530669380681,0.0005514549927886992,0.8898305084745698,12,60,1,5,True,False,True,False,False,False,False,True,False,False,0.0018240434376856675,0.0018240434376856675,0.0031390514974124345,0.0023754984304743664,0.0031390514974124345,0.0005938746076186857,0.003902604564350691,0.002926953423263065,0.003902604564350691,0.003351149571561992,0.0050055145499279,0.004454059557139201
36809d4ad19899ddc5dadedc,BTCUSDT,3,2025-10-17T11:55:00Z,2025-10-17T12:00:00Z,105610.5,105283.8,0.0030934424133963676,0.004316805620653195,0.0036691427462231503,0.001223363207256827,0.7166045185347691,11,55,2,10,True,False,True,True,False,False,False,True,False,False,0.0011476131634638325,-0.0009582380539813474,0.0011476131634638325,-0.002997807983107795,0.0011476131634638325,-0.0006220972346499363,0.0016674478389933371,0.0006987941539903979,0.00430638998963174,0.000422306494145997,0.004316805620653195,0.0030934424133963676
3526df3d27b79f115cdc2310,XRPUSDT,3,2025-10-17T18:55:00Z,2025-10-17T19:00:00Z,2.3031,2.296,0.0030828014415354645,0.00577482523555212,0.004732751508835877,0.002692023794016656,0.5338345864661865,8,40,1,5,True,False,True,True,False,False,False,True,False,False,0.00021709869306594024,-0.0027788632712429937,0.00021709869306594024,-0.003560418566280224,0.00021709869306594024,-0.0028222830098562587,0.0017802092831402086,0.0002605184316790126,0.00577482523555212,0.0032564803959881394,0.00577482523555212,0.0030828014415354645
9d2387f242d71d0008ec52aa,LTCUSDT,3,2025-10-17T19:55:00Z,2025-10-17T20:00:00Z,90.54,91.03,-0.005411972608791637,0.002098519991164258,0.01005080627347025,0.0075104925999558945,-2.5789473684208635,2,10,10,50,True,True,False,False,True,True,True,False,True,False,0.0018776231499889739,0.0013253810470510773,0.002098519991164258,0.0007731389441131808,0.002098519991164258,-0.0034239010382150215,0.002098519991164258,-0.00795228628230615,0.002098519991164258,-0.00717914733819297,0.002098519991164258,-0.005411972608791637
ef690db6b337e7992c1f8c22,XRPUSDT,3,2025-10-17T20:55:00Z,2025-10-17T21:00:00Z,2.3099,2.333,-0.01000043291917414,0.0006926706783842694,0.010996147019351622,0.01069310359755841,-14.437500000001805,1,5,12,60,True,True,False,False,True,True,True,False,True,False,0.0006926706783842694,-0.0008225464305814161,0.0006926706783842694,-0.002510931209143361,0.0006926706783842694,-0.004762110913892429,0.0006926706783842694,-0.007013290618641497,0.0006926706783842694,-0.007792545131823992,0.0006926706783842694,-0.01000043291917414
5a4b60a3eced1204be4fed68,LTCUSDT,3,2025-10-17T21:55:00Z,2025-10-17T22:00:00Z,90.92,90.52,0.00439947206335246,0.007809062912450594,0.0037395512538495753,0.0034095908490981335,0.5633802816901425,8,40,1,5,True,False,True,True,False,False,False,True,False,False,0.00219973603167623,-0.0031896172459304007,0.00219973603167623,-0.00021997360316757612,0.00219973603167623,0.0013198416190057694,0.005609326880774364,0.0038495380554334417,0.007809062912450594,0.004179498460184727,0.007809062912450594,0.00439947206335246
8a25e5c9af75e703a44b6acd,LTCUSDT,3,2025-10-17T22:55:00Z,2025-10-17T23:00:00Z,90.53,90.08,0.004970727935491029,0.006627637247321267,0.0,0.0016569093118302385,0.7500000000000118,12,60,1,5,True,False,True,False,False,False,False,True,False,False,0.0029824367612945545,0.0024301336573511415,0.0030928973820832997,0.0026510548989284754,0.003424279244449379,0.002209212415773808,0.003534739865238124,0.0017673699326189835,0.0054125704186456965,0.00463934607312495,0.006627637247321267,0.004970727935491029
c0bb6562487f6e5215f50a4c,XRPUSDT,3,2025-10-18T00:55:00Z,2025-10-18T01:00:00Z,2.3086,2.333,-0.010569176124057859,0.0008663259118081191,0.011392185740275486,0.011435502035865979,-12.199999999998623,1,5,12,60,True,True,False,False,True,True,True,False,True,False,0.0008663259118081191,-0.002425712553062387,0.0008663259118081191,-0.002295763666291102,0.0008663259118081191,-0.0040284154899071474,0.0008663259118081191,-0.007623668023910525,0.0008663259118081191,-0.00658407692974082,0.0008663259118081191,-0.010569176124057859
addd7673e9b7530450c13b65,ETHUSDT,3,2025-10-18T01:55:00Z,2025-10-18T02:00:00Z,3866.32,3849.51,0.0043478035961844715,0.005775517805044689,0.003701193900142757,0.0014277142088602174,0.752798925212703,11,55,2,10,True,False,True,False,False,False,False,True,False,False,0.000312959092884199,-0.001813093587700905,0.000312959092884199,-0.0033287467152227157,0.0025166049369943558,0.0015777276583418764,0.003636532930538586,0.0004138302054667911,0.003636532930538586,0.0032563264292661096,0.005775517805044689,0.0043478035961844715
cc38cfb20701973e5f1a5257,XRPUSDT,3,2025-10-18T03:55:00Z,2025-10-18T04:00:00Z,2.3374,2.3172,0.00864208094463934,0.009155471891845771,0.0003850432104045858,0.0005133909472064303,0.9439252336448462,12,60,1,5,True,False,True,False,False,False,False,True,False,False,0.001967998630957447,0.0008984341576110168,0.0023958244202961715,0.0017540857362882752,0.003379823735774895,0.00325147599897324,0.004620518524856739,0.0031231282621717745,0.007914777102763738,0.007444168734491444,0.009155471891845771,0.00864208094463934
31fbc14090e2ec67242844f5,BNBUSDT,3,2025-10-18T05:55:00Z,2025-10-18T06:00:00Z,1087.18,1107.35,-0.018552585588402882,9.198108868808205e-06,0.020539377104067336,0.01856178369727169,-2017.000000001819,1,5,12,60,True,True,False,False,True,True,True,False,True,False,9.198108868808205e-06,-0.0024099045236298413,9.198108868808205e-06,-0.004194337644180306,9.198108868808205e-06,-0.0042955168417371965,9.198108868808205e-06,-0.010495042219319574,9.198108868808205e-06,-0.007689619014330561,9.198108868808205e-06,-0.018552585588402882
0c5197bd71f9be16f461cecb,SUIUSDT,3,2025-10-18T06:55:00Z,2025-10-18T07:00:00Z,2.4422,2.4422,0.0,0.002743428056670186,0.019572516583408427,0.002743428056670186,0.0,12,60,2,10,True,False,False,False,True,True,True,True,False,False,4.0946687413074695e-05,-0.013266726721808198,4.0946687413074695e-05,-0.017320448775694046,4.0946687413074695e-05,-0.011833592662353494,4.0946687413074695e-05,-0.002006387683236296,0.0002047334370650098,-0.005404962738514404,0.002743428056670186,0.0
afe5ed0aedcd23fd52e66cc8,BTCUSDT,3,2025-10-18T07:55:00Z,2025-10-18T08:00:00Z,106648.2,106663.2,-0.00014064934991870468,0.0009207844108010927,0.0026029506358288823,0.0010614337607197973,-0.15274949083503508,7,35,3,15,True,True,False,False,True,True,True,True,False,False,0.000727625970246017,-0.00038069090711334856,0.000727625970246017,-0.0023357168709833434,0.000727625970246017,-0.0024547999872478196,0.000727625970246017,-0.00011158181760225425,0.0009207844108010927,-9.939220727593922e-05,0.0009207844108010927,-0.00014064934991870468
db5151865d9ed63fc1e3e30b,XRPUSDT,3,2025-10-18T08:55:00Z,2025-10-18T09:00:00Z,2.347,2.3559,-0.0037920749893481593,0.0005538985939497566,0.006902428632296545,0.0043459735832979155,-6.846153846153531,1,5,6,30,True,True,False,False,True,True,True,False,True,False,0.0005538985939497566,-0.0014486578610993053,0.0005538985939497566,-0.0016190881976992013,0.0005538985939497566,-0.0025564550489988185,0.0005538985939497566,-0.005198125266297396,0.0005538985939497566,-0.0031529612270984548,0.0005538985939497566,-0.0037920749893481593
5a7e8ca788270a7cf85ece2b,XRPUSDT,3,2025-10-18T09:55:00Z,2025-10-18T10:00:00Z,2.3559,2.3592,-0.0014007385712465972,0.00420221571373998,0.004584235324079841,0.005602954284986577,-0.3333333333333184,5,25,9,45,True,True,False,False,True,True,True,False,True,False,0.0011460588310199602,0.0003820196103400496,0.0020374379218132837,0.0015705250647312103,0.002292117662040109,0.001994991298442272,0.00420221571373998,0.0008064858440511111,0.00420221571373998,-0.0038201961033999306,0.00420221571373998,-0.0014007385712465972
4d6ba77a426085c8254d27e4,XRPUSDT,3,2025-10-18T12:55:00Z,2025-10-18T13:00:00Z,2.3736,2.3614,0.0051398719245028595,0.008131108864172698,0.00021065048870901705,0.002991236939669839,0.6321243523315951,10,50,1,5,True,False,True,True,False,False,False,True,False,False,0.004465790360633706,0.003033367037411567,0.004465790360633706,0.0026963262554769896,0.004465790360633706,0.000674081563869341,0.00467644084934291,0.0034967981125717034,0.00783619817997985,0.006108864172564862,0.008131108864172698,0.0051398719245028595
9d6451f5a5cbfa39e62b6486,SUIUSDT,3,2025-10-18T15:55:00Z,2025-10-18T16:00:00Z,2.4726,2.4682,0.0017795033567904067,0.009140176332605247,0.0037207797460162887,0.007360672975814841,0.19469026548672616,9,45,1,5,True,False,True,True,True,True,False,True,False,False,0.0009301949365040722,-0.002467038744641266,0.002871471325729954,0.0012537410013750225,0.0033163471649276005,0.0030332443581654292,0.007118013427161627,0.005136293779826787,0.009140176332605247,0.006187818490657555,0.009140176332605247,0.0017795033567904067
2341b4a0078799803fea8e79,LTCUSDT,3,2025-10-18T16:55:00Z,2025-10-18T17:00:00Z,91.01,91.72,-0.0078013405120315755,0.0030765849906603795,0.008790242830458159,0.010877925502691954,-2.5357142857142527,1,5,12,60,True,True,False,False,True,True,True,False,True,False,0.0030765849906603795,0.0018679266014723843,0.0030765849906603795,0.0006592682122843892,0.0030765849906603795,-0.002637072849137401,0.0030765849906603795,-0.005823535875178564,0.0030765849906603795,-0.005054389627513391,0.0030765849906603795,-0.0078013405120315755
ad3ccabf3d6458a930e6d2ab,ADAUSDT,3,2025-10-18T20:55:00Z,2025-10-18T21:00:00Z,0.634,0.6346,-0.000946372239747705,0.004416403785488998,0.0022082018927444113,0.005362776025236703,-0.21428571428572846,4,20,12,60,True,True,False,False,True,True,True,False,True,False,0.00015772870662458832,-0.0006309148264983533,0.003943217665615233,0.0026813880126183515,0.003943217665615233,0.0022082018927444113,0.004416403785488998,-0.0007886435331229415,0.004416403785488998,0.00015772870662458832,0.004416403785488998,-0.000946372239747705
d55ba2fc59c47c7d97bd4e47,DOGEUSDT,3,2025-10-18T21:55:00Z,2025-10-18T22:00:00Z,0.18922,0.18919,0.00015854560828666234,0.0019553958355354043,0.0029066694852552316,0.001796850227248742,0.08108108108108514,10,50,6,30,True,False,True,True,True,True,False,True,False,False,0.0007398795053377087,-0.0005284853609554434,0.0007398795053377087,-0.0012155163301976956,0.0009512736497198273,0.00010569707219105932,0.0009512736497198273,-0.0023781841242997885,0.0009512736497198273,-0.000898425113624371,0.0019553958355354043,0.00015854560828666234
0787bfb67d24441e64da7381,LINKUSDT,3,2025-10-19T06:55:00Z,2025-10-19T07:00:00Z,16.698,16.789,-0.005449754461612234,0.0016169601149838917,0.005749191519942513,0.007066714576596126,-3.3703703703702828,1,5,12,60,True,True,False,False,True,True,True,False,True,False,0.0016169601149838917,-0.0008983111749910509,0.0016169601149838917,-0.0017966223499821018,0.0016169601149838917,-0.0009581985866569791,0.0016169601149838917,-0.0008384237633249099,0.0016169601149838917,-0.0012576356449874712,0.0016169601149838917,-0.005449754461612234
96a6853c7e763397f42524e9,ETHUSDT,3,2025-10-19T08:55:00Z,2025-10-19T09:00:00Z,3861.23,3911.26,-0.012957011107859464,0.003685354148807509,0.017807796997329806,0.01664236525666697,-3.5158116654954417,2,10,10,50,True,True,False,False,True,True,True,False,True,False,0.0018724603299984767,0.0018724603299984767,0.003685354148807509,0.0010955058362231772,0.003685354148807509,0.0004169655783261104,0.003685354148807509,0.002214320307259651,0.003685354148807509,-0.008782175627973432,0.003685354148807509,-0.012957011107859464
3b7b7b9cd9558762fd989b6b,BTCUSDT,3,2025-10-19T09:55:00Z,2025-10-19T10:00:00Z,107348.9,107824.9,-0.004434139520758946,0.004069906631553693,0.004435071062675126,0.00850404615231264,-1.0894941634241389,2,10,7,35,True,True,False,False,True,True,True,False,True,False,0.001780176601716378,0.0016441714819620881,0.004069906631553693,0.00037820601794700523,0.004069906631553693,-0.00025803711076696306,0.004069906631553693,-0.0036656174399551373,0.004069906631553693,-0.003074088323215236,0.004069906631553693,-0.004434139520758946
e042384c1d5c4ce4bd94326d,ETHUSDT,3,2025-10-19T10:55:00Z,2025-10-19T11:00:00Z,3929.57,3922.2,0.0018755232760837306,0.004120043668900173,0.005199042134381073,0.002244520392816443,0.4552192711550538,10,50,3,15,True,False,True,True,True,False,False,True,False,False,0.00010942673116913327,-0.003097030972854439,0.00010942673116913327,-0.003832480398618664,0.00010942673116913327,-0.003748501744465684,0.001610863275116713,0.00015014365439479268,0.002231796354308482,0.0020892871230185584,0.004120043668900173,0.0018755232760837306
1be268eea176fe622a9ab0e9,LTCUSDT,3,2025-10-19T13:55:00Z,2025-10-19T14:00:00Z,94.24,94.37,-0.0013794567062819362,0.005623938879456719,0.003713921901528104,0.0070033955857386546,-0.24528301886794224,1,5,7,35,True,True,False,False,True,True,True,False,True,False,0.005623938879456719,0.0031833616298811247,0.005623938879456719,0.00021222410865870143,0.005623938879456719,0.0007427843803055304,0.005623938879456719,-0.0013794567062819362,0.005623938879456719,0.000530560271646829,0.005623938879456719,-0.0013794567062819362
c08dc45506c724f3081cb172,SUIUSDT,3,2025-10-19T15:55:00Z,2025-10-19T16:00:00Z,2.6252,2.6202,0.0019046167911015899,0.007961298186804869,0.003237848544872838,0.006056681395703279,0.23923444976075883,8,40,9,45,True,False,True,True,True,True,False,False,True,False,0.002171263141855873,0.0017522474478134762,0.0032759408806947816,0.0015998781045253624,0.004418710955355803,0.0038092335822031797,0.006818528112143847,0.004571080298643917,0.007961298186804869,-0.002437909492610157,0.007961298186804869,0.0019046167911015899
fe97602a7195fdc36f194713,LINKUSDT,3,2025-10-19T16:55:00Z,2025-10-19T17:00:00Z,17.423,17.4,0.0013200941284508805,0.0037307007977958866,0.013086150490730733,0.002410606669345006,0.3538461538461614,11,55,3,15,True,False,True,True,True,False,False,True,False,False,0.00022958158755655075,-0.0039028869884636056,0.00022958158755655075,-0.010790334615164002,0.00022958158755655075,-0.010158985249383181,0.00022958158755655075,-0.0027549790506802402,0.0018366527004534255,0.0007461401595590957,0.0037307007977958866,0.0013200941284508805
7e9c7891aa02003dc00c3d62,LINKUSDT,3,2025-10-19T17:55:00Z,2025-10-19T18:00:00Z,17.4,17.511,-0.006379310344827624,0.0,0.009195402298850583,0.006379310344827624,,1,5,9,45,False,False,False,False,False,False,False,False,True,False,0.0,-0.0017241379310345482,0.0,-0.0011494252873565016,0.0,-0.0012643678160920702,0.0,-0.004367816091954053,0.0,-0.00856321839080465,0.0,-0.006379310344827624
ebd4f119d272e6f4520a27be,LINKUSDT,3,2025-10-19T18:55:00Z,2025-10-19T19:00:00Z,17.511,17.448,0.0035977385643309254,0.005882017017874364,0.00028553480669287905,0.0022842784535434387,0.6116504854368938,10,50,1,5,True,False,True,True,False,False,False,True,False,False,0.002055850608189013,0.0012563531494488302,0.0034835246416538147,0.0027982411055907422,0.00582491005653591,0.004682770829764191,0.00582491005653591,0.0015989949174803663,0.00582491005653591,0.0036548455256695824,0.005882017017874364,0.0035977385643309254
8fc97b880a1b04657a5b1f90,LINKUSDT,3,2025-10-19T20:55:00Z,2025-10-19T21:00:00Z,17.528,17.413,0.0065609310816977665,0.01078274760383387,0.0005705157462346853,0.004221816522136104,0.6084656084656,7,35,1,5,True,False,True,True,False,False,False,True,False,False,0.0029096303057963477,0.0014833409402099386,0.003708352350524745,0.0029096303057963477,0.00610451848471014,0.005648105887722513,0.009299406663623931,0.009185303514376873,0.01078274760383387,0.006846188954815008,0.01078274760383387,0.0065609310816977665
7f4d63c782c80f8bf8316cec,BNBUSDT,3,2025-10-20T06:55:00Z,2025-10-20T07:00:00Z,1132.11,1124.13,0.0070487850120569484,0.01059967670986035,0.0017489466571269738,0.0035508916978034015,0.6649999999999826,12,60,6,30,True,False,True,True,False,False,False,True,False,False,0.005220340779606094,0.003179903012958025,0.005379335930254055,0.003966045702272756,0.005379335930254055,0.0026675853053148386,0.005379335930254055,0.0004946515797934348,0.006068314916394954,0.004381199706742109,0.01059967670986035,0.0070487850120569484
08da9e3cf59680aae7040177,AVAXUSDT,3,2025-10-20T07:55:00Z,2025-10-20T08:00:00Z,20.903,20.797,0.005071042434100278,0.006601923168923032,0.0018179208726020312,0.001530880734822754,0.7681159420289821,5,25,8,40,True,False,True,False,False,False,False,False,True,False,0.002009280964454769,0.0017222408266754923,0.002535521217050054,0.0023920011481604153,0.0035880017222407927,0.0018657608955651307,0.006601923168923032,0.004209922020762446,0.006601923168923032,0.0022484810792707767,0.006601923168923032,0.005071042434100278
aa534811ec65bd0e82eb3240,ADAUSDT,3,2025-10-20T08:55:00Z,2025-10-20T09:00:00Z,0.6692,0.6712,-0.0029886431560071755,0.0023909145248058065,0.004632396891811105,0.0053795576808129825,-1.2499999999999654,4,20,12,60,True,True,False,False,True,True,True,False,True,False,0.0010460251046025611,0.0007471607890018768,0.0020920502092051222,-0.0008965929468020531,0.0020920502092051222,-0.0007471607890017108,0.0023909145248058065,0.00014943215780034217,0.0023909145248058065,-0.0007471607890017108,0.0023909145248058065,-0.0029886431560071755
ea0ac73f775666085fe00fbd,XRPUSDT,3,2025-10-20T09:55:00Z,2025-10-20T10:00:00Z,2.4721,2.4651,0.002831600663403631,0.005339589822418317,0.0030743092916951605,0.002507989159014686,0.5303030303030262,10,50,7,35,True,False,True,True,False,False,False,True,False,False,0.00153715464584767,0.001334897455604669,0.0027911492253551028,0.0009708345131670158,0.0027911492253551028,0.0009303830751183077,0.0027911492253551028,-0.0016585089599934347,0.004085595242910884,0.00351927511023023,0.005339589822418317,0.002831600663403631
8c0f29e9ea38f14e6249f3f6,ETHUSDT,3,2025-10-20T12:55:00Z,2025-10-20T13:00:00Z,4035.89,4037.42,-0.0003790985383645739,0.004831648037979232,0.001793904194613886,0.005210746576343806,-0.07846153846154873,6,30,12,60,True,True,False,False,True,True,True,False,True,False,0.000386531843038325,0.00012141064300557789,0.001352861450634194,0.0006070532150281148,0.001954959129213104,0.001954959129213104,0.004831648037979232,0.002819700239600102,0.004831648037979232,0.0010084516674140546,0.004831648037979232,-0.0003790985383645739
737c97c7d5f20b689a5a4aa4,LTCUSDT,3,2025-10-20T15:55:00Z,2025-10-20T16:00:00Z,94.8,94.47,0.0034810126582278302,0.01624472573839654,0.0006329113924050873,0.01276371308016871,0.2142857142857143,1,5,3,15,True,False,True,True,True,True,False,False,True,False,0.01624472573839654,0.006645569620253117,0.01624472573839654,0.0017932489451476974,0.01624472573839654,0.0012658227848100247,0.01624472573839654,0.0026371308016877636,0.01624472573839654,0.006223628691983158,0.01624472573839654,0.0034810126582278302
6642da381e138de1e9b86e14,DOGEUSDT,3,2025-10-20T19:55:00Z,2025-10-20T20:00:00Z,0.19954,0.19988,-0.0017039190137316175,0.0033577227623534326,0.002806454846146161,0.00506164177608505,-0.5074626865671716,1,5,2,10,True,True,False,False,True,True,True,False,True,False,0.0033577227623534326,0.001353112157963278,0.0033577227623534326,0.0,0.0033577227623534326,-0.0006013831813170742,0.0033577227623534326,0.0008018442417560063,0.0033577227623534326,-0.0008519595068658088,0.0033577227623534326,-0.0017039190137316175
be840ec45d93ea06ea526c87,AVAXUSDT,3,2025-10-21T12:55:00Z,2025-10-21T13:00:00Z,20.012,19.863,0.00744553268039181,0.010393763741755045,0.002048770737557484,0.0029482310613632347,0.7163461538461514,12,60,2,10,True,False,True,True,False,False,False,True,False,False,0.00034979012592451777,-0.0009494303417948406,0.007395562662402543,0.002348590845492734,0.007395562662402543,0.0012992204677193585,0.007395562662402543,0.001399160503697716,0.007395562662402543,0.0034479312412552,0.010393763741755045,0.00744553268039181
ff43ae17c4aa8ff64ed614a7,SOLUSDT,3,2025-10-21T18:55:00Z,2025-10-21T19:00:00Z,194.1,193.93,0.0008758371973209042,0.005615662029881522,0.0020607934054611317,0.004739824832560618,0.15596330275228162,6,30,11,55,True,False,True,True,True,True,False,False,True,False,0.0006182380216383542,-0.00010303967027310784,0.0006182380216383542,-0.0005667181865018735,0.0008243173621844235,-0.0011334363730036005,0.005615662029881522,0.0030911901081916247,0.005615662029881522,-0.00010303967027310784,0.005615662029881522,0.0008758371973209042
e8595022259e99729060061e,LTCUSDT,3,2025-10-22T11:55:00Z,2025-10-22T12:00:00Z,92.23,92.83,-0.0065054754418301455,0.002168491813943433,0.0075897213488019385,0.008673967255773579,-2.9999999999999294,1,5,9,45,True,True,False,False,True,True,True,False,True,False,0.002168491813943433,0.001951642632549136,0.002168491813943433,-0.0006505475441830453,0.002168491813943433,0.0,0.002168491813943433,-0.004120134446492415,0.002168491813943433,-0.005095955762766983,0.002168491813943433,-0.0065054754418301455
f2e64a6e5b2d7d405721a394,BTCUSDT,3,2025-10-22T12:55:00Z,2025-10-22T13:00:00Z,107976.9,108728.0,-0.006956117465865439,0.003949918917842613,0.009475174782754513,0.010906036383708052,-1.761078546307165,8,40,12,60,True,True,False,False,True,True,True,False,True,False,0.00104188951525743,0.00029080294025846435,0.00104188951525743,-0.0003139560405976531,0.00104188951525743,-0.002694094755452405,0.00104188951525743,-0.0007001497542530469,0.003949918917842613,-0.0003917504577368207,0.003949918917842613,-0.006956117465865439
05590dea27d2a92e5e7a3d29,ETHUSDT,3,2025-10-23T01:55:00Z,2025-10-23T02:00:00Z,3819.46,3824.0,-0.001188649704408467,0.001691338566184758,0.003545003743984742,0.002879988270593225,-0.7027863777089688,2,10,8,40,True,True,False,False,True,True,True,False,True,False,0.0010786865158948886,0.0007278515811136129,0.001691338566184758,0.0007069062118728349,0.001691338566184758,8.901781927291961e-05,0.001691338566184758,-0.0012802856948364095,0.001691338566184758,-0.002542244191587302,0.001691338566184758,-0.001188649704408467
fc47a7dbcf2dd4dcf89ca5ab,BNBUSDT,3,2025-10-23T04:55:00Z,2025-10-23T05:00:00Z,1083.55,1096.71,-0.012145263255041375,0.0007660006460245741,0.012256010336394235,0.012911263901065948,-15.855421686748477,1,5,12,60,True,True,False,False,True,True,True,False,True,False,0.0007660006460245741,-0.00011997600479914092,0.0007660006460245741,-0.0013105071293434292,0.0007660006460245741,-0.0024825804069955743,0.0007660006460245741,-0.0019288450002308574,0.0007660006460245741,-0.004088413086613505,0.0007660006460245741,-0.012145263255041375
5a5bb1fee56cb3369461c6cd,BNBUSDT,3,2025-10-23T05:55:00Z,2025-10-23T06:00:00Z,1096.72,1109.54,-0.011689401123349565,0.001440659420818374,0.012455321321759503,0.013130060544167939,-8.113924050633244,1,5,10,50,True,True,False,False,True,True,True,False,True,False,0.001440659420818374,-0.0002279524400029178,0.001440659420818374,-0.0014953680064190246,0.001440659420818374,-0.0035013494784447425,0.001440659420818374,-0.007549784812896612,0.001440659420818374,-0.008817200379312926,0.001440659420818374,-0.011689401123349565
5e44023cf89183418de998ae,DOGEUSDT,3,2025-10-23T07:55:00Z,2025-10-23T08:00:00Z,0.19394,0.19418,-0.0012374961328245344,0.0002578116943384268,0.0057234196143137045,0.0014953078271629611,-4.800000000000333,1,5,4,20,True,True,False,False,True,True,True,False,True,False,0.0002578116943384268,-0.002010931215839958,0.0002578116943384268,-0.0026812416211198964,0.0002578116943384268,-0.003403114365267577,0.0002578116943384268,-0.002371867587913727,0.0002578116943384268,-0.0015984325048984465,0.0002578116943384268,-0.0012374961328245344
abd6a0636f9b227832fb38bc,BNBUSDT,3,2025-10-23T08:55:00Z,2025-10-23T09:00:00Z,1113.93,1097.24,0.014982988159040563,0.01609616403185125,0.0017236271579002679,0.0011131758728106875,0.9308421639709981,12,60,1,5,True,False,True,False,False,False,False,True,False,False,0.0029355525032991134,0.0027111218837808314,0.006643146337741232,0.004156455073478682,0.006643146337741232,0.006275080121731176,0.008941315881608392,0.008393705169983874,0.010368694621744593,0.009461994918890741,0.01609616403185125,0.014982988159040563
3683dbd82c44bd8b0dacf41a,SOLUSDT,3,2025-10-23T09:55:00Z,2025-10-23T10:00:00Z,188.34,188.21,0.0006902410534140143,0.0009026229160030579,0.00509716470213448,0.00021238186258904358,0.7647058823528428,12,60,6,30,True,False,True,False,False,False,False,True,False,False,0.0,-0.0007433365190611998,0.0008495274503557215,0.00010619093129452178,0.0008495274503557215,-0.00015928639694170723,0.0008495274503557215,-0.003398109801422886,0.0008495274503557215,-0.0016459594350642576,0.0009026229160030579,0.0006902410534140143
7e7138919837a6695da7c3b2,SOLUSDT,3,2025-10-23T11:55:00Z,2025-10-23T12:00:00Z,187.93,189.26,-0.007077103176714649,0.007609216197520389,0.007502793593359211,0.014686319374235039,-0.9300699300699146,2,10,12,60,True,True,False,False,True,True,True,False,True,False,0.006917469270473109,0.006757835364231417,0.007609216197520389,0.0050550736976534725,0.007609216197520389,0.0028201990102697874,0.007609216197520389,-0.005161496301814499,0.007609216197520389,-0.0037780024477197865,0.007609216197520389,-0.007077103176714649
5561e3bad6e8fc67c3ba0093,ADAUSDT,3,2025-10-23T16:55:00Z,2025-10-23T17:00:00Z,0.6477,0.6521,-0.006793268488497698,0.008182800679326975,0.00926354793886042,0.014976069167824672,-0.8301886792452624,2,10,11,55,True,True,False,False,True,True,True,False,True,False,0.004168596572487317,0.0035510267098966797,0.008182800679326975,0.006484483557202551,0.008182800679326975,0.005094951366373445,0.008182800679326975,0.004014204106839658,0.008182800679326975,-0.004322989038134805,0.008182800679326975,-0.006793268488497698
95e9bfd1344dcfbd13b87ca2,BNBUSDT,3,2025-10-23T19:55:00Z,2025-10-23T20:00:00Z,1116.77,1112.75,0.0035996668964961287,0.00606212559434797,0.0006894884353984991,0.0024624586978518413,0.5937961595273252,12,60,8,40,True,False,True,True,False,False,False,True,False,False,0.003689210849145205,0.0022027812351693155,0.005345773973154748,0.0028206345084485535,0.005345773973154748,0.002408732326262395,0.005345773973154748,0.0019431037724867903,0.005345773973154748,0.0003044494390070634,0.00606212559434797,0.0035996668964961287
c6d0ab9a7055ec50abd4dff7,ADAUSDT,3,2025-10-23T21:55:00Z,2025-10-23T22:00:00Z,0.6388,0.6407,-0.002974326862867897,0.0006261740763933421,0.004696305572949284,0.0036005009392612395,-4.749999999999237,1,5,7,35,True,True,False,False,True,True,True,False,True,False,0.0006261740763933421,-0.0009392611145897524,0.0006261740763933421,-0.0025046963055728472,0.0006261740763933421,-0.0007827175954914604,0.0006261740763933421,-0.0015654351909830946,0.0006261740763933421,-0.002191609267376263,0.0006261740763933421,-0.002974326862867897
fb81aab455bf1fb63fd49039,AVAXUSDT,3,2025-10-24T01:55:00Z,2025-10-24T02:00:00Z,19.202,19.185,0.0008853244453704308,0.00578064784918241,0.0010415581710238294,0.0048953234038119795,0.1531531531531794,6,30,12,60,True,False,True,True,True,True,False,False,True,False,0.0018227267992917476,0.0016144151650870928,0.0018227267992917476,0.0013019477137799255,0.001874804707843004,0.0007811686282679183,0.00578064784918241,0.00468701176960751,0.00578064784918241,0.0010415581710240143,0.00578064784918241,0.0008853244453704308
c3697dd0bf9c15f90ba78c0d,BNBUSDT,3,2025-10-24T02:55:00Z,2025-10-24T03:00:00Z,1134.33,1134.78,-0.00039670995213037256,0.004266835929579504,0.004416704133717694,0.004663545881709876,-0.09297520661158122,11,55,5,25,True,True,False,False,True,True,True,True,False,False,0.0017102606825172809,0.0014546031578110989,0.0018424973332274719,-0.00034381529184637636,0.0018424973332274719,-0.0029003905389083985,0.0018424973332274719,-0.001904207770225668,0.00215986529493165,0.00011460509728199182,0.004266835929579504,-0.00039670995213037256
8f69c655690ce9a6fc8f6bd8,BNBUSDT,3,2025-10-24T03:55:00Z,2025-10-24T04:00:00Z,1134.78,1139.98,-0.0045823860131479635,0.0018241421244645979,0.008054424646187015,0.006406528137612562,-2.51207729468609,2,10,7,35,True,True,False,False,True,True,True,False,True,False,0.0013130298383827782,0.0010222245721638395,0.0018241421244645979,-0.0008107298330954659,0.0018241421244645979,-0.0012072824688486917,0.0018241421244645979,-0.0010574736953418685,0.0018241421244645979,-0.0037892807416415116,0.0018241421244645979,-0.0045823860131479635
4bb6d1564adddacd633007d0,SUIUSDT,3,2025-10-24T08:55:00Z,2025-10-24T09:00:00Z,2.4724,2.4785,-0.002467238310952918,0.0019414334250120997,0.007118589225044605,0.0044086717359650175,-1.2708333333333546,1,5,6,30,True,True,False,False,True,True,True,False,True,False,0.0019414334250120997,0.0007684840640673083,0.0019414334250120997,-0.0018605403656366032,0.0019414334250120997,-0.0023054521922019245,0.0019414334250120997,-0.004974923151593674,0.0019414334250120997,-0.003235722375020226,0.0019414334250120997,-0.002467238310952918
2a19994441a581f805fdf308,SUIUSDT,3,2025-10-24T09:55:00Z,2025-10-24T10:00:00Z,2.4785,2.468,0.004236433326608818,0.005325801896308202,0.00020173492031477384,0.0010893685696993843,0.7954545454545493,11,55,1,5,True,False,True,False,False,False,False,True,False,False,0.0018559612668952745,0.0016138793625176532,0.0026629009481540116,0.0012104095218882847,0.0026629009481540116,0.0006455517450069897,0.005285454912245355,0.004922332055678834,0.005285454912245355,0.002743594916280064,0.005325801896308202,0.004236433326608818
60c80d05fbda72e9a5886a7e,ETHUSDT,3,2025-10-24T12:55:00Z,2025-10-24T13:00:00Z,3962.3,3945.01,0.00436362718623021,0.012119223683214289,0.003775584887565312,0.007755596496984079,0.36005830903790026,10,50,5,25,True,False,True,True,True,False,False,True,False,False,0.002183075486459907,-0.0014890341468338176,0.002183075486459907,-0.001605128334553081,0.002183075486459907,0.0001539509880625211,0.002183075486459907,-0.0005956136587334812,0.008308305781995325,0.007147363904802807,0.012119223683214289,0.00436362718623021
8596b12f7ea38e04c1e14063,XRPUSDT,3,2025-10-24T16:55:00Z,2025-10-24T17:00:00Z,2.4787,2.4733,0.002178561342639226,0.0022592487997740054,0.00451849759954819,8.068745713477954e-05,0.9642857142857171,12,60,6,30,True,False,True,False,False,False,False,True,False,False,0.0005244684713761565,-0.0028240609997176413,0.0005244684713761565,-0.001855811514100108,0.0005244684713761565,-0.001089280671319613,0.0005244684713761565,-0.004115060313874293,0.0005244684713761565,-0.0014523742284262104,0.0022592487997740054,0.002178561342639226
01045cf0f970d98c77641f8a,SUIUSDT,3,2025-10-24T20:55:00Z,2025-10-24T21:00:00Z,2.5164,2.5173,-0.0003576537911302348,0.004450802734064576,0.0011524399936416717,0.00480845652519481,-0.08035714285715312,4,20,12,60,True,True,False,False,True,True,True,False,True,False,0.002781751708790382,0.002066444126529912,0.002781751708790382,0.0009934827531393844,0.004291845493562289,0.004291845493562289,0.004450802734064576,0.002543315848036951,0.004450802734064576,0.0016293117151485337,0.004450802734064576,-0.0003576537911302348
fd7cc4123dd2b89a1dcf211a,LINKUSDT,3,2025-10-25T01:55:00Z,2025-10-25T02:00:00Z,17.917,17.846,0.003962716972707568,0.004241781548250293,0.0005581291510854501,0.00027906457554272533,0.9342105263158029,12,60,1,5,True,False,True,False,False,False,False,True,False,False,0.0006139420661942727,-0.0003348774906511511,0.002176703689233771,0.0017302003683653713,0.00340458782162192,0.0026232070101021706,0.00340458782162192,0.003069710330970769,0.004074342802924618,0.0030138974158621444,0.004241781548250293,0.003962716972707568
3ad00f09da05acf670deab1d,SUIUSDT,3,2025-10-25T02:55:00Z,2025-10-25T03:00:00Z,2.5319,2.5188,0.005173980015008361,0.005213476045657364,0.001619337256605796,3.9496030649003276e-05,0.9924242424242263,12,60,1,5,True,False,True,False,False,False,False,True,False,False,0.001263872980765294,0.0007109285516804779,0.0024487539002329326,0.0010268967968718014,0.0038706110035940638,0.0018958094711481164,0.0038706110035940638,0.0010268967968718014,0.0038706110035940638,0.0007109285516804779,0.005213476045657364,0.005173980015008361
30b71f6b0f9d8e18ad0b1144,SUIUSDT,3,2025-10-25T04:55:00Z,2025-10-25T05:00:00Z,2.5263,2.5173,0.00356252226576412,0.005264616237184851,0.0017416775521513516,0.0017020939714207312,0.6766917293232959,12,60,2,10,True,False,True,True,False,False,False,True,False,False,0.0013062581641134698,-3.9583580730796436e-05,0.0013062581641134698,-0.000593753710960716,0.00281043423188057,0.0015833432292285173,0.003958358073071206,0.0020979297787278163,0.004512528203301301,0.0037208565886869545,0.005264616237184851,0.00356252226576412
4223d836430db7328c2f28b5,XRPUSDT,3,2025-10-25T06:55:00Z,2025-10-25T07:00:00Z,2.5373,2.5416,-0.0016947148543726592,0.0003547077602176025,0.004847672722973143,0.002049422614590262,-4.777777777776845,1,5,7,35,True,True,False,False,True,True,True,False,True,False,0.0003547077602176025,-0.0007488274937926192,0.0003547077602176025,-0.0010641232806526326,0.0003547077602176025,-0.0013794190675126459,0.0003547077602176025,-0.0024041303748078644,0.0003547077602176025,-0.002364718401450275,0.0003547077602176025,-0.0016947148543726592
3f4ac1f5cc636697a93755ca,LINKUSDT,3,2025-10-25T07:55:00Z,2025-10-25T08:00:00Z,17.868,17.995,-0.007107678531453014,0.00044772778150879337,0.0076113722856504815,0.007555406312961807,-15.875000000002052,1,5,12,60,True,True,False,False,True,True,True,False,True,False,0.00044772778150879337,-0.0008394895903291118,0.00044772778150879337,-0.0011193194537722816,0.00044772778150879337,-0.00039176180882031847,0.00044772778150879337,-0.004197447951645559,0.00044772778150879337,-0.002126706962167017,0.00044772778150879337,-0.007107678531453014
973b624b16ae8f81c28c6397,LINKUSDT,3,2025-10-25T08:55:00Z,2025-10-25T09:00:00Z,17.995,17.912,0.004612392331203221,0.005501528202278422,0.0018338427340926756,0.0008891358710752008,0.8383838383838566,12,60,3,15,True,False,True,False,False,False,False,True,False,False,0.0009447068630174748,0.0006112809113642252,0.0009447068630174748,-0.0010558488469018254,0.0013337038066129985,-0.000555709919421951,0.0036676854681857458,0.002556265629341449,0.004390108363434322,0.0018338427340928729,0.005501528202278422,0.004612392331203221
ef04d6bd2e76cfbb0cab4627,XRPUSDT,3,2025-10-25T10:55:00Z,2025-10-25T11:00:00Z,2.5499,2.5631,-0.005176673595042895,0.0007451272598925498,0.007843444840974163,0.005921800854935445,-6.947368421052521,1,5,11,55,True,True,False,False,True,True,True,False,True,False,0.0007451272598925498,-0.0008627789325070622,0.0007451272598925498,-0.0013333856229656338,0.0007451272598925498,-0.0010196478293267022,0.0007451272598925498,-0.005255108043452628,0.0007451272598925498,-0.003647201851053016,0.0007451272598925498,-0.005176673595042895
cf11dc17e996289c90d8b841,XRPUSDT,3,2025-10-25T18:55:00Z,2025-10-25T19:00:00Z,2.641,2.6035,0.014199166982203745,0.014350624763347234,0.0048087845513063825,0.0001514577811434891,0.9894459102902387,12,60,2,10,True,False,True,False,False,False,False,True,False,False,0.001514577811435064,-0.0006058311245739583,0.001514577811435064,-0.00018932222642944604,0.0030670200681560842,0.0027262400605831483,0.007762211283604765,0.007762211283604765,0.010602044680045447,0.010412722453616,0.014350624763347234,0.014199166982203745
99b0ae97728e6beda4bf97fd,XRPUSDT,3,2025-10-25T19:55:00Z,2025-10-25T20:00:00Z,2.6036,2.6003,0.0012674758027347913,0.0027269933937626085,0.005146719926255898,0.0014595175910278172,0.4647887323943874,12,60,5,25,True,False,True,True,True,False,False,True,False,False,0.0,-0.002919035182055635,0.0,-0.0024581348901519967,0.0,-0.002919035182055635,0.0,-0.004340144415424745,0.0006529420801966641,-0.000537717007220712,0.0027269933937626085,0.0012674758027347913
decc3f7b833bb99bd4875211,LINKUSDT,3,2025-10-25T20:55:00Z,2025-10-25T21:00:00Z,18.076,18.022,0.0029873865899536427,0.005034299623810638,0.0010511175038724469,0.002046913033856995,0.5934065934066088,9,45,4,20,True,False,True,True,False,False,False,True,False,False,0.0,-0.00044257579110417784,0.0010511175038726435,0.0003872538172162784,0.001383049347200826,0.0012170834255367349,0.003540606328833816,0.0010511175038726435,0.005034299623810638,0.004481079884930268,0.005034299623810638,0.0029873865899536427
3194089627cb51c38f5510b9,BNBUSDT,3,2025-10-26T09:55:00Z,2025-10-26T10:00:00Z,1124.76,1124.64,0.00010668942707767956,0.0042320139407517965,0.0002756143532842077,0.004125324513674117,0.025210084033590565,2,10,1,5,True,False,True,True,True,True,False,True,False,False,0.0023827305380704003,0.0022315871830434855,0.0042320139407517965,0.003885273302748934,0.0042320139407517965,0.0036541128774137594,0.0042320139407517965,0.002293822682172132,0.0042320139407517965,0.0004356484939009292,0.0042320139407517965,0.00010668942707767956
35c8efa3d2fa1416945631be,DOGEUSDT,3,2025-10-26T10:55:00Z,2025-10-26T11:00:00Z,0.19901,0.20177,-0.013868649816592193,0.0037686548414652566,0.016984071152203378,0.01763730465805745,-3.680000000000013,2,10,10,50,True,True,False,False,True,True,True,False,True,False,0.001909451786342352,0.001909451786342352,0.0037686548414652566,0.0024621878297572506,0.0037686548414652566,0.0018089543239033176,0.0037686548414652566,-0.003014923873172289,0.0037686548414652566,-0.01447163459122654,0.0037686548414652566,-0.013868649816592193
ac927d28a45b437356ce36ec,SOLUSDT,3,2025-10-26T11:55:00Z,2025-10-26T12:00:00Z,197.68,197.9,-0.0011129097531363762,0.004350465398624108,0.003186968838526889,0.005463375151760484,-0.25581395348836666,9,45,4,20,True,True,False,False,True,True,True,True,False,False,0.00020234722784308207,-0.0011129097531363762,0.000809388911371897,0.000809388911371897,0.0008599757183327393,-0.0009611493322541365,0.0032375556454877314,0.0022258195062727524,0.004350465398624108,0.004198704977741868,0.004350465398624108,-0.0011129097531363762
3da4baa243e31a887b31bee3,ADAUSDT,3,2025-10-26T13:55:00Z,2025-10-26T14:00:00Z,0.6772,0.6749,0.0033963378617837695,0.0063496751329001335,0.00044300059066740543,0.002953337271116364,0.534883720930229,5,25,4,20,True,False,True,True,False,False,False,True,False,False,0.0025103366804489586,0.0010336680448907766,0.0025103366804489586,0.00044300059066756936,0.0025103366804489586,0.0001476668635558018,0.0063496751329001335,0.0041346721795629425,0.0063496751329001335,0.003101004134672166,0.0063496751329001335,0.0033963378617837695
1a17c5b67a695d66c0db106b,SOLUSDT,3,2025-10-26T14:55:00Z,2025-10-26T15:00:00Z,198.76,199.41,-0.003270275709398298,0.0015093580197221923,0.0047293217951297935,0.00477963372912049,-2.1666666666668086,2,10,5,25,True,True,False,False,True,True,True,False,True,False,0.0014590460857314956,0.001006238679814795,0.0015093580197221923,0.0009056148118332583,0.0015093580197221923,-0.00015093580197223354,0.0015093580197221923,-0.0029180921714631342,0.0015093580197221923,-0.0024652847655464334,0.0015093580197221923,-0.003270275709398298
9fca6cde730fe5c08e12705f,DOGEUSDT,3,2025-10-26T15:55:00Z,2025-10-26T16:00:00Z,0.20301,0.20215,0.004236244519974384,0.006649918723215556,0.0005911038865080981,0.0024136742032411724,0.6370370370370415,4,20,1,5,True,False,True,True,False,False,False,True,False,False,0.003842175262302364,0.001625535687897133,0.003842175262302364,0.0021181222599871235,0.003842175262302364,0.002610708832077251,0.006649918723215556,0.0050736416925274775,0.006649918723215556,0.0031525540613762952,0.006649918723215556,0.004236244519974384
3599e824f34e5f27479c92bf,SOLUSDT,3,2025-10-26T22:55:00Z,2025-10-26T23:00:00Z,200.09,199.93,0.0007996401619271157,0.0024488979959018894,0.004198110850117464,0.0016492578339747737,0.32653061224488494,3,15,8,40,True,False,True,True,True,False,False,False,True,False,0.0007496626518067154,-0.00039982008096348684,0.0014493477934928883,0.0003498425708430865,0.0024488979959018894,0.0,0.0024488979959018894,-0.000849617672047516,0.0024488979959018894,-0.0018991453845769177,0.0024488979959018894,0.0007996401619271157
f08e174c0c2a935831789374,BNBUSDT,3,2025-10-27T00:55:00Z,2025-10-27T01:00:00Z,1138.79,1150.36,-0.010159906567497025,0.001484031296376026,0.012416687888021584,0.011643937863873051,-6.846153846153587,3,15,11,55,True,True,False,False,True,True,True,False,True,False,0.0008869062777158133,-0.0007464062733253159,0.0008869062777158133,-0.000140500004390697,0.001484031296376026,2.6343750823218253e-05,0.001484031296376026,-0.00525118766409963,0.001484031296376026,-0.009843781557618206,0.001484031296376026,-0.010159906567497025
2d321ddb347bdedba40712d1,BNBUSDT,3,2025-10-27T01:55:00Z,2025-10-27T02:00:00Z,1150.4,1154.19,-0.003294506258692597,0.0017646036161336925,0.011482962447844062,0.0050591098748262895,-1.8669950738914238,1,5,3,15,True,True,False,False,True,True,True,False,True,False,0.0017646036161336925,-0.0032336578581361264,0.0017646036161336925,-0.006971488178025018,0.0017646036161336925,-0.008049374130737126,0.0017646036161336925,-0.005867524339360222,0.0017646036161336925,-0.006128303198887303,0.0017646036161336925,-0.003294506258692597
5bd1ac3a0e2970194ba2648b,BNBUSDT,3,2025-10-27T02:55:00Z,2025-10-27T03:00:00Z,1154.2,1151.06,0.002720499046959019,0.003630220065846521,0.0038208282793275464,0.0009097210188875019,0.7494033412887969,12,60,5,25,True,False,True,True,False,False,False,True,False,False,0.0010396811644429436,0.00030324033962929857,0.0010396811644429436,0.0006498007277768151,0.0010396811644429436,-0.0016808178825160757,0.0010396811644429436,-0.0011176572517760904,0.002096690348293253,0.0010916652226650415,0.003630220065846521,0.002720499046959019
8e4d66fa0e8e6fde870d7615,SOLUSDT,3,2025-10-27T03:55:00Z,2025-10-27T04:00:00Z,204.25,203.93,0.0015667074663402358,0.005581395348837143,0.001517747858017147,0.004014687882496907,0.2807017543859623,2,10,1,5,True,False,True,True,True,False,False,True,False,False,0.001517747858017147,0.0013708690330477412,0.005581395348837143,0.003965728274173818,0.005581395348837143,0.0033292533659731055,0.005581395348837143,0.003084455324357383,0.005581395348837143,0.0023990208078335817,0.005581395348837143,0.0015667074663402358
7b19e335ef12540108f21cf9,DOGEUSDT,3,2025-10-27T04:55:00Z,2025-10-27T05:00:00Z,0.20756,0.2074,0.0007708614376565499,0.0016380805550202688,0.0062632491809597015,0.0008672191173637189,0.47058823529408883,11,55,6,30,True,False,True,True,True,False,False,True,False,False,0.0005781460782423455,-0.0006263249180960637,0.0005781460782423455,-0.000722682597803099,0.0005781460782423455,-0.0028907303912122624,0.0005781460782423455,-0.005155135864328461,0.0005781460782423455,-0.0024571208325304033,0.0016380805550202688,0.0007708614376565499
7b92d5e279f9b59d2c0132c3,XRPUSDT,3,2025-10-27T05:55:00Z,2025-10-27T06:00:00Z,2.6445,2.65,-0.0020797882397428856,0.00521837776517293,0.004462091132539245,0.007298166004915816,-0.398550724637691,2,10,8,40,True,True,False,False,True,True,True,False,True,False,0.003214218188693413,0.0028360748723765703,0.00521837776517293,0.003516732841746887,0.00521837776517293,0.0027604462091132017,0.00521837776517293,-0.001701644923426043,0.00521837776517293,-0.0016638305917942749,0.00521837776517293,-0.0020797882397428856
f17350cb8c6dd7d050446180,LTCUSDT,3,2025-10-27T06:55:00Z,2025-10-27T07:00:00Z,100.84,99.75,0.010809202697342358,0.015866719555731938,9.916699722323389e-05,0.00505751685838958,0.6812499999999985,9,45,1,5,True,False,True,True,False,False,False,True,False,False,0.0021816739389131186,0.0012891709639033088,0.004958349861166203,0.00466084886949622,0.009024196747322457,0.008726695755652615,0.009718365727885798,0.007834192780642664,0.015866719555731938,0.011900039666798918,0.015866719555731938,0.010809202697342358
add75ebff3a3cc4694cc4964,ETHUSDT,3,2025-10-27T07:55:00Z,2025-10-27T08:00:00Z,4199.99,4165.6,0.00818811473360637,0.010795263798247174,0.00010238119614577441,0.0026071490646408044,0.7584913983237606,6,30,1,5,True,False,True,False,False,False,False,True,False,False,0.0016642896768801312,0.0015619084807343567,0.0016642896768801312,0.0006380967573730846,0.003628580068047729,0.0030452453458222435,0.010795263798247174,0.009614308605496707,0.010795263798247174,0.005045250107738257,0.010795263798247174,0.00818811473360637
aae24bb81a5135c8657484b6,BNBUSDT,3,2025-10-27T15:55:00Z,2025-10-27T16:00:00Z,1143.0,1145.98,-0.0026071741032371114,0.0,0.00673665791776032,0.0026071741032371114,,1,5,8,40,False,False,False,False,False,False,False,False,True,False,0.0,-0.001706036745406864,0.0,-0.003937007874015748,0.0,-0.004313210848643975,0.0,-0.004033245844269379,0.0,-0.003814523184601837,0.0,-0.0026071741032371114
16780d99fd9df2730faef5d0,LINKUSDT,3,2025-10-27T18:55:00Z,2025-10-27T19:00:00Z,18.689,18.483,0.011022526619936836,0.012574241532452214,0.0015517149125153788,0.0015517149125153784,0.8765957446808511,12,60,5,25,True,False,True,False,False,False,False,True,False,False,0.005885815185403148,0.00379902616512395,0.005885815185403148,0.0012306704478570116,0.005885815185403148,-0.0011771630370805536,0.005885815185403148,0.0005885815185402768,0.009952378404409008,0.009096259831986822,0.012574241532452214,0.011022526619936836
da329758f52db50f1c458af4,SOLUSDT,3,2025-10-28T01:55:00Z,2025-10-28T02:00:00Z,201.27,200.65,0.003080439211010108,0.009489740150047183,0.0025835941769761107,0.006409300939037075,0.3246073298429349,11,55,2,10,True,False,True,True,True,False,False,True,False,False,0.0007452675510508554,-0.0007452675510507143,0.0007452675510508554,-0.0011427435782778842,0.0036269687484474494,0.002086749142942395,0.00621056292542356,0.0027326476871864227,0.00621056292542356,0.0014905351021017108,0.009489740150047183,0.003080439211010108
afac941d3892d4fc7050866f,ADAUSDT,3,2025-10-28T06:55:00Z,2025-10-28T07:00:00Z,0.6674,0.6629,0.006742583158525545,0.008540605334132511,0.005543901708121122,0.0017980221756069663,0.789473684210512,11,55,1,5,True,False,True,False,False,False,False,True,False,False,0.00029967036260110575,-0.004644890620317638,0.00029967036260110575,-0.0005993407252022115,0.0035960443512136017,0.0028468684447108374,0.004644890620317638,0.003446209169913049,0.0058435720707222276,0.004045549895115427,0.008540605334132511,0.006742583158525545
f5bb4a8134d930219a82cdbe,ADAUSDT,3,2025-10-28T07:55:00Z,2025-10-28T08:00:00Z,0.6629,0.665,-0.003167898627243914,0.0019610801025796935,0.006486649570070856,0.005128978729823607,-1.6153846153845102,3,15,8,40,True,True,False,False,True,True,True,False,True,False,0.0013576708402474158,0.0003017046311662226,0.0013576708402474158,-0.0006034092623321103,0.0019610801025796935,0.000905113893498333,0.0019610801025796935,-0.003771307889576024,0.0019610801025796935,-0.005430683360989495,0.0019610801025796935,-0.003167898627243914
27e3511072b77bd5c27916c9,LTCUSDT,3,2025-10-28T09:55:00Z,2025-10-28T10:00:00Z,101.93,101.49,0.004316687923084587,0.00961444128323363,0.00156970469930341,0.005297753360149044,0.448979591836745,10,50,5,25,True,False,True,True,True,False,False,True,False,False,0.004414794466790962,0.003728048660845773,0.004414794466790962,0.0017659177867164408,0.004414794466790962,0.0012753850681841426,0.004414794466790962,0.0005886392622388136,0.008829588933581925,0.006573138428333186,0.00961444128323363,0.004316687923084587
c66ad0247271898b261e3e7d,SUIUSDT,3,2025-10-28T12:55:00Z,2025-10-28T13:00:00Z,2.6292,2.6429,-0.005210710482275995,0.0002662406815762,0.008595770576601314,0.005476951163852195,-19.57142857142458,1,5,11,55,True,True,False,False,True,True,True,False,True,False,0.0002662406815762,-0.0035371976266545284,0.0002662406815762,-0.005933363760839821,0.0002662406815762,-0.0037654039251483417,0.0002662406815762,-0.004564125969876773,0.0002662406815762,-0.003727369542065955,0.0002662406815762,-0.005210710482275995
c6455e98004c1c4506ef9ec0,XRPUSDT,3,2025-10-28T13:55:00Z,2025-10-28T14:00:00Z,2.6638,2.6298,0.012763721000075175,0.023500262782491257,0.0009009685411816711,0.010736541782416082,0.5431309904153376,10,50,5,25,True,False,True,True,False,False,False,True,False,False,0.002102259929424233,0.0005255649823561415,0.0032284706059014885,0.0026278249117802077,0.004279600570613438,0.0027029056235453467,0.005743674450033903,0.004279600570613438,0.01726856370598403,0.015504166979503008,0.023500262782491257,0.012763721000075175
d6cde5d7bf98c54b11c5b246,BNBUSDT,3,2025-10-28T16:55:00Z,2025-10-28T17:00:00Z,1144.03,1147.17,-0.0027446832687954862,0.0011363338373993291,0.004256881375488509,0.0038810171061948156,-2.415384615384777,7,35,10,50,True,True,False,False,True,True,True,False,True,False,0.0006118720662920076,0.0004807566235150779,0.0006118720662920076,-0.0004720155939966291,0.0006118720662920076,-0.0011712979554731242,0.0010052183946223994,-0.00020978470844296837,0.0011363338373993291,-0.003828570929084123,0.0011363338373993291,-0.0027446832687954862
cd79256c929f7aed134b5f09,LINKUSDT,3,2025-10-29T01:55:00Z,2025-10-29T02:00:00Z,17.886,17.824,0.0034663983003465067,0.005814603600581416,0.00039136755003921784,0.0023482053002349093,0.5961538461538278,4,20,1,5,True,False,True,True,False,False,False,True,False,False,0.0008386447500838963,0.00011181930001111996,0.002739572850273929,0.002627753550262809,0.004137314100413623,0.003913675500391384,0.005814603600581416,0.002795482500279588,0.005814603600581416,0.0040814044504081624,0.005814603600581416,0.0034663983003465067
8dbc4c8d96149702f60b0b45,XRPUSDT,3,2025-10-29T02:55:00Z,2025-10-29T03:00:00Z,2.6137,2.6074,0.0024103760951907152,0.006006810268967467,0.0,0.0035964341737767516,0.4012738853503099,4,20,1,5,True,False,True,True,True,False,False,True,False,False,0.004285113058116884,0.004246853120098072,0.004859012128400411,0.004782492252362619,0.005203351570570562,0.004859012128400411,0.006006810268967467,0.004552932624249242,0.006006810268967467,0.002601675785285281,0.006006810268967467,0.0024103760951907152
47f84d1f33c3aa6e66c7b569,LINKUSDT,3,2025-10-29T05:55:00Z,2025-10-29T06:00:00Z,17.837,17.898,-0.0034198575993720885,0.0020743398553567886,0.004877501822055264,0.005494197454728877,-1.64864864864869,9,45,12,60,True,True,False,False,True,True,True,False,True,False,0.0015137074620172127,0.0007288221113414882,0.0015137074620172127,-0.002298592812692738,0.0015137074620172127,-0.0006166956326736128,0.0015137074620172127,0.00016818971800191252,0.0020743398553567886,0.0014015809833491384,0.0020743398553567886,-0.0034198575993720885
2e46b8fe27132df1ae26f97d,XRPUSDT,3,2025-10-29T09:55:00Z,2025-10-29T10:00:00Z,2.6464,2.6405,0.0022294437726723157,0.003816505441354292,0.0051012696493349715,0.0015870616686819764,0.5841584158415859,11,55,5,25,True,False,True,True,False,False,False,True,False,False,0.0007935308343409881,-0.00306076178960105,0.0007935308343409881,-0.0017382103990326247,0.0007935308343409881,-0.0018893591293834408,0.0007935308343409881,-0.0028718258766626554,0.0007935308343409881,-0.0002645102781137186,0.003816505441354292,0.0022294437726723157
c70532881333b56458f0331e,LTCUSDT,3,2025-10-29T10:55:00Z,2025-10-29T11:00:00Z,98.09,98.39,-0.003058415740646316,0.0006116831481292922,0.005097359567743908,0.0036700988887756083,-4.999999999999764,1,5,10,50,True,True,False,False,True,True,True,False,True,False,0.0006116831481292922,-0.0014272606789683003,0.0006116831481292922,-0.0029564685492913857,0.0006116831481292922,-0.002446732592517024,0.0006116831481292922,-0.0034662045060658924,0.0006116831481292922,-0.00417983484554997,0.0006116831481292922,-0.003058415740646316
839ec3f575b3e0a7bf220c9b,SOLUSDT,3,2025-10-29T11:55:00Z,2025-10-29T12:00:00Z,198.65,199.8,-0.005789076264787343,0.003121067203624488,0.005889755852000944,0.00891014346841183,-1.854838709677415,5,25,12,60,True,True,False,False,True,True,True,False,True,False,0.0007047571104959213,0.00045305814246163304,0.0011578152529575544,0.00035237855524788915,0.0011578152529575544,0.00025169896803428827,0.003121067203624488,0.0024163100931287097,0.003121067203624488,0.0010571356657438104,0.003121067203624488,-0.005789076264787343
b35de700494f6dba821b0abe,SUIUSDT,3,2025-10-29T12:55:00Z,2025-10-29T13:00:00Z,2.5435,2.5308,0.0049931197169253835,0.007194810300766654,0.005229015136622799,0.0022016905838412705,0.6939890710382363,12,60,4,20,True,False,True,True,False,False,False,True,False,False,0.0005111067426774441,-0.0018478474542953209,0.0005111067426774441,-0.002319638293689804,0.0005111067426774441,-0.0029486927462159564,0.0005111067426774441,-0.0011008452919206353,0.006093965008846018,0.0023589541969725905,0.007194810300766654,0.0049931197169253835
751eef56edc0a83d8b5b9cb0,ADAUSDT,3,2025-10-29T16:55:00Z,2025-10-29T17:00:00Z,0.6408,0.6559,-0.023564294631710364,0.0004681647940076123,0.024188514357053617,0.024032459425717977,-50.33333333332026,1,5,12,60,True,True,False,False,True,True,True,False,True,False,0.0004681647940076123,-0.004213483146067298,0.0004681647940076123,-0.005305867665418162,0.0004681647940076123,-0.004213483146067298,0.0004681647940076123,-0.0034332084893882327,0.0004681647940076123,-0.017478152309612964,0.0004681647940076123,-0.023564294631710364
662eff8d289657924c22f303,BNBUSDT,3,2025-10-29T19:55:00Z,2025-10-29T20:00:00Z,1107.3,1117.53,-0.00923868870224873,0.0018513501309491147,0.00992504289713719,0.011090038833197844,-4.990243902439143,2,10,11,55,True,True,False,False,True,True,True,False,True,False,0.0002709292874559329,-0.0019506908696830868,0.0018513501309491147,-0.00048767271742072035,0.0018513501309491147,-0.001860381107197639,0.0018513501309491147,-0.008055630813691025,0.0018513501309491147,-0.007676329811252596,0.0018513501309491147,-0.00923868870224873
9434cd7f4e6b83753c83a089,BNBUSDT,3,2025-10-29T20:55:00Z,2025-10-29T21:00:00Z,1117.53,1116.1,0.0012796077062808726,0.002720284914051492,0.0018254543502187535,0.0014406772077706193,0.4703947368421318,3,15,8,40,True,False,True,True,True,False,False,False,True,False,0.0009395720920243345,0.00021475933531986532,0.0009395720920243345,-0.0003489839198948575,0.002720284914051492,0.002326559465965038,0.002720284914051492,0.0007695542848960654,0.002720284914051492,0.0011722280386208383,0.002720284914051492,0.0012796077062808726
f2226805a8d3692c7f661d98,BTCUSDT,3,2025-10-30T05:55:00Z,2025-10-30T06:00:00Z,110199.7,110720.0,-0.004721428461239032,0.0025635278498943284,0.006654283087885021,0.007284956311133361,-1.841769911504435,4,20,11,55,True,True,False,False,True,True,True,False,True,False,0.0006179690144346243,-1.8148869733501055e-06,0.001206899837295383,0.0008738680776808187,0.0015626176840771535,0.0005753191705603027,0.0025635278498943284,0.0006851198324496346,0.0025635278498943284,-0.0058548253761126125,0.0025635278498943284,-0.004721428461239032
8192521d5954279a34d68d37,BTCUSDT,3,2025-10-30T20:55:00Z,2025-10-30T21:00:00Z,107441.2,107847.7,-0.0037834648161040644,0.0010005472760914807,0.004145523318801435,0.004784012092195545,-3.7813953488372096,4,20,11,55,True,True,False,False,True,True,True,False,True,False,0.0009912398595696996,0.00021313983834873567,0.0009912398595696996,-0.0016269364080073838,0.0009912398595696996,-0.00039835742713226316,0.0010005472760914807,-0.0012350941724403404,0.0010005472760914807,-0.0014016969281803054,0.0010005472760914807,-0.0037834648161040644
6d23c158e18cc921e057b87a,SUIUSDT,3,2025-10-31T01:55:00Z,2025-10-31T02:00:00Z,2.3292,2.3093,0.008543705993474262,0.013481023527391419,0.0009874635067834315,0.004937317533917157,0.6337579617834456,11,55,1,5,True,False,True,True,False,False,False,True,False,False,0.0012450626824662317,0.0005151983513654096,0.00704104413532542,0.006139447020436192,0.010218100635411318,0.009273570324575084,0.010218100635411318,0.002919457324403288,0.01120556414219475,0.010175167439464311,0.013481023527391419,0.008543705993474262
7dc39536c27092f11a169edb,SUIUSDT,3,2025-10-31T03:55:00Z,2025-10-31T04:00:00Z,2.3297,2.3514,-0.009314504013392306,0.0012447954672274984,0.011460703094819053,0.010559299480619804,-7.482758620689925,1,5,9,45,True,True,False,False,True,True,True,False,True,False,0.0012447954672274984,-0.0014164913937418134,0.0012447954672274984,-0.0052367257586813706,0.0012447954672274984,-0.004850409924024686,0.0012447954672274984,-0.0070395329870798695,0.0012447954672274984,-0.00914280808687818,0.0012447954672274984,-0.009314504013392306
b598607d8be371d4e643fd41,DOGEUSDT,3,2025-10-31T04:55:00Z,2025-10-31T05:00:00Z,0.18575,0.18499,0.00409152086137287,0.006029609690444198,0.0,0.0019380888290713282,0.678571428571432,11,55,1,5,True,False,True,True,False,False,False,True,False,False,0.0036069986541050008,0.002853297442799476,0.0036069986541050008,0.001830417227456296,0.0036069986541050008,0.0022611036339165746,0.004037685060565279,0.002745625841184444,0.004683714670255772,0.0038761776581426564,0.006029609690444198,0.00409152086137287
853e045f3d8c75c727db7def,BNBUSDT,3,2025-10-31T06:55:00Z,2025-10-31T07:00:00Z,1094.96,1097.97,-0.002748958866077291,0.0031142690143932945,0.002986410462482631,0.005863227880470586,-0.8826979472140524,2,10,12,60,True,True,False,False,True,True,True,False,True,False,0.0022466574121429426,0.0018174179878717113,0.0031142690143932945,0.001653028421129489,0.0031142690143932945,0.00031051362606866506,0.0031142690143932945,0.00048403594651856937,0.0031142690143932945,0.00043837217797912083,0.0031142690143932945,-0.002748958866077291
f9348b2ba97a8749895bff5b,LINKUSDT,3,2025-10-31T08:55:00Z,2025-10-31T09:00:00Z,17.28,17.253,0.001562500000000059,0.007291666666666737,0.002025462962962971,0.0057291666666666775,0.21428571428572032,8,40,1,5,True,False,True,True,True,True,False,True,False,False,0.004050925925925942,0.004050925925925942,0.004687499999999972,0.00422453703703706,0.004687499999999972,0.0041666666666668245,0.007060185185185178,0.006307870370370472,0.007291666666666737,0.004513888888888854,0.007291666666666737,0.001562500000000059
7090fe372eb1377d376dfe33,ADAUSDT,3,2025-10-31T09:55:00Z,2025-10-31T10:00:00Z,0.6108,0.6097,0.001800916830386362,0.005075311067452508,0.0032743942370661457,0.003274394237066146,0.35483870967741704,7,35,9,45,True,False,True,True,True,False,False,False,True,False,0.0004911591355598673,-0.0008185985592664456,0.0011460379829732056,0.0004911591355598673,0.0011460379829732056,0.0004911591355598673,0.004911591355599218,0.004256712508186062,0.005075311067452508,-0.0026195153896529893,0.005075311067452508,0.001800916830386362
f96391a68024373fc47e287f,ETHUSDT,3,2025-10-31T11:55:00Z,2025-10-31T12:00:00Z,3872.16,3834.79,0.009650944175860474,0.010180364447750112,0.0038376513367216563,0.0005294202718896385,0.9479959411466216,12,60,1,5,True,False,True,False,False,False,False,True,False,False,0.0009710342547827992,-0.00190849551671427,0.0011982975910086032,0.0009348787240196405,0.002107350935911702,0.001459133920085853,0.002107350935911702,0.0007179455394404532,0.009493409363249392,0.007169125242758503,0.010180364447750112,0.009650944175860474
9d8626a429b3980ab7daaf03,XRPUSDT,3,2025-10-31T13:55:00Z,2025-10-31T14:00:00Z,2.5077,2.5072,0.0001993858914542102,0.006539857239701707,0.0017147186665072349,0.006340471348247497,0.030487804878031943,5,25,12,60,True,False,True,True,True,True,False,False,True,False,0.002990788371814747,0.002990788371814747,0.003429437333014293,0.0006779120309447043,0.005503050604139177,0.00502452446464886,0.006539857239701707,0.0035490688678867835,0.006539857239701707,0.004027595007377278,0.006539857239701707,0.0001993858914542102
4186c928deb78252f6703b79,SUIUSDT,3,2025-11-01T02:55:00Z,2025-11-01T03:00:00Z,2.3591,2.3784,-0.008181086007375639,0.0005934466533848883,0.010300538340892614,0.008774532660760528,-13.785714285711338,1,5,9,45,True,True,False,False,True,True,True,False,True,False,0.0005934466533848883,-0.0020346742401763022,0.0005934466533848883,-0.002543342800220331,0.0005934466533848883,-0.002077063286846544,0.0005934466533848883,-0.005722521300495792,0.0005934466533848883,-0.009791869780848585,0.0005934466533848883,-0.008181086007375639
2cca9e273cd2aa728d217789,SUIUSDT,3,2025-11-01T07:55:00Z,2025-11-01T08:00:00Z,2.3794,2.3927,-0.005589644448180251,0.0020173152895687635,0.005967891064974452,0.007606959737749015,-2.7708333333334005,3,15,12,60,True,True,False,False,True,True,True,False,True,False,0.00037824661679420143,-0.0006724384298561922,0.0017651508783726913,0.00029419181306217744,0.0020173152895687635,0.0015129864671766192,0.0020173152895687635,-0.0026897537194251423,0.0020173152895687635,0.00016810960746404806,0.0020173152895687635,-0.005589644448180251
2374b03e16f8185d1a2f96ef,AVAXUSDT,3,2025-11-01T09:55:00Z,2025-11-01T10:00:00Z,18.555,18.629,-0.003988143357585644,0.002586903799514862,0.0068984101320398875,0.006575047157100506,-1.5416666666667562,4,20,10,50,True,True,False,False,True,True,True,False,True,False,0.0,-0.00021557531662631829,0.002533009970358426,0.0017246025330099719,0.002533009970358426,0.001185664241444272,0.002586903799514862,-0.0012395580706008995,0.002586903799514862,-0.005335489086499607,0.002586903799514862,-0.003988143357585644
98150de0bad94b8ab2029b90,AVAXUSDT,3,2025-11-01T10:55:00Z,2025-11-01T11:00:00Z,18.629,18.66,-0.0016640721455794087,0.003059745558001082,0.003918621504106522,0.004723817703580491,-0.5438596491227655,8,40,2,10,True,True,False,False,True,True,True,True,False,False,0.0,-0.00016103923989479378,0.0,-0.002845026571474436,0.0,-0.0016640721455794087,0.0006441569595791751,0.00048311771968438135,0.003059745558001082,-0.00026839873315792607,0.003059745558001082,-0.0016640721455794087
1db6d5d55e113c99956d8976,LINKUSDT,3,2025-11-01T11:55:00Z,2025-11-01T12:00:00Z,17.342,17.358,-0.0009226156152693918,0.0006919617114519926,0.004094106792757554,0.0016145773267213844,-1.3333333333334318,5,25,8,40,True,True,False,False,True,True,True,False,True,False,0.00011532695190859714,-0.0003459808557259963,0.00011532695190859714,5.766347595419614e-05,0.00011532695190859714,0.0,0.0006919617114519926,-0.001153269519086586,0.0006919617114519926,-0.0032291546534425637,0.0006919617114519926,-0.0009226156152693918
67451d2728af1a328f08d2b3,LTCUSDT,3,2025-11-01T15:55:00Z,2025-11-01T16:00:00Z,98.62,99.16,-0.005475562766173109,0.0018251875887244657,0.006895153112958756,0.007300750354897575,-2.9999999999998423,1,5,12,60,True,True,False,False,True,True,True,False,True,False,0.0018251875887244657,-0.0009125937943620888,0.0018251875887244657,-0.0032447779355099693,0.0018251875887244657,-0.002636382072601814,0.0018251875887244657,-0.003751774487933384,0.0018251875887244657,-0.005069965524234435,0.0018251875887244657,-0.005475562766173109
9e335cd98458ca7e50fd5055,AVAXUSDT,3,2025-11-01T23:55:00Z,2025-11-02T00:00:00Z,18.712,18.676,0.001923899102180492,0.004328772979905917,0.000961949551090246,0.0024048738777254245,0.44444444444446396,5,25,1,5,True,False,True,True,True,False,False,True,False,False,0.001923899102180492,0.0016566908935441859,0.001923899102180492,0.0016032492518170767,0.001923899102180492,-0.00016032492518170766,0.004328772979905917,0.0034737067122702693,0.004328772979905917,0.0018704574604531928,0.004328772979905917,0.001923899102180492
c78a2743bd60b6f56c4f80d7,LTCUSDT,3,2025-11-02T02:55:00Z,2025-11-02T03:00:00Z,99.87,99.49,0.003804946430359564,0.005507159307099343,0.004105336938019391,0.0017022128767397787,0.6909090909090942,11,55,3,15,True,False,True,True,False,False,False,True,False,False,0.0,-0.0012015620306397349,0.0,-0.0017022128767397787,0.0,-0.003404425753479415,0.0001001301692200372,-0.0011014318614198401,0.0001001301692200372,-0.003204165415039483,0.005507159307099343,0.003804946430359564
aa6b53fb84ac01b924075153,ADAUSDT,3,2025-11-02T05:55:00Z,2025-11-02T06:00:00Z,0.6156,0.6156,0.0,0.0030864197530864404,0.0014619883040935865,0.0030864197530864404,0.0,8,40,10,50,True,False,False,False,True,True,True,False,True,False,0.002111760883690836,0.0006497725795972497,0.002436647173489371,0.002111760883690836,0.0025990903183886385,0.0011371020142950518,0.0025990903183886385,0.0008122157244965171,0.0030864197530864404,0.0019493177387915688,0.0030864197530864404,0.0
847f1b668360a4df304d2539,LTCUSDT,3,2025-11-02T09:55:00Z,2025-11-02T10:00:00Z,100.51,100.1,0.004079196099890665,0.007163466321759017,0.00686498855835238,0.003084270221868352,0.5694444444444603,11,55,4,20,True,False,True,True,False,False,False,True,False,False,0.002586807282857478,0.0010944184658242904,0.002586807282857478,-0.002089344343846321,0.002586807282857478,-0.0043776738632971615,0.002586807282857478,0.0002984777634066375,0.005870062680330349,0.004775644214506059,0.007163466321759017,0.004079196099890665
cae1e29ee2e02a03d7d41ddf,LTCUSDT,3,2025-11-02T10:55:00Z,2025-11-02T11:00:00Z,100.09,100.83,-0.0073933459886102,0.0006993705664902327,0.010290738335498062,0.008092716555100432,-10.571428571427383,4,20,6,30,True,True,False,False,True,True,True,False,True,False,0.00019982016185443333,-0.0024977520231791385,0.000299730242781508,-9.991008092707468e-05,0.000299730242781508,-0.00039964032370858266,0.0006993705664902327,-0.0073933459886102,0.0006993705664902327,-0.006693975422120108,0.0006993705664902327,-0.0073933459886102
7b4bf41b399a3de7dffdbab7,ADAUSDT,3,2025-11-02T11:55:00Z,2025-11-02T12:00:00Z,0.6138,0.6108,0.004887585532746827,0.0053763440860214555,0.0004887585532746284,0.0004887585532746281,0.9090909090909183,10,50,1,5,True,False,True,False,False,False,False,True,False,False,0.002280873248615114,0.0011404366243076473,0.0032583903551645517,0.002280873248615114,0.0032583903551645517,0.0017921146953404853,0.0035842293906809706,0.002117953730856904,0.004887585532746827,0.00391006842619739,0.0053763440860214555,0.004887585532746827
e10e760f390a853e95cbae17,ETHUSDT,3,2025-11-03T00:55:00Z,2025-11-03T01:00:00Z,3863.31,3835.16,0.007286497847700571,0.009525510507828709,2.5884539423424228e-05,0.002239012660128138,0.7649456521739212,8,40,1,5,True,False,True,False,False,False,False,True,False,False,0.0029275414087919288,0.0019491058185855511,0.0039629229857298396,0.0015867222666573766,0.0039629229857298396,0.001576368450888007,0.006445250316438518,0.004390017886216751,0.009525510507828709,0.005878378903064998,0.009525510507828709,0.007286497847700571
7b127d6021fa0447efe5b0ac,ETHUSDT,3,2025-11-03T11:55:00Z,2025-11-03T12:00:00Z,3710.01,3707.58,0.0006549847574535624,0.0019164368829194872,0.004552548375880354,0.0012614521254659247,0.341772151898769,2,10,4,20,True,False,True,True,True,False,False,False,True,False,0.0008840946520360322,-0.0006361168837818961,0.0019164368829194872,-0.0008194047994479701,0.0019164368829194872,-0.00294877911380282,0.0019164368829194872,-0.0037708793237753485,0.0019164368829194872,-0.0004231794523464112,0.0019164368829194872,0.0006549847574535624
763a92e038caeca6edc8a62c,BTCUSDT,3,2025-11-03T12:55:00Z,2025-11-03T13:00:00Z,107717.1,107855.0,-0.0012802052784561984,0.0019040616578055462,0.0027525806023370476,0.0031842669362617446,-0.6723549488054132,6,30,12,60,True,True,False,False,True,True,True,False,True,False,0.0004948146580255401,0.00032399683987044517,0.0015531424444215718,0.000589507144176737,0.0015531424444215718,0.0007222622963299505,0.0019040616578055462,0.0006554205413997017,0.0019040616578055462,-0.0008940084721923292,0.0019040616578055462,-0.0012802052784561984
9c184a612360ecacf983b471,BNBUSDT,3,2025-11-03T16:55:00Z,2025-11-03T17:00:00Z,995.88,1007.83,-0.011999437683255057,0.0006326063381130211,0.01417841507008877,0.012632044021368078,-18.968253968254178,1,5,11,55,True,True,False,False,True,True,True,False,True,False,0.0006326063381130211,-0.0011346748604249461,0.0006326063381130211,-0.003404024581274839,0.0006326063381130211,-0.0035446037675221642,0.0006326063381130211,-0.005372133188737622,0.0006326063381130211,-0.008896654215367327,0.0006326063381130211,-0.011999437683255057
dfec6c3d4f89200a27b56118,BTCUSDT,3,2025-11-04T06:55:00Z,2025-11-04T07:00:00Z,104702.4,104442.9,0.0024784532159721267,0.004089686578340106,0.0018872537783279641,0.0016112333623679795,0.6060252218589485,9,45,1,5,True,False,True,True,False,False,False,True,False,False,0.0024087317960237503,0.0009684591757208448,0.0025462644600313966,0.0015778052843105517,0.0033657299164106475,0.0029445361328870054,0.004088731490395552,0.0035729840003666706,0.004089686578340106,0.003469834502360866,0.004089686578340106,0.0024784532159721267
b9caebd87756e38f5df432b3,LTCUSDT,3,2025-11-05T05:55:00Z,2025-11-05T06:00:00Z,86.91,87.22,-0.0035669082959383534,0.0060982625704752175,0.004602462317339843,0.00966517086641357,-0.5849056603773616,4,20,12,60,True,True,False,False,True,True,True,False,True,False,0.0020711080428028146,0.0018409849269358715,0.004947646991140175,0.003106662064204304,0.005753077896674721,0.005062708549073728,0.0060982625704752175,0.002531354274536864,0.0060982625704752175,0.0023012311586699213,0.0060982625704752175,-0.0035669082959383534
917213051ade7566bd3fd366,XRPUSDT,3,2025-11-05T06:55:00Z,2025-11-05T07:00:00Z,2.2503,2.2453,0.002221925965426982,0.008621072745856145,0.0007110163089365079,0.006399146780429163,0.2577319587629029,5,25,12,60,True,False,True,True,True,False,False,False,True,False,0.0025774341198952356,0.001777540772341467,0.0036439585832999974,0.002844065235746426,0.006088077145269539,0.0046216060080878935,0.008621072745856145,0.00635470826112073,0.008621072745856145,0.0020441718881928548,0.008621072745856145,0.002221925965426982
ee4f9b2f35552e81ea268d9b,LTCUSDT,3,2025-11-05T09:55:00Z,2025-11-05T10:00:00Z,86.62,85.4,0.014084507042253508,0.015123528053567332,0.00023089355806968392,0.0010390210113138242,0.9312977099236616,11,55,2,10,True,False,True,False,False,False,False,True,False,False,0.003578850150080839,0.0011544677903487476,0.004040637266220371,0.003117063033941471,0.006695913184022146,0.00496421149849927,0.007734934195335969,0.004386977603324979,0.009235742322789325,0.009004848764719476,0.015123528053567332,0.014084507042253508
8fd9ba0de0af9ab896d1f1b8,LINKUSDT,3,2025-11-05T11:55:00Z,2025-11-05T12:00:00Z,14.823,14.935,-0.007555825406462936,0.005869257235377436,0.008365378128583874,0.013425082641840372,-1.2873563218390853,2,10,6,30,True,True,False,False,True,True,True,False,True,False,0.00344059906901438,0.003305673615327617,0.005869257235377436,0.0038453754300749095,0.005869257235377436,0.003980300883761793,0.005869257235377436,-0.005194629966943261,0.005869257235377436,-0.0061391081427510825,0.005869257235377436,-0.007555825406462936
ba6424d1bee65e2a8cd5474f,DOGEUSDT,3,2025-11-05T12:55:00Z,2025-11-05T13:00:00Z,0.16418,0.16545,-0.007735412352296389,0.004507248142282804,0.011877207942502176,0.012242660494579193,-1.7162162162162662,4,20,11,55,True,True,False,False,True,True,True,False,True,False,0.0012181751735899971,-0.0009745401388720992,0.0016445364843464033,0.00048727006943596505,0.0030454379339749085,0.0025581678645389436,0.004507248142282804,-0.0006699963454744731,0.004507248142282804,-0.004933609453039379,0.004507248142282804,-0.007735412352296389
66599ba95a0006cc5dee6a73,BNBUSDT,3,2025-11-05T15:55:00Z,2025-11-05T16:00:00Z,965.24,966.47,-0.001274294475985266,0.008888980978823962,0.0022170651858604974,0.010163275454809228,-0.14335664335664478,5,25,12,60,True,True,False,False,True,True,True,False,True,False,0.002817952011934884,0.00149185694749498,0.002817952011934884,0.0002072023538187865,0.005418341552360054,0.0049314160208859875,0.008888980978823962,0.006609755086817781,0.008888980978823962,0.0046931333139944185,0.008888980978823962,-0.001274294475985266
6f88c4a8c7f6d694583bf601,LTCUSDT,3,2025-11-05T20:55:00Z,2025-11-05T21:00:00Z,88.87,88.7,0.001912906492629703,0.005738719477889109,0.0006751434679869728,0.0038258129852594062,0.3333333333333333,2,10,11,55,True,False,True,True,True,False,False,False,True,False,0.005288623832564407,0.0032631934286036484,0.005738719477889109,0.005401147743895622,0.005738719477889109,0.0034882412512659195,0.005738719477889109,0.0024755260492854603,0.005738719477889109,0.0034882412512659195,0.005738719477889109,0.001912906492629703
4802756bf20479cf68402abb,LTCUSDT,3,2025-11-06T02:55:00Z,2025-11-06T03:00:00Z,88.53,88.44,0.0010166045408336543,0.0022591212018525115,0.003388681802778687,0.0012425166610188572,0.45000000000001067,2,10,8,40,True,False,True,True,True,False,False,False,True,False,0.0011295606009261755,0.0004518242403705665,0.0022591212018525115,-0.00011295606009268176,0.0022591212018525115,0.0009036484807409725,0.0022591212018525115,0.001355472721111539,0.0022591212018525115,-0.0005647803004630878,0.0022591212018525115,0.0010166045408336543
b97ab566cc36af77b04a0487,ETHUSDT,3,2025-11-06T13:55:00Z,2025-11-06T14:00:00Z,3389.66,3327.99,0.01819356513632638,0.0213826755485801,0.0027613388953464735,0.0031891104122537192,0.8508554083885218,12,60,1,5,True,False,True,False,False,False,False,True,False,False,0.0003982700329826322,-0.00010325519373635226,0.007997852291970189,0.00771758819468615,0.010313718780054647,0.0072662154906390775,0.010956851129611783,0.008587881970463018,0.019901701055563107,0.015883598945026844,0.0213826755485801,0.01819356513632638
9c1494d0d1f7439cde253ddb,ADAUSDT,3,2025-11-06T23:55:00Z,2025-11-07T00:00:00Z,0.5315,0.5376,-0.0114769520225776,0.001317027281279253,0.01392285983066806,0.012793979303856853,-8.714285714286664,5,25,10,50,True,True,False,False,True,True,True,False,True,False,0.0005644402634053941,-0.003951081843838177,0.0005644402634053941,-0.004891815616180709,0.0005644402634053941,-0.005644402634054568,0.001317027281279253,-0.0009407337723425324,0.001317027281279253,-0.010724365004703742,0.001317027281279253,-0.0114769520225776
fb011521d7476d6e59902c75,BNBUSDT,3,2025-11-07T03:55:00Z,2025-11-07T04:00:00Z,967.46,961.97,0.005674653215636831,0.009674818597151318,0.0013437248051598562,0.004000165381514487,0.5865384615384616,10,50,1,5,True,False,True,True,False,False,False,True,False,False,0.002449713683253059,0.001426415562400508,0.004630682405474147,0.004062183449445004,0.007266450292518643,0.006511897132698063,0.007266450292518643,0.0022843321687718732,0.009095983296467108,0.008289748413371077,0.009674818597151318,0.005674653215636831
d6a82217228fe4b72896c7a4,ADAUSDT,3,2025-11-07T04:55:00Z,2025-11-07T05:00:00Z,0.5389,0.5449,-0.011133791055854528,0.00018556318426442753,0.012803859714232521,0.011319354240118956,-59.99999999994006,1,5,11,55,True,True,False,False,True,True,True,False,True,False,0.00018556318426442753,-0.004453516422341729,0.00018556318426442753,-0.00816478010762657,0.00018556318426442753,-0.007608090554833907,0.00018556318426442753,-0.008721469660419236,0.00018556318426442753,-0.010762664687325878,0.00018556318426442753,-0.011133791055854528
8761569260696fdc27b8eb33,ADAUSDT,3,2025-11-07T07:55:00Z,2025-11-07T08:00:00Z,0.5476,0.5467,0.001643535427319233,0.004930606281957496,0.00365230094959825,0.0032870708546382634,0.333333333333347,8,40,4,20,True,False,True,True,True,False,False,True,False,False,0.0010956902848793535,0.0007304601899195689,0.0010956902848793535,0.0007304601899195689,0.001643535427319233,-0.0021913805697589095,0.004382761139517819,0.0014609203798393406,0.004930606281957496,0.002373995617238802,0.004930606281957496,0.001643535427319233
d296746053b2a03a0e1b7477,AVAXUSDT,3,2025-11-07T08:55:00Z,2025-11-07T09:00:00Z,16.864,16.714,0.008894686907020999,0.01856024667931703,0.0001778937381404242,0.00966555977229603,0.4792332268370639,9,45,1,5,True,False,True,True,True,False,False,True,False,False,0.004981024667931666,0.0033799810246680595,0.008005218216318877,0.007945920303605332,0.008183111954459301,0.004506641366223939,0.016247628083491516,0.01583254269449712,0.01856024667931703,0.016247628083491516,0.01856024667931703,0.008894686907020999
e27d7683bdb7f25ad387c245,BTCUSDT,3,2025-11-07T16:55:00Z,2025-11-07T17:00:00Z,101128.3,102354.6,-0.012126180307589496,0.0023732229257289995,0.015422982488581307,0.014499403233318496,-5.109583333333346,2,10,7,35,True,True,False,False,True,True,True,False,True,False,0.0017571738079251514,0.0009235792552629553,0.0023732229257289995,0.00018095824808686501,0.0023732229257289995,-0.004587242146856955,0.0023732229257289995,-0.011585283249100313,0.0023732229257289995,-0.00949486938868741,0.0023732229257289995,-0.012126180307589496
baf60015c84fcf2a8c84f2ca,BTCUSDT,3,2025-11-07T17:55:00Z,2025-11-07T18:00:00Z,102354.7,102551.3,-0.0019207715913388034,0.0011606697103308682,0.004526416471349171,0.0030814413016696717,-1.6548821548821633,11,55,5,25,True,True,False,False,True,True,True,True,False,False,0.0007601018810079352,-0.0013892864714565828,0.0007601018810079352,-0.002346741283008959,0.0007601018810079352,-0.0017800843537228589,0.0007601018810079352,-0.002831330657019198,0.0007601018810079352,-0.002075136754834011,0.0011606697103308682,-0.0019207715913388034
97a5257336ca6f18806963ce,DOGEUSDT,3,2025-11-07T20:55:00Z,2025-11-07T21:00:00Z,0.18017,0.18043,-0.0014430815341067338,0.0018316034855969195,0.007659432757950782,0.003274685019703653,-0.7878787878788261,1,5,5,25,True,True,False,False,True,True,True,False,True,False,0.0018316034855969195,-0.000444025087417421,0.0018316034855969195,-0.0028861630682133137,0.0018316034855969195,-0.003663206971193839,0.0018316034855969195,-0.0036077038352667575,0.0018316034855969195,-0.003829716378975391,0.0018316034855969195,-0.0014430815341067338
a449720595d638356d328812,DOGEUSDT,3,2025-11-07T21:55:00Z,2025-11-07T22:00:00Z,0.18043,0.18049,-0.00033253893476697054,0.005043507177298643,0.0014964252064512136,0.0053760461120656135,-0.06593406593407129,4,20,6,30,True,True,False,False,True,True,True,False,True,False,0.0026603114781356104,0.0016626946738346987,0.002992850412902581,0.0016072715180403064,0.004045890372997885,0.0024386188549575787,0.005043507177298643,-0.0008867704927118189,0.005043507177298643,0.0021615030759851547,0.005043507177298643,-0.00033253893476697054
9b7dce7afd8135e6695cf480,LINKUSDT,3,2025-11-07T22:55:00Z,2025-11-07T23:00:00Z,16.087,15.79,0.018462112264561483,0.02169453596071363,0.0006216199415678226,0.003232423696152148,0.8510028653295141,11,55,1,5,True,False,True,False,False,False,False,True,False,False,0.006713495368931469,0.006713495368931469,0.007645925281282982,0.006464847392304296,0.01125132094237578,0.00913781314104558,0.015043202585938902,0.01404861067943054,0.01721887238142595,0.01647292845154476,0.02169453596071363,0.018462112264561483
d2f0f8c0d94412e2ab4c3971,BNBUSDT,3,2025-11-08T01:55:00Z,2025-11-08T02:00:00Z,991.13,997.28,-0.006205038693208739,0.0007668015295672525,0.014528871086537566,0.006971840222775991,-8.092105263157961,1,5,4,20,True,True,False,False,True,True,True,False,True,False,0.0007668015295672525,-0.004035797524038219,0.0007668015295672525,-0.0034606963768627225,0.0007668015295672525,-0.011360770030167578,0.0007668015295672525,-0.008505443281910496,0.0007668015295672525,-0.007607478332812006,0.0007668015295672525,-0.006205038693208739
3a3620f0eb54333b39d23fb0,BNBUSDT,3,2025-11-08T02:55:00Z,2025-11-08T03:00:00Z,997.28,996.36,0.0009225092250922099,0.002556954917375215,0.010237846943686865,0.0016344456922830052,0.3607843137254806,11,55,6,30,True,False,True,True,True,False,False,True,False,False,0.0,-0.005143991657307873,0.0,-0.005314455318466297,0.0,-0.004662682496390159,0.0,-0.008142146638857697,0.0,-0.0030783731750361485,0.002556954917375215,0.0009225092250922099
0fd655ccdf581db08f9577f7,ETHUSDT,3,2025-11-08T04:55:00Z,2025-11-08T05:00:00Z,3457.12,3429.86,0.007885176100337786,0.009915768038135715,0.0024210903873744306,0.0020305919377979296,0.7952158693115511,12,60,2,10,True,False,True,False,False,False,False,True,False,False,0.0002256213264219192,-0.0018512519091035576,0.0002256213264219192,-0.00037603554403670744,0.0051487943721941175,0.003413245707409557,0.0063434303697875215,0.0037777109270143777,0.0073008747165269885,0.005458300550747411,0.009915768038135715,0.007885176100337786
3633c32761fff58a040d16c3,SUIUSDT,3,2025-11-08T22:55:00Z,2025-11-08T23:00:00Z,2.1176,2.1215,-0.0018417075935021896,0.00236116358141287,0.0034945221004911565,0.004202871174915059,-0.780000000000064,2,10,7,35,True,True,False,False,True,True,True,False,True,False,0.001416698148847806,0.0005666792595390384,0.00236116358141287,0.0007555723460520513,0.00236116358141287,-0.0006611258027957546,0.00236116358141287,-0.002125047223271709,0.00236116358141287,-0.0008027956176804093,0.00236116358141287,-0.0018417075935021896
be0aa1876f2d505b58058246,BNBUSDT,3,2025-11-08T23:55:00Z,2025-11-09T00:00:00Z,990.5,989.15,0.0013629480060575697,0.0059767794043412,0.0,0.0046138313982836306,0.22804054054054598,6,30,1,5,True,False,True,True,True,True,False,True,False,False,0.0022917718324078564,0.0019485108531044422,0.0024230186774356157,0.0010701665825340186,0.0027561837455830573,0.0026956082786471066,0.0059767794043412,0.005502271580010142,0.0059767794043412,0.0013730439172135423,0.0059767794043412,0.0013629480060575697
4db00b0686d5e0cd47b6ac4f,SOLUSDT,3,2025-11-09T01:55:00Z,2025-11-09T02:00:00Z,158.08,155.95,0.01347419028340096,0.015688259109311854,6.325910931168335e-05,0.002214068825910895,0.8588709677419388,12,60,1,5,True,False,True,False,False,False,False,True,False,False,0.0015814777327935222,0.0010754048582996957,0.0031629554655870445,0.002467105263157988,0.0034792510121458204,0.0032262145748989074,0.005503542510121486,0.005503542510121486,0.013727226720647873,0.012019230769230805,0.015688259109311854,0.01347419028340096
2bfd64087513c272bfef22f2,ADAUSDT,3,2025-11-09T04:55:00Z,2025-11-09T05:00:00Z,0.5542,0.5554,-0.0021652832912305645,0.00487188740526892,0.0034283652111151437,0.0070371706964994845,-0.44444444444443076,1,5,12,60,True,True,False,False,True,True,True,False,True,False,0.00487188740526892,0.0027066041140383556,0.00487188740526892,0.0023457235654999616,0.00487188740526892,0.0014435221941537764,0.00487188740526892,-0.0014435221941537764,0.00487188740526892,0.0005413208228077914,0.00487188740526892,-0.0021652832912305645
2b492d38b3fbdb8b4b4dd70e,BNBUSDT,3,2025-11-09T10:55:00Z,2025-11-09T11:00:00Z,987.61,990.16,-0.0025819908668401033,0.0005771508996466723,0.004637458105932545,0.003159141766486776,-4.473684210525843,9,45,4,20,True,True,False,False,True,True,True,True,False,False,0.0,-0.003189518129626044,0.0,-0.0029060054069926433,0.0,-0.004434949018337193,0.0,-0.0018327072427374626,0.0005771508996466723,-0.0013973127044076058,0.0005771508996466723,-0.0025819908668401033
cc6770d51075bac25b7bf3ca,SOLUSDT,3,2025-11-09T11:55:00Z,2025-11-09T12:00:00Z,158.97,159.03,-0.0003774297037176969,0.0028936277285022834,0.005221110901428021,0.0032710574322199803,-0.13043478260869834,2,10,5,25,True,True,False,False,True,True,True,False,True,False,0.0027678178272629913,0.001698433666729636,0.0028936277285022834,0.0014468138642510522,0.0028936277285022834,0.0006290495061961019,0.0028936277285022834,-6.290495061955655e-05,0.0028936277285022834,-0.0021387683210668893,0.0028936277285022834,-0.0003774297037176969
73cd2c8d3d280e20e506a4b7,ETHUSDT,3,2025-11-09T12:55:00Z,2025-11-09T13:00:00Z,3440.64,3456.72,-0.004673549107142836,4.069010416662966e-05,0.006498790922619085,0.004714239211309466,-114.8571428572468,1,5,11,55,True,True,False,False,True,True,True,False,True,False,4.069010416662966e-05,-0.001685732886904815,4.069010416662966e-05,-0.003760928199404778,4.069010416662966e-05,-0.004772367931547641,4.069010416662966e-05,-0.0027117047991071217,4.069010416662966e-05,-0.003592354910714323,4.069010416662966e-05,-0.004673549107142836
c5eeba7144ea1eb84ff9fcd7,ADAUSDT,3,2025-11-09T13:55:00Z,2025-11-09T14:00:00Z,0.564,0.5705,-0.011524822695035571,0.004787234042553059,0.02269503546099297,0.01631205673758863,-2.407407407407497,2,10,7,35,True,True,False,False,True,True,True,False,True,False,0.0035460992907799483,0.0031914893617019735,0.004787234042553059,-0.000354609929078172,0.004787234042553059,-0.001595744680851085,0.004787234042553059,-0.018617021276595862,0.004787234042553059,-0.01560283687943268,0.004787234042553059,-0.011524822695035571
afb500c981bef08b17d11b73,BTCUSDT,3,2025-11-09T14:55:00Z,2025-11-09T15:00:00Z,102994.3,103715.8,-0.007005242037666162,0.0007019805950426666,0.01151228757319577,0.007707222632708829,-9.979253112032794,1,5,11,55,True,True,False,False,True,True,True,False,True,False,0.0007019805950426666,-0.002204976391897331,0.0007019805950426666,-0.0030040497386748023,0.0007019805950426666,-0.002971038203085025,0.0007019805950426666,-0.005349810620587741,0.0007019805950426666,-0.0077547980810588266,0.0007019805950426666,-0.007005242037666162
f8995ba635a156ae6bbc8907,BTCUSDT,3,2025-11-09T15:55:00Z,2025-11-09T16:00:00Z,103715.8,103814.8,-0.0009545315178593811,0.004097736314042797,0.0015928142095996665,0.005052267831902178,-0.23294117647058826,8,40,12,60,True,True,False,False,True,True,True,False,True,False,0.001627524446612791,0.00029503701461113755,0.0027131835265215977,0.0019119555554698792,0.003690855202389635,0.0032511922002240456,0.004062061903779394,0.002466355174428611,0.004097736314042797,0.0023622244633893777,0.004097736314042797,-0.0009545315178593811
d6ec222ec7f9ff020fdbf47b,AVAXUSDT,3,2025-11-09T16:55:00Z,2025-11-09T17:00:00Z,17.776,17.557,0.012319981998199888,0.013726372637263715,0.0012938793879387763,0.0014063906390638266,0.8975409836065631,9,45,1,5,True,False,True,False,False,False,False,True,False,False,0.000900090009000801,0.00028127812781272534,0.001068856885688476,0.0,0.0027002700270026027,0.0018001800180018018,0.009169666966696684,0.007932043204320333,0.013726372637263715,0.012151215121512212,0.013726372637263715,0.012319981998199888
23bf026749558345aa03ea52,LINKUSDT,3,2025-11-09T18:55:00Z,2025-11-09T19:00:00Z,15.938,16.082,-0.009035010666332045,0.004705734722048003,0.009285983184841128,0.013740745388380047,-1.9199999999999744,4,20,12,60,True,True,False,False,True,True,True,False,True,False,0.0009411469444096228,-0.001066633203664165,0.0014430919814281255,0.0011293763332915474,0.0029489270924834103,0.0026352114443468325,0.004705734722048003,-0.0026352114443468325,0.004705734722048003,-0.003639101518383726,0.004705734722048003,-0.009035010666332045
0719eefa12aebafc2482a544,ETHUSDT,3,2025-11-09T21:55:00Z,2025-11-09T22:00:00Z,3579.47,3586.1,-0.00185222952001277,0.004581683880574397,0.00405926016980173,0.006433913400587167,-0.4042682926829425,8,40,12,60,True,True,False,False,True,True,True,False,True,False,0.0016035893582010137,0.0012906938736740052,0.0036597596850930195,0.0036066792011107385,0.0036597596850930195,0.0016399075840836468,0.0036597596850930195,0.0032071787164021544,0.004581683880574397,0.0021371879077069053,0.004581683880574397,-0.00185222952001277
08422d453fe43adb2201f459,ETHUSDT,3,2025-11-09T23:55:00Z,2025-11-10T00:00:00Z,3581.31,3634.14,-0.014751585313753885,0.0090553456696013,0.01971624908203985,0.023806930983355186,-1.6290471785383964,1,5,12,60,True,True,False,False,True,True,True,False,True,False,0.0090553456696013,0.005863776104274693,0.0090553456696013,0.002934680326472649,0.0090553456696013,0.0008293054776045078,0.0090553456696013,-0.0037779471757541793,0.0090553456696013,-0.013316356305374305,0.0090553456696013,-0.014751585313753885
29e370315699ad49319cdbd8,BTCUSDT,3,2025-11-10T01:55:00Z,2025-11-10T02:00:00Z,105683.0,105965.9,-0.0026768732908792727,0.0011789975681992925,0.0032417701995591137,0.003855870859078565,-2.27046548956646,2,10,12,60,True,True,False,False,True,True,True,False,True,False,0.0011733202123331095,0.0007200779690206165,0.0011789975681992925,-0.00013152541089857573,0.0011789975681992925,-0.001098568360095813,0.0011789975681992925,-0.00046459695504485885,0.0011789975681992925,0.00036240454945452824,0.0011789975681992925,-0.0026768732908792727
ea5a1efd03d98ad7cf1b06d0,ETHUSDT,3,2025-11-10T03:55:00Z,2025-11-10T04:00:00Z,3626.44,3615.98,0.002884371449686204,0.006739391800222823,0.0011774632973384316,0.003855020350536619,0.42798690671031153,6,30,3,15,True,False,True,True,True,False,False,True,False,False,0.0011857358731980074,0.0011829783479114402,0.0012243412272090685,-0.0004356889952680665,0.0012243412272090685,0.0004908395009982793,0.006739391800222823,0.005010423445583016,0.006739391800222823,0.00453888662159033,0.006739391800222823,0.002884371449686204
24d32733240998210cffad31,LINKUSDT,3,2025-11-10T05:55:00Z,2025-11-10T06:00:00Z,16.291,16.305,-0.0008593702044073013,0.006261125774967792,0.002332576269105657,0.007120495979375094,-0.1372549019607775,6,30,11,55,True,True,False,False,True,True,True,False,True,False,0.0014118224786691847,-0.0018415075808729444,0.0014118224786691847,0.0004296851022037597,0.0020870419249891916,0.0003683015161745889,0.006261125774967792,0.0031305628874840055,0.006261125774967792,0.0009207537904364722,0.006261125774967792,-0.0008593702044073013
9cafb781d854237e66a3bc72,XRPUSDT,3,2025-11-10T06:55:00Z,2025-11-10T07:00:00Z,2.4711,2.4793,-0.003318360244425554,0.0015782445064949993,0.008619643073934724,0.004896604750920553,-2.1025641025642106,5,25,10,50,True,True,False,False,True,True,True,False,True,False,0.0010521630043299397,-0.002104326008660239,0.0010521630043299397,-0.005422686253085792,0.0010521630043299397,-0.003925377362308301,0.0015782445064949993,-0.0008093561571770563,0.0015782445064949993,-0.005625025292379922,0.0015782445064949993,-0.003318360244425554
499bf637e50d1ab1df2c6e73,SOLUSDT,3,2025-11-10T07:55:00Z,2025-11-10T08:00:00Z,167.27,166.54,0.004364201590243428,0.00753273151192694,0.0004184850839958939,0.0031685299216835123,0.579365079365085,9,45,1,5,True,False,True,True,False,False,False,True,False,False,0.0010163209182759364,0.0001793507502839788,0.0028098284211155546,0.002391343337119661,0.004603335923955343,0.004065283673103407,0.004782686674239322,0.001793507502839788,0.00753273151192694,0.005858791175943194,0.00753273151192694,0.004364201590243428
9dfb58375cfdfa24a048744a,DOGEUSDT,3,2025-11-10T11:55:00Z,2025-11-10T12:00:00Z,0.18291,0.18192,0.005412497949811333,0.008966158219889577,0.0007654037504783841,0.0035536602700782438,0.6036585365853594,2,10,1,5,True,False,True,True,False,False,False,True,False,False,0.008364769558799277,0.006505931879066189,0.008966158219889577,0.0050844677710348615,0.008966158219889577,0.004100377234705597,0.008966158219889577,0.004319064020556477,0.008966158219889577,0.004100377234705597,0.008966158219889577,0.005412497949811333
f79caa1ebf609f85b06cb2ad,AVAXUSDT,3,2025-11-10T12:55:00Z,2025-11-10T13:00:00Z,18.124,18.238,-0.006290002207018361,0.0006621054954756376,0.011255793423085447,0.006952107702493999,-9.499999999999703,1,5,8,40,True,True,False,False,True,True,True,False,True,False,0.0006621054954756376,-0.004469212094460357,0.0006621054954756376,-0.007724564113882177,0.0006621054954756376,-0.004248510262635276,0.0006621054954756376,-0.005793423085411632,0.0006621054954756376,-0.007117634076362908,0.0006621054954756376,-0.006290002207018361
f3d407fe3ec5ed32df227624,XRPUSDT,3,2025-11-10T13:55:00Z,2025-11-10T14:00:00Z,2.5553,2.5084,0.018354009313974854,0.022893593707196805,0.0018393143662192887,0.004539584393221951,0.8017094017094009,11,55,4,20,True,False,True,False,False,False,False,True,False,False,0.0042656439556998825,0.003443822643133847,0.004578718741439292,0.002543732634132959,0.004578718741439292,0.001917583062654141,0.004578718741439292,0.002152389151958698,0.009900990099009941,0.007239854420224616,0.022893593707196805,0.018354009313974854
fea3a1d2468cc606820c7fdd,ADAUSDT,3,2025-11-10T17:55:00Z,2025-11-10T18:00:00Z,0.5867,0.5837,0.005113345832623151,0.005283790693710571,0.002215783194136642,0.00017044486108741975,0.9677419354838743,3,15,10,50,True,False,True,False,False,False,False,False,True,False,0.0023862280552240612,0.001874893471961803,0.0034088972217487675,0.0023862280552240612,0.005283790693710571,0.005113345832623151,0.005283790693710571,0.0023862280552240612,0.005283790693710571,0.0,0.005283790693710571,0.005113345832623151
1eb44a5a2066a3f15650fb47,DOGEUSDT,3,2025-11-10T20:55:00Z,2025-11-10T21:00:00Z,0.18018,0.17928,0.004995004995005061,0.011488511488511578,0.00022200022200013591,0.006493506493506517,0.4347826086956545,10,50,1,5,True,False,True,True,True,False,False,True,False,False,0.0051060051060051286,0.0051060051060051286,0.008158508158508153,0.006937506937506943,0.008158508158508153,0.005550005550005554,0.009213009213009184,0.008103008103008196,0.010711510711510795,0.006271506271506381,0.011488511488511578,0.004995004995005061
901f78f81b0bcdb1def0e526,SOLUSDT,3,2025-11-10T22:55:00Z,2025-11-10T23:00:00Z,167.56,167.24,0.0019097636667461994,0.0028049653855335335,0.0027452852709477678,0.0008952017187873341,0.6808510638297743,8,40,10,50,True,False,True,True,False,False,False,False,True,False,0.0021484841250896014,0.002088804010503666,0.0021484841250896014,0.0006564812604441015,0.0021484841250896014,-0.00011936022917170108,0.0021484841250896014,-0.0011339221771305666,0.0028049653855335335,-0.0001790403437574668,0.0028049653855335335,0.0019097636667461994
4b3f065517d961559b5ac11f,BTCUSDT,3,2025-11-11T01:55:00Z,2025-11-11T02:00:00Z,106047.5,106595.8,-0.005170324618685051,0.004846884650746128,0.009923854876352523,0.010017209269431178,-1.0667315175097332,2,10,8,40,True,True,False,False,True,True,True,False,True,False,0.0023942101416817387,0.001709611259105617,0.004846884650746128,0.002008533911690516,0.004846884650746128,-0.0007892689596642739,0.004846884650746128,-0.0025743181121667177,0.004846884650746128,-0.006623447040241346,0.004846884650746128,-0.005170324618685051
0e9df37b5d8a13a71b47b65d,BTCUSDT,3,2025-11-11T02:55:00Z,2025-11-11T03:00:00Z,106595.8,106407.3,0.0017683623557400948,0.002751515538135676,0.0041812153949780115,0.0009831531823955813,0.6426866689396459,10,50,5,25,True,False,True,True,False,False,False,True,False,False,0.00048782409813519857,-0.0006285425879818904,0.00048782409813519857,-0.0019156477084462716,0.00048782409813519857,-0.002327483822064202,0.00048782409813519857,-0.0011426341375551654,0.0025404378033656383,0.0020863861427937004,0.002751515538135676,0.0017683623557400948
c8c458bab1aac64d735aa6ed,SOLUSDT,3,2025-11-11T03:55:00Z,2025-11-11T04:00:00Z,169.84,166.8,0.01789919924634946,0.020254357041921797,0.0009420631182289012,0.0023551577955723373,0.8837209302325564,12,60,2,10,True,False,True,False,False,False,False,True,False,False,0.0007065473386717178,5.887894488925403e-05,0.0014719736222326895,-0.0008243052284502259,0.006241168158266617,0.005711257654262829,0.008184173339613842,0.007477626000942123,0.013424399434762136,0.012070183702308121,0.020254357041921797,0.01789919924634946
b8d44a7928b63132cfeb3c93,BNBUSDT,3,2025-11-12T01:55:00Z,2025-11-12T02:00:00Z,963.57,961.01,0.002656786740973732,0.005977770167190867,0.001068941540313597,0.0033209834262171354,0.44444444444444664,7,35,2,10,True,False,True,True,True,False,False,True,False,False,0.001110453833141391,0.0009028923690027756,0.001110453833141391,-0.0003217202694147238,0.001110453833141391,0.0,0.0025737621553182624,0.0012765030044522123,0.005977770167190867,0.0030096412300093306,0.005977770167190867,0.002656786740973732
4b19ffc3f1ace1f5441dc2e4,LINKUSDT,3,2025-11-12T05:55:00Z,2025-11-12T06:00:00Z,15.403,15.408,-0.00032461208855411315,0.0014282931896383978,0.00798545737843273,0.001752905278192511,-0.22727272727267955,1,5,6,30,True,True,False,False,True,True,True,False,True,False,0.0014282931896383978,-0.001558138025059997,0.0014282931896383978,-0.002921508796987595,0.0014282931896383978,-0.002921508796987595,0.0014282931896383978,-0.007206388365902673,0.0014282931896383978,-0.00584301759397519,0.0014282931896383978,-0.00032461208855411315
1c301d270b804f83807bd642,AVAXUSDT,3,2025-11-12T06:55:00Z,2025-11-12T07:00:00Z,17.269,17.129,0.008107012565869305,0.009380971683363198,0.004922114772135089,0.001273959117493893,0.8641975308641842,12,60,3,15,True,False,True,False,False,False,False,True,False,False,0.002258382071920663,0.0007527940239734857,0.002258382071920663,-0.0022004748393074447,0.002258382071920663,-0.003184897793734627,0.002258382071920663,-0.000231628930453491,0.002258382071920663,0.0007527940239734857,0.009380971683363198,0.008107012565869305
1b06fe0810bddf1d7c61ad4d,SUIUSDT,3,2025-11-12T08:55:00Z,2025-11-12T09:00:00Z,2.0364,2.0502,-0.006776664702415936,0.0006874877234334344,0.010459634649381308,0.0074641524258493705,-9.857142857143808,1,5,5,25,True,True,False,False,True,True,True,False,True,False,0.0006874877234334344,-0.0030445884894913598,0.0006874877234334344,-0.0035356511490866704,0.0006874877234334344,-0.006825770968375576,0.0006874877234334344,-0.006973089766254279,0.0006874877234334344,-0.007365939893930527,0.0006874877234334344,-0.006776664702415936
285a99a4b70675687fabd1a7,XRPUSDT,3,2025-11-12T09:55:00Z,2025-11-12T10:00:00Z,2.4185,2.4215,-0.0012404382881952094,0.001529873888773957,0.004672317552201906,0.0027703121769691664,-0.8108108108108821,3,15,7,35,True,True,False,False,True,True,True,False,True,False,0.0009510026876162782,-0.0004961753152781939,0.0014058300599545462,0.0002480876576390051,0.001529873888773957,-0.00041347942939852554,0.001529873888773957,-0.001984701261112225,0.001529873888773957,-0.0018193094893528881,0.001529873888773957,-0.0012404382881952094
ea59bf96b548d3c559e9acba,LTCUSDT,3,2025-11-12T10:55:00Z,2025-11-12T11:00:00Z,102.19,102.0,0.0018592817301105562,0.0055778451903316685,0.006458557588805133,0.0037185634602211123,0.3333333333333333,8,40,3,15,True,False,True,True,True,False,False,True,False,False,0.000978569331637091,-0.00019571386632739036,0.000978569331637091,-0.0021528525296017112,0.000978569331637091,-0.0030335649280751765,0.0018592817301105562,0.0011742831979646203,0.0055778451903316685,0.003131421861238802,0.0055778451903316685,0.0018592817301105562
7e42203c4d38ca8df56fcd6c,LTCUSDT,3,2025-11-12T11:55:00Z,2025-11-12T12:00:00Z,102.0,102.69,-0.006764705882352919,0.003529411764705877,0.010588235294117631,0.010294117647058796,-1.9166666666666634,2,10,12,60,True,True,False,False,True,True,True,False,True,False,0.0027450980392156976,0.0016666666666666835,0.003529411764705877,0.0,0.003529411764705877,-0.0011764705882353387,0.003529411764705877,-0.005686274509803905,0.003529411764705877,-0.003039215686274532,0.003529411764705877,-0.006764705882352919
8e120ac0742d78bbcffb2125,SOLUSDT,3,2025-11-12T12:55:00Z,2025-11-12T13:00:00Z,159.75,160.47,-0.00450704225352112,0.0067605633802817686,0.00757433489827861,0.011267605633802889,-0.666666666666658,4,20,10,50,True,True,False,False,True,True,True,False,True,False,0.002441314553990525,0.0005633802816901622,0.003693270735524278,0.0034428794992175985,0.003693270735524278,0.00212832550860722,0.0067605633802817686,-0.0008137715179968416,0.0067605633802817686,-0.0051330203442879075,0.0067605633802817686,-0.00450704225352112
dc084c905b0be79c584be944,SOLUSDT,3,2025-11-12T13:55:00Z,2025-11-12T14:00:00Z,160.47,158.5,0.012276437963482264,0.02125007789617995,0.003178164142830379,0.008973639932697685,0.5777126099706748,10,50,4,20,True,False,True,True,False,False,False,True,False,False,0.002928896366922159,0.002305726927151521,0.003614382750669985,0.0014956066554496735,0.003614382750669985,-0.0018695083193120917,0.003614382750669985,0.0008101202717018474,0.007166448557362782,0.004549136910325854,0.02125007789617995,0.012276437963482264
6f8098538900f506b4e084cb,BTCUSDT,3,2025-11-13T01:55:00Z,2025-11-13T02:00:00Z,101960.1,102015.0,-0.0005384459214927621,0.00038250256718069125,0.0033336569893516596,0.0009209484886734534,-1.4076923076921584,1,5,8,40,True,True,False,False,True,True,True,False,True,False,0.00038250256718069125,-0.0010778726187988651,0.00038250256718069125,-0.0013730861385973531,0.00038250256718069125,-0.0017457809476452062,0.00038250256718069125,9.121215063542414e-05,0.00038250256718069125,-0.001109257444823919,0.00038250256718069125,-0.0005384459214927621
9833d9bc8560735ab3c9312d,BTCUSDT,3,2025-11-13T03:55:00Z,2025-11-13T04:00:00Z,102088.0,102067.2,0.00020374578794768152,0.0047586396050466545,0.0029680275840451376,0.004554893817098973,0.04281597365171426,2,10,6,30,True,False,True,True,True,True,False,False,True,False,0.0033667032364234494,0.0016701277329362902,0.0047586396050466545,0.0028788888018179823,0.0047586396050466545,0.0011940678630200825,0.0047586396050466545,-4.897735287203197e-05,0.0047586396050466545,0.0013223885275448633,0.0047586396050466545,0.00020374578794768152
870d35b6663ac88663428fd2,BTCUSDT,3,2025-11-13T04:55:00Z,2025-11-13T05:00:00Z,102067.2,103097.5,-0.010094330010032635,0.003517290569350389,0.0127954915976925,0.013611620579383024,-2.869916434540398,3,15,12,60,True,True,False,False,True,True,True,False,True,False,0.0014127947078003227,0.0009719087032856499,0.0016067845497868072,0.00108164033107594,0.003517290569350389,0.0024033185979433444,0.003517290569350389,-0.0014421871081013009,0.003517290569350389,-0.004487239779282668,0.003517290569350389,-0.010094330010032635
b0d8d16e4060c844743d931b,BTCUSDT,3,2025-11-13T05:55:00Z,2025-11-13T06:00:00Z,103097.8,103555.0,-0.004434624211185855,0.002209552483176197,0.005517091538325773,0.006644176694362052,-2.007023705004351,1,5,12,60,True,True,False,False,True,True,True,False,True,False,0.002209552483176197,0.0016295207075223718,0.002209552483176197,0.000989351858138583,0.002209552483176197,-0.00041610975209940636,0.002209552483176197,-0.004332779166965707,0.002209552483176197,-0.0032668010374615453,0.002209552483176197,-0.004434624211185855
d9f5c46edcc8cdfa283d619f,XRPUSDT,3,2025-11-13T06:55:00Z,2025-11-13T07:00:00Z,2.5009,2.4863,0.005837898356591694,0.007917149826062633,0.007197408932784115,0.0020792514694709394,0.7373737373737443,12,60,4,20,True,False,True,True,False,False,False,True,False,False,0.0011595825502818595,0.0011195969450998183,0.0015994242072853786,-0.0035187332560277975,0.0015994242072853786,-0.005278099884041696,0.0015994242072853786,-0.004038546123395576,0.004278459754488356,0.002599064336838718,0.007917149826062633,0.005837898356591694
44cf34c340b7d246a01cf0ff,ETHUSDT,3,2025-11-13T07:55:00Z,2025-11-13T08:00:00Z,3537.16,3522.85,0.004045618518811687,0.005275418697486078,0.003347318187472477,0.001229800178674391,0.7668810289389099,12,60,2,10,True,False,True,False,False,False,False,True,False,False,0.0015916724151578256,-0.0020638025986950497,0.0015916724151578256,-0.002029877076524752,0.0015916724151578256,0.00016114623030897922,0.0015916724151578256,-0.0012354544323695694,0.0015916724151578256,-0.0022136403216139297,0.005275418697486078,0.004045618518811687
a8221d287dfbd43257af3601,XRPUSDT,3,2025-11-13T08:55:00Z,2025-11-13T09:00:00Z,2.5002,2.4976,0.0010399168066555307,0.011519078473722077,0.0038396928245739664,0.010479161667066547,0.09027777777778345,3,15,6,30,True,False,True,True,True,True,False,False,True,False,0.0007199424046075521,0.0005199584033277653,0.01059915206783456,0.010159187265018745,0.011519078473722077,0.005919526437885028,0.011519078473722077,0.0008399328053755663,0.011519078473722077,-0.0005199584033277653,0.011519078473722077,0.0010399168066555307
d9d0068d8d430a316be55c22,ETHUSDT,3,2025-11-13T10:55:00Z,2025-11-13T11:00:00Z,3504.12,3499.98,0.0011814663881373562,0.003213360273049942,0.0036842345581773197,0.002031893884912586,0.3676731793960888,8,40,2,10,True,False,True,True,True,False,False,True,False,False,0.0003253313242696805,-0.0018463979544080268,0.0003253313242696805,-0.002254489001518239,0.0003253313242696805,-0.0015067977124071665,0.0019519879456182125,0.000853281280321388,0.003213360273049942,-0.0007334223713800223,0.003213360273049942,0.0011814663881373562
9fbd950b4e571521a8fab818,ADAUSDT,3,2025-11-13T11:55:00Z,2025-11-13T12:00:00Z,0.5645,0.566,-0.0026572187776792663,0.005137289636846791,0.004251550044286905,0.007794508414526058,-0.5172413793103238,2,10,10,50,True,True,False,False,True,True,True,False,True,False,0.0017714791851195764,0.000531443755535814,0.005137289636846791,0.0037201062887510907,0.005137289636846791,0.004251550044286905,0.005137289636846791,0.00230292294065539,0.005137289636846791,0.0007085916740477519,0.005137289636846791,-0.0026572187776792663
02ba69a9c3c0a993451f5c2e,LTCUSDT,3,2025-11-14T02:55:00Z,2025-11-14T03:00:00Z,96.24,96.31,-0.0007273482959269264,0.0064422277639234245,0.0023898586866168327,0.007169576059850351,-0.1129032258064653,9,45,2,10,True,True,False,False,True,True,True,True,False,False,0.002182044887780484,0.001246882793017356,0.0032211138819616385,-0.002078137988362457,0.0032211138819616385,-0.0006234413965087518,0.004571903574397317,0.0019742310889442824,0.0064422277639234245,0.005507065669160444,0.0064422277639234245,-0.0007273482959269264
1cf36892212990fba39fb1c7,DOGEUSDT,3,2025-11-14T10:55:00Z,2025-11-14T11:00:00Z,0.16318,0.16199,0.007292560362789537,0.015688197082975728,0.0013482044368182252,0.00839563672018619,0.46484375000000244,9,45,2,10,True,False,True,True,True,False,False,True,False,False,0.0011643583772520882,-0.000612820198553847,0.008150508640764787,0.006924868243657263,0.009498713077583012,0.00753768844221094,0.010601789434979664,0.008273072680475488,0.015688197082975728,0.009927687216570552,0.015688197082975728,0.007292560362789537
f51eca6614a38fe37eb2e044,DOGEUSDT,3,2025-11-14T19:55:00Z,2025-11-14T20:00:00Z,0.16322,0.15882,0.026957480700894588,0.0343095208920475,0.0006739370175223563,0.007352040191152914,0.7857142857142893,10,50,1,5,True,False,True,False,False,False,False,True,False,False,0.0021443450557530755,0.001041539027080036,0.003921088101948301,0.0032471510844259447,0.006555569170444892,0.006004166156108373,0.012253400318588419,0.011579463301066063,0.03381938487930399,0.03069476779806405,0.0343095208920475,0.026957480700894588
e0cb8583a61d1f9e7c0d6b16,BNBUSDT,3,2025-11-14T21:55:00Z,2025-11-14T22:00:00Z,926.08,923.42,0.0028723220456116985,0.0060038009675190684,0.003973738769868639,0.00313147892190737,0.47841726618706,12,60,2,10,True,False,True,True,True,False,False,True,False,False,0.0001187802349689159,-0.0033258465791291543,0.0001187802349689159,-0.0018788873531444465,0.0046540255701451915,0.004448859709744304,0.005150742916378817,-0.0004967173462335033,0.005150742916378817,-0.000853058051140251,0.0060038009675190684,0.0028723220456116985
2d12086606f1ca00ec9163cc,BNBUSDT,3,2025-11-15T00:55:00Z,2025-11-15T01:00:00Z,923.09,929.11,-0.0065215742776977125,0.003639948434063865,0.00835238167459286,0.010161522711761578,-1.791666666666654,2,10,12,60,True,True,False,False,True,True,True,False,True,False,0.001939139195528147,0.0018524737566218206,0.003639948434063865,-0.0005091594535743141,0.003639948434063865,-0.0015058120009966377,0.003639948434063865,-0.002069137353887452,0.003639948434063865,-0.005091594535744003,0.003639948434063865,-0.0065215742776977125
e9b5c6e88964ef41b70af7b9,SUIUSDT,3,2025-11-15T05:55:00Z,2025-11-15T06:00:00Z,1.7962,1.7954,0.0004453847010354704,0.0019485580670304302,0.005622981850573432,0.0015031733659949598,0.22857142857139956,10,50,8,40,True,False,True,True,True,True,False,True,False,False,0.001670192628883261,0.0014475002783654023,0.0018372118917715625,-0.000278365438147169,0.0018372118917715625,-0.000723750139182763,0.0018372118917715625,-0.002783654381471937,0.0018372118917715625,-0.0003340385257766028,0.0019485580670304302,0.0004453847010354704
5d83a923fe08cf9b5fc0fbfa,BNBUSDT,3,2025-11-15T09:55:00Z,2025-11-15T10:00:00Z,935.07,936.74,-0.0017859625482583752,0.005304415712192708,0.0025238752178980183,0.007090378260451084,-0.33669354838708604,3,15,12,60,True,True,False,False,True,True,True,False,True,False,0.0021067941437539726,0.0016148523639942511,0.0030265113841744904,0.0028019292673275844,0.005304415712192708,0.0022137380089191716,0.005304415712192708,-0.0006523575775074593,0.005304415712192708,-0.0013902702471472238,0.005304415712192708,-0.0017859625482583752
a51e79d96900e795bb41b1b8,AVAXUSDT,3,2025-11-15T10:55:00Z,2025-11-15T11:00:00Z,15.495,15.446,0.0031623104227169727,0.0058083252662148996,0.0028396256857050974,0.002646014843497927,0.5444444444444396,10,50,3,15,True,False,True,True,False,False,False,True,False,False,0.00038722168441422726,-0.0003226847370119898,0.0016779606324620717,0.0001936108422070563,0.0016779606324620717,-0.0010971281058406736,0.0016779606324620717,-0.0017424975798645385,0.0025169409486931076,0.001613423685059605,0.0058083252662148996,0.0031623104227169727
a97b217f335f89b0b1f149be,AVAXUSDT,3,2025-11-15T12:55:00Z,2025-11-15T13:00:00Z,15.581,15.594,-0.0008343495282716065,0.0032732173801424914,0.004813554970797835,0.004107566908414098,-0.254901960784311,11,55,6,30,True,True,False,False,True,True,True,True,False,False,0.0019896027212630003,-0.0011552531929915077,0.0019896027212630003,-0.0004492651306077706,0.0019896027212630003,-0.00025672293177596663,0.0019896027212630003,-0.0017328797894872617,0.0019896027212630003,0.001283614658879377,0.0032732173801424914,-0.0008343495282716065
a48a0326f4c1fe36690a4acc,AVAXUSDT,3,2025-11-15T15:55:00Z,2025-11-15T16:00:00Z,15.607,15.578,0.0018581405779457881,0.007881079003011427,0.000768885756391392,0.006022938425065639,0.2357723577235778,7,35,1,5,True,False,True,True,True,True,False,True,False,False,0.0015377715127826701,0.000640738130326122,0.006407381303261335,0.0037803549689241545,0.006407381303261335,0.004228871660152429,0.007752931376946157,0.007048119433587457,0.007881079003011427,0.0032677644646633025,0.007881079003011427,0.0018581405779457881
6dbc5253567bc7c146ac2223,ETHUSDT,3,2025-11-15T18:55:00Z,2025-11-15T19:00:00Z,3207.15,3196.7,0.003258344636203568,0.004988853031507725,0.001930062516564568,0.001730508395304157,0.653125000000017,10,50,2,10,True,False,True,True,False,False,False,True,False,False,0.0009385279765524588,-0.0005175935020188811,0.0009385279765524588,-0.0011287279983785887,0.0009385279765524588,-0.0010258329046037645,0.0031648036418627412,0.0019207084171305705,0.0046115710209999414,0.0033830659619911475,0.004988853031507725,0.003258344636203568
11d6b72a22194edec6794458,BNBUSDT,3,2025-11-16T02:55:00Z,2025-11-16T03:00:00Z,940.34,941.57,-0.0013080375183444478,0.003753961333134915,0.001871663440883075,0.0050619988514793626,-0.34844192634560567,3,15,11,55,True,True,False,False,True,True,True,False,True,False,0.002786226258587324,0.0025629027798456747,0.003275411021545442,0.0023076759469979717,0.003753961333134915,0.0028181296126932568,0.003753961333134915,-0.0002658612842163473,0.003753961333134915,-0.0003190335410595684,0.003753961333134915,-0.0013080375183444478
223d5532bd8901020db92a2f,LTCUSDT,3,2025-11-16T03:55:00Z,2025-11-16T04:00:00Z,102.43,102.0,0.004197988870448177,0.005760031240847441,0.004881382407497803,0.0015620423703992638,0.7288135593220412,11,55,3,15,True,False,True,True,False,False,False,True,False,False,0.0006833935370497646,-9.762764814986727e-05,0.0022454359074490283,-0.0014644147222492576,0.0022454359074490283,-0.001073904129649511,0.0022454359074490283,-0.0013667870740992516,0.0034169676852485453,0.002343063555599034,0.005760031240847441,0.004197988870448177
79dab753aa5705dafd3d9708,SOLUSDT,3,2025-11-16T04:55:00Z,2025-11-16T05:00:00Z,141.25,141.4,-0.0010619469026549074,0.0005663716814160178,0.0064424778761061705,0.0016283185840709252,-1.8749999999997777,1,5,4,20,True,True,False,False,True,True,True,False,True,False,0.0005663716814160178,-0.0028318584070796864,0.0005663716814160178,-0.002902654867256613,0.0005663716814160178,-0.0049557522123893,0.0005663716814160178,-0.0028318584070796864,0.0005663716814160178,-0.0014867256637168705,0.0005663716814160178,-0.0010619469026549074
9e4900b756344d55568b1819,AVAXUSDT,3,2025-11-16T05:55:00Z,2025-11-16T06:00:00Z,15.653,15.616,0.002363764134670722,0.003322046891969565,0.0031942758576629995,0.000958282757298843,0.7115384615384827,12,60,3,15,True,False,True,True,False,False,False,True,False,False,0.0008943972401457307,-0.0007666262058390518,0.0008943972401457307,-0.0016610234459847825,0.0008943972401457307,-0.0022359931003641566,0.0008943972401457307,-0.0012777103430651998,0.0008943972401457307,-0.0005110841372260345,0.003322046891969565,0.002363764134670722
78df9f42d5209ef7aea59156,ETHUSDT,3,2025-11-16T06:55:00Z,2025-11-16T07:00:00Z,3199.9,3218.21,-0.005722053814181676,0.000703146973342917,0.00620331885371415,0.006425200787524592,-8.137777777777753,1,5,12,60,True,True,False,False,True,True,True,False,True,False,0.000703146973342917,-2.812587893362004e-05,0.000703146973342917,-0.0023031969749054315,0.000703146973342917,-0.0016563017594298968,0.000703146973342917,-0.001443795118597422,0.000703146973342917,-0.003146973342916875,0.000703146973342917,-0.005722053814181676
f6e37a42d5beba79e6bb8177,LINKUSDT,3,2025-11-16T07:55:00Z,2025-11-16T08:00:00Z,14.329,14.294,0.002442598925256483,0.006420545746388479,0.0036290041175238747,0.003977946821131997,0.38043478260869507,4,20,7,35,True,False,True,True,True,False,False,False,True,False,0.0027915416288646047,0.0027915416288646047,0.004466466606183268,0.0025821760066997565,0.004466466606183268,0.004187312443296845,0.006420545746388479,0.000767673947937819,0.006420545746388479,0.0017447135180403625,0.006420545746388479,0.002442598925256483
0f3733933ea05f52dae3931d,BNBUSDT,3,2025-11-16T12:55:00Z,2025-11-16T13:00:00Z,933.22,930.28,0.0031503825464521277,0.007736653736525178,0.0013823107091575015,0.0045862711900730505,0.40720221606648804,10,50,4,20,True,False,True,True,True,False,False,True,False,False,0.0007179443218105835,5.357793446354365e-05,0.002828914939671231,-0.0005893572790981274,0.002828914939671231,-0.0004393390626004245,0.002828914939671231,0.002743190244529756,0.005304215511883635,0.005143481708493247,0.007736653736525178,0.0031503825464521277
adde329adf7e20f806419eb9,BNBUSDT,3,2025-11-16T19:55:00Z,2025-11-16T20:00:00Z,920.19,920.14,5.4336604396992154e-05,0.0012823438637673346,0.006716004303459013,0.0012280072593703424,0.04237288135598773,1,5,6,30,True,False,True,True,True,True,False,False,True,False,0.0012823438637673346,-0.0014236190351991928,0.0012823438637673346,-0.003488410002282053,0.0012823438637673346,-0.0026950955780870303,0.0012823438637673346,-0.005422793118812305,0.0012823438637673346,-0.003836164270422383,0.0012823438637673346,5.4336604396992154e-05
3b2e7a00788141754c295de2,BTCUSDT,3,2025-11-16T20:55:00Z,2025-11-16T21:00:00Z,94051.1,93472.9,0.006147721823561996,0.008145571928451723,0.0012801551497004732,0.001997850104889727,0.7547317582561117,9,45,1,5,True,False,True,False,False,False,False,True,False,False,0.002552867536902873,0.002243461267332333,0.0052747921076947086,0.003354559383143844,0.0052747921076947086,0.003248234204597288,0.0052747921076947086,0.004283841443640837,0.008145571928451723,0.006328474627091141,0.008145571928451723,0.006147721823561996
d757be61b0a7d4bb0c6bbc64,BNBUSDT,3,2025-11-17T02:55:00Z,2025-11-17T03:00:00Z,931.09,935.2,-0.004414181228452688,0.000408123811876398,0.010149394795347315,0.004822305040329086,-10.815789473684376,1,5,4,20,True,True,False,False,True,True,True,False,True,False,0.000408123811876398,0.00011814110343792076,0.000408123811876398,-0.0013639927396921691,0.000408123811876398,-0.008796142155967673,0.000408123811876398,-0.00640109978627192,0.000408123811876398,-0.004253079723764537,0.000408123811876398,-0.004414181228452688
f32cab9891767c7dbf68b959,AVAXUSDT,3,2025-11-17T03:55:00Z,2025-11-17T04:00:00Z,15.538,15.559,-0.001351525292830417,0.0,0.009267602007980442,0.001351525292830417,,1,5,6,30,False,False,False,False,False,False,False,False,True,False,0.0,-0.004505084309434952,0.0,-0.004826876045823098,0.0,-0.004440725962157231,0.0,-0.008430943493371104,0.0,-0.0077873600205947,0.0,-0.001351525292830417
23f54da209705199006061ce,XRPUSDT,3,2025-11-17T04:55:00Z,2025-11-17T05:00:00Z,2.251,2.2529,-0.0008440693025322136,0.005553087516659144,0.0017769880053309657,0.006397156819191358,-0.15200000000000427,5,25,12,60,True,True,False,False,True,True,True,False,True,False,0.0008884940026653842,0.0004442470013326921,0.0033318525099954865,0.003287427809862316,0.003420701910262025,0.0025766326077298115,0.005553087516659144,-0.0011106175033318288,0.005553087516659144,0.001554864504664521,0.005553087516659144,-0.0008440693025322136
ee5afaea5f720b88c73b5daa,XRPUSDT,3,2025-11-17T05:55:00Z,2025-11-17T06:00:00Z,2.2529,2.2607,-0.003462204270051946,0.002041812774645984,0.004793821296995048,0.00550401704469793,-1.6956521739130728,3,15,11,55,True,True,False,False,True,True,True,False,True,False,0.0001331617026941919,-0.0004438723423143015,0.0002219361711570522,-4.438723423152871e-05,0.002041812774645984,0.0001775489369257206,0.002041812774645984,-0.002973944693506116,0.002041812774645984,-0.0008433574503972714,0.002041812774645984,-0.003462204270051946
5528cf378781db200444cc90,AVAXUSDT,3,2025-11-17T06:55:00Z,2025-11-17T07:00:00Z,15.731,15.63,0.006420443709872169,0.007691818701926161,0.002097768736888912,0.0012713749920539915,0.8347107438016425,12,60,5,25,True,False,True,False,False,False,False,True,False,False,0.0015256499904646324,-0.0005721187464242795,0.004640518720996784,0.0013985124912593123,0.004640518720996784,0.0014620812408619724,0.004640518720996784,0.0026063187337105314,0.004640518720996784,0.003178437480134811,0.007691818701926161,0.006420443709872169
87e15897bfbf6fef982cd9a5,XRPUSDT,3,2025-11-17T07:55:00Z,2025-11-17T08:00:00Z,2.2631,2.2654,-0.0010163050682691745,0.0008395563607441177,0.0046396535725332306,0.0018558614290132922,-1.210526315789449,4,20,5,25,True,True,False,False,True,True,True,False,True,False,0.00044187176881264184,-0.001634925544606873,0.0007953691838629516,0.0007069948301004233,0.0007953691838629516,0.0003534974150501135,0.0008395563607441177,-0.0029163536741636325,0.0008395563607441177,-0.0011046794220317029,0.0008395563607441177,-0.0010163050682691745
3535ce89b3ea44aae5ecff62,LINKUSDT,3,2025-11-17T08:55:00Z,2025-11-17T09:00:00Z,14.059,14.09,-0.0022049932427626847,0.002987410199871955,0.006472722099722675,0.00519240344263464,-0.7380952380952552,1,5,4,20,True,True,False,False,True,True,True,False,True,False,0.002987410199871955,0.0013514474713706614,0.002987410199871955,0.0002845152571306323,0.002987410199871955,-0.0010669322142400292,0.002987410199871955,-0.0038409559712639786,0.002987410199871955,-0.0039120847855467315,0.002987410199871955,-0.0022049932427626847
7aff729ea12ddc3a53b4f967,ETHUSDT,3,2025-11-17T09:55:00Z,2025-11-17T10:00:00Z,3193.81,3195.54,-0.0005416727983192545,0.0011929325789574038,0.004129863705104579,0.0017346053772766584,-0.45406824146982755,7,35,3,15,True,True,False,False,True,True,True,True,False,False,0.0001972565681740959,-0.0008579095187253583,0.0001972565681740959,-0.0012305052586095717,0.0001972565681740959,-0.0034566865280025935,0.0005009690620293346,-0.00012837332214497873,0.0011929325789574038,-0.001296257448000937,0.0011929325789574038,-0.0005416727983192545
4fac10bedffcd48f0cfdf029,AVAXUSDT,3,2025-11-17T10:55:00Z,2025-11-17T11:00:00Z,15.647,15.609,0.0024285805585735447,0.0034511407937623997,0.004665431073049172,0.001022560235188855,0.7037037037037049,10,50,7,35,True,False,True,True,False,False,False,True,False,False,0.001022560235188855,0.0005112801175944843,0.0021729404997763596,-0.0001917300440979174,0.0021729404997763596,-0.0003834600881958348,0.0021729404997763596,-0.0003195500734964533,0.0021729404997763596,0.0015338403527833393,0.0034511407937623997,0.0024285805585735447
2a8024bbc934426a7929601c,DOGEUSDT,3,2025-11-18T07:55:00Z,2025-11-18T08:00:00Z,0.155,0.15724,-0.014451612903225755,0.00025806451612911125,0.015354838709677375,0.014709677419354866,-55.99999999998266,1,5,10,50,True,True,False,False,True,True,True,False,True,False,0.00025806451612911125,-0.004129032258064527,0.00025806451612911125,-0.005161290322580614,0.00025806451612911125,-0.0032258064516129063,0.00025806451612911125,-0.002967741935483795,0.00025806451612911125,-0.013806451612903245,0.00025806451612911125,-0.014451612903225755
6af22c3382c82e8f3c8f34e6,BNBUSDT,3,2025-11-18T09:55:00Z,2025-11-18T10:00:00Z,921.38,920.25,0.0012264212377086495,0.00371182356899429,0.0034839045779157746,0.0024854023312856407,0.3304093567251489,5,25,2,10,True,False,True,True,True,False,False,True,False,False,0.00045583798215715455,-0.0022140701990492127,0.0018233519286287416,0.0012372745229980967,0.002018711063839039,0.0018559117844972068,0.00371182356899429,0.002311749766654361,0.00371182356899429,0.0005752241203411977,0.00371182356899429,0.0012264212377086495
283a3ab2827a48b2195dcbc5,SOLUSDT,3,2025-11-18T10:55:00Z,2025-11-18T11:00:00Z,137.9,137.79,0.0007976794778826225,0.005221174764321964,0.0015953589557650388,0.004423495286439341,0.152777777777797,4,20,5,25,True,False,True,True,True,True,False,False,True,False,0.002828136330674509,0.0015228426395939663,0.0030456852791879326,0.002102973168962959,0.003625815808556925,0.002465554749818734,0.005221174764321964,-0.0002900652646844963,0.005221174764321964,-0.00050761421319792,0.005221174764321964,0.0007976794778826225
e4ab76855f7c5151a0e16147,XRPUSDT,3,2025-11-18T11:55:00Z,2025-11-18T12:00:00Z,2.1828,2.1862,-0.0015576323987539261,0.006138904159794694,0.005360087960417934,0.00769653655854862,-0.25373134328359004,3,15,10,50,True,True,False,False,True,True,True,False,True,False,0.002473886750961998,0.0015576323987539261,0.002702950339014118,0.0016492578339747333,0.006138904159794694,0.005268462525196923,0.006138904159794694,0.0038024555616638046,0.006138904159794694,-0.004764522631482585,0.006138904159794694,-0.0015576323987539261
fde18cdb7a5217c566590dcf,BTCUSDT,3,2025-11-18T16:55:00Z,2025-11-18T17:00:00Z,93447.2,93215.7,0.002477334794407965,0.007358165894751167,0.0017314590485322506,0.004880831100343202,0.3366783013379915,7,35,3,15,True,False,True,True,True,False,False,True,False,False,0.000937427766695966,-0.00016800931435074663,0.000937427766695966,-0.00040771687113156757,0.002082459399532477,0.001901608608925651,0.006961150253833181,0.005651319675709827,0.007358165894751167,0.0017603523701084677,0.007358165894751167,0.002477334794407965
871fe09dc7601e4fa257cce7,BTCUSDT,3,2025-11-18T18:55:00Z,2025-11-18T19:00:00Z,93290.7,93143.1,0.0015821512755289785,0.003655241090483832,0.0030581826484312254,0.0020730898149548533,0.432844574780033,11,55,8,40,True,False,True,True,True,False,False,True,False,False,0.001116938773103826,0.0008017948198480975,0.001116938773103826,-5.252399220939205e-05,0.001116938773103826,-0.0015607129113620738,0.001116938773103826,-0.0011716066017298929,0.0014106443621924936,0.0014106443621924936,0.003655241090483832,0.0015821512755289785
c577863eabbfccfdffc7b6c2,SUIUSDT,3,2025-11-18T19:55:00Z,2025-11-18T20:00:00Z,1.6879,1.6801,0.004621126844007364,0.006220747674625247,0.0027252799336453214,0.001599620830617883,0.7428571428571489,10,50,2,10,True,False,True,True,False,False,False,True,False,False,0.0007701878073344729,-0.0017181112625156258,0.0007701878073344729,-0.0019550921263108484,0.0017773564784642998,5.924521594880561e-05,0.0017773564784642998,-0.0015403756146690774,0.003495467740979926,0.0033177320931335086,0.006220747674625247,0.004621126844007364
dc35c205d60549d7c0903480,AVAXUSDT,3,2025-11-18T22:55:00Z,2025-11-18T23:00:00Z,14.659,14.58,0.005389180708097457,0.008117879800805071,0.00034108738658837607,0.0027286990927076144,0.663865546218484,11,55,1,5,True,False,True,True,False,False,False,True,False,False,0.001569001978306942,0.0010232621597653707,0.004365918548332086,0.003956613684425938,0.007162835118357352,0.005866703049321256,0.007162835118357352,0.005866703049321256,0.007162835118357352,0.0057302680946859546,0.008117879800805071,0.005389180708097457
5bf9a0a078458d5b44f22209,ETHUSDT,3,2025-11-19T10:55:00Z,2025-11-19T11:00:00Z,3091.04,3082.5,0.002762824162741331,0.004920673947926923,0.003390444639991724,0.002157849785185592,0.5614727153188654,12,60,4,20,True,False,True,True,False,False,False,True,False,False,0.0009576065013717184,0.0009479010300739674,0.0012908276825921961,-0.0008961385164863547,0.0012908276825921961,-0.002740178063046824,0.0016305191780112726,0.0016046379212174661,0.002756353848542879,0.00015205238366368599,0.004920673947926923,0.002762824162741331
0420eca9e2794c79e8602623,ETHUSDT,3,2025-11-19T11:55:00Z,2025-11-19T12:00:00Z,3082.5,3099.23,-0.005427412814274134,0.0008629359286293121,0.008107055961070489,0.006290348742903446,-6.2894736842108765,1,5,11,55,True,True,False,False,True,True,True,False,True,False,0.0008629359286293121,-0.0023876723438767647,0.0008629359286293121,-0.003331711273317107,0.0008629359286293121,-0.0013138686131387452,0.0008629359286293121,-0.0028191403081914207,0.0008629359286293121,-0.0036236820762368446,0.0008629359286293121,-0.005427412814274134
4ca36e8a5065ab8efdd73d76,ETHUSDT,3,2025-11-19T12:55:00Z,2025-11-19T13:00:00Z,3099.23,3065.8,0.010786550207632166,0.014116409559793885,0.0002065029055603723,0.003329859352161719,0.764114285714282,11,55,1,5,True,False,True,False,False,False,False,True,False,False,0.0029394397963365504,0.0026006459669014386,0.004288161898277947,0.0015584516154012213,0.004288161898277947,0.0029362131884370984,0.00513030656001655,0.0018875656211381243,0.010060563430271337,0.007559942308250706,0.014116409559793885,0.010786550207632166
fcaf5f2283bb397ab184e94f,AVAXUSDT,3,2025-11-19T23:55:00Z,2025-11-20T00:00:00Z,14.282,14.257,0.0017504551183307908,0.004481165102926765,0.002940764598795674,0.0027307099845959738,0.3906250000000052,1,5,8,40,True,False,True,True,True,False,False,False,True,False,0.004481165102926765,0.0020305279372636828,0.004481165102926765,0.0018204733230639827,0.004481165102926765,0.001330345889931391,0.004481165102926765,0.00042010922839939976,0.004481165102926765,-0.0007702002520654834,0.004481165102926765,0.0017504551183307908
87b0bc2b91541f6d2b335b92,XRPUSDT,3,2025-11-20T00:55:00Z,2025-11-20T01:00:00Z,2.1099,2.1259,-0.007583297786624965,0.0008531210009954243,0.010806199345940428,0.00843641878762039,-8.888888888887683,1,5,5,25,True,True,False,False,True,True,True,False,True,False,0.0008531210009954243,9.479122233280154e-05,0.0008531210009954243,-0.00639840750746484,0.0008531210009954243,-0.006303616285132039,0.0008531210009954243,-0.0062562206739655325,0.0008531210009954243,-0.008389023176453883,0.0008531210009954243,-0.007583297786624965
00dc2ca1383a93304333096b,LINKUSDT,3,2025-11-20T02:55:00Z,2025-11-20T03:00:00Z,13.651,13.65,7.325470661485941e-05,0.0019778770786022452,0.004029008863819479,0.001904622371987386,0.037037037037017544,8,40,5,25,True,False,True,True,True,True,False,True,False,False,0.0011720753058384011,0.00021976411984470835,0.0015383488389128282,0.0010988205992235418,0.0019046223719873857,0.000659292359534125,0.0019046223719873857,0.0010988205992235418,0.0019778770786022452,0.0003662735330744272,0.0019778770786022452,7.325470661485941e-05
3d7b5d0dd342627e41abf8a4,SOLUSDT,3,2025-11-20T03:55:00Z,2025-11-20T04:00:00Z,143.12,144.59,-0.010271101173840126,0.005380100614868713,0.011039686975964115,0.015651201788708838,-1.9090909090908823,4,20,12,60,True,True,False,False,True,True,True,False,True,False,0.0008384572386808591,-0.00020961430967021477,0.0025852431525992493,0.0009083286752375311,0.0025852431525992493,-0.00020961430967021477,0.005380100614868713,0.0014673001676915032,0.005380100614868713,-0.00013974287311334412,0.005380100614868713,-0.010271101173840126
8168bcaee60377889b93d6ff,SOLUSDT,3,2025-11-20T05:55:00Z,2025-11-20T06:00:00Z,144.05,142.78,0.008816383200277752,0.013328705310656132,0.0017355085039916693,0.004512322110378381,0.6614583333333331,11,55,1,5,True,False,True,True,False,False,False,True,False,False,0.0010413051023950412,0.00041652204095801645,0.0013884068031934538,0.0006942034015968256,0.0021520305449496857,0.0015966678236724622,0.005137105171815404,0.0027768136063867107,0.00853870183963914,0.007913918778202115,0.013328705310656132,0.008816383200277752
29a6b3904267e7fe94828acd,SOLUSDT,3,2025-11-20T07:55:00Z,2025-11-20T08:00:00Z,143.73,143.36,0.0025742712029498097,0.005705141584916115,0.0012523481527865223,0.0031308703819663054,0.4512195121950966,4,20,2,10,True,False,True,True,True,False,False,True,False,False,0.0013219230501634854,0.0006261740763932611,0.0023655465108189206,0.0010436234606552375,0.004591943226883717,0.004522368329506556,0.005705141584916115,0.0016002226396715355,0.005705141584916115,0.0016002226396715355,0.005705141584916115,0.0025742712029498097
ae474a4fcc06e49e7d984032,DOGEUSDT,3,2025-11-20T10:55:00Z,2025-11-20T11:00:00Z,0.15775,0.15794,-0.0012044374009508446,0.003549920760697337,0.003106180665610082,0.004754358161648181,-0.3392857142857037,6,30,11,55,True,True,False,False,True,True,True,False,True,False,0.0003803486529318827,6.339144215537243e-05,0.001394611727416786,0.00019017432646594134,0.001394611727416786,0.0004437400950872551,0.003549920760697337,0.002916006339144141,0.003549920760697337,-0.0008874801901743342,0.003549920760697337,-0.0012044374009508446
4c71a31b066d377e67c576c9,BNBUSDT,3,2025-11-20T21:55:00Z,2025-11-20T22:00:00Z,877.79,881.2,-0.0038847560350426433,0.0016860524726871099,0.007382175691224574,0.005570808507729753,-2.304054054054081,1,5,10,50,True,True,False,False,True,True,True,False,True,False,0.0016860524726871099,-0.0005923968147278755,0.0016860524726871099,-0.004386014878273873,0.0016860524726871099,-0.004613859807015423,0.0016860524726871099,-0.00505815741806133,0.0016860524726871099,-0.004522721835518777,0.0016860524726871099,-0.0038847560350426433
9221e268964893f1ae7abdc9,LTCUSDT,3,2025-11-21T00:55:00Z,2025-11-21T01:00:00Z,88.22,87.99,0.002607118567218363,0.006574472908637478,0.004420766266152806,0.003967354341419115,0.39655172413793904,5,25,6,30,True,False,True,True,True,False,False,False,True,False,0.002947177510768591,0.0,0.002947177510768591,0.00124688279301745,0.002947177510768591,0.0006801178871004565,0.006574472908637478,-0.002947177510768591,0.006574472908637478,0.00022670596236676514,0.006574472908637478,0.002607118567218363
569da587de70e4dd3fc567e1,BNBUSDT,3,2025-11-21T01:55:00Z,2025-11-21T02:00:00Z,872.47,858.6,0.01589739475282818,0.018579435396059503,0.00019484910655949094,0.0026820406432313225,0.8556446637877837,12,60,1,5,True,False,True,False,False,False,False,True,False,False,0.0016390248375303031,0.0016275631253797526,0.004458606026568233,0.004286680344309843,0.008550437264318585,0.00774811741377926,0.0119889509094869,0.006177862849152391,0.0119889509094869,0.00915790800829829,0.018579435396059503,0.01589739475282818
00782f21572eb1c2c18c3d3d,BNBUSDT,3,2025-11-21T21:55:00Z,2025-11-21T22:00:00Z,834.3,817.44,0.020208558072635625,0.020256502457149682,0.0032362459546926114,4.7944384514057165e-05,0.99763313609467,12,60,1,5,True,False,True,False,False,False,False,True,False,False,5.9930480642400247e-05,-0.0022653721682849098,5.9930480642400247e-05,-0.0016181229773463057,0.0010188181709216218,-0.0005154021335251872,0.007107755004195074,0.005849214910703579,0.010415917535658566,0.006700227735826344,0.020256502457149682,0.020208558072635625
790f1e7e07393f41d78c53ba,BNBUSDT,3,2025-11-21T23:55:00Z,2025-11-22T00:00:00Z,831.16,836.25,-0.006123971317195284,0.000601568891669474,0.011670436498387851,0.006725540208864757,-10.180000000000064,1,5,3,15,True,True,False,False,True,True,True,False,True,False,0.000601568891669474,-0.002502526589345061,0.000601568891669474,-0.007856489725203435,0.000601568891669474,-0.01047933009288228,0.000601568891669474,-0.006701477453198001,0.000601568891669474,-0.006918042254198951,0.000601568891669474,-0.006123971317195284
47a9066ec737009e5bd85d87,AVAXUSDT,3,2025-11-22T09:55:00Z,2025-11-22T10:00:00Z,13.251,13.259,-0.0006037280205268203,0.0023394460795410767,0.0027922420949362927,0.002943174100067897,-0.25806451612907105,6,30,3,15,True,True,False,False,True,True,True,True,False,False,0.0,-0.0007546600256584248,0.00022639800769754084,-0.0012074560410535065,0.00022639800769754084,-0.0013583880461852452,0.0023394460795410767,0.00022639800769754084,0.0023394460795410767,-0.00022639800769754084,0.0023394460795410767,-0.0006037280205268203
7fbf06ef20d7aee77c18b563,BTCUSDT,3,2025-11-22T11:55:00Z,2025-11-22T12:00:00Z,84066.2,83845.2,0.002628880572691522,0.005801380340731437,0.0007708210909973677,0.003172499768039915,0.4531474266967425,6,30,1,5,True,False,True,True,True,False,False,True,False,False,0.0014797861685195023,0.001131251323361723,0.004544037912978105,0.004083686428076955,0.00512453280866749,0.00484142259314683,0.005801380340731437,0.00524824483561761,0.005801380340731437,0.0044227049634693,0.005801380340731437,0.002628880572691522
f2be2f5e86be79e4d22453f7,BNBUSDT,3,2025-11-22T14:55:00Z,2025-11-22T15:00:00Z,824.85,823.74,0.00134569921803966,0.006655755591925816,0.002764138934351667,0.005310056373886156,0.20218579234972892,10,50,6,30,True,False,True,True,True,True,False,True,False,False,0.00249742377401959,0.0018548827059465026,0.003188458507607438,0.0016124143783718748,0.003188458507607438,0.0020003637024913344,0.003188458507607438,-0.0009577498939200626,0.005140328544583875,0.004364429896344817,0.006655755591925816,0.00134569921803966
708430840484fc181faa148c,DOGEUSDT,3,2025-11-22T16:55:00Z,2025-11-22T17:00:00Z,0.13947,0.13897,0.0035850003585000388,0.006094500609450186,0.0003585000358499641,0.002509500250950147,0.5882352941176355,12,60,1,5,True,False,True,True,False,False,False,True,False,False,0.003083100308310129,0.0029397002939701832,0.004158600415860021,0.0016491001649100736,0.004732200473220202,0.002724600272460165,0.004732200473220202,0.00014340001434014484,0.004732200473220202,0.003298200329820147,0.006094500609450186,0.0035850003585000388
17ee869496231000f51e7fac,DOGEUSDT,3,2025-11-22T18:55:00Z,2025-11-22T19:00:00Z,0.13961,0.13939,0.0015758183511211641,0.004082802091540827,0.003724661557194991,0.002506983740419663,0.3859649122807368,9,45,2,10,True,False,True,True,True,False,False,True,False,False,0.0015758183511211641,0.0006446529618222672,0.0017190745648593794,-0.002506983740419663,0.0017190745648593794,-0.0013609340305135427,0.002936752381634707,0.002435355633550655,0.004082802091540827,0.0030800085953729224,0.004082802091540827,0.0015758183511211641
5cd0542d6528865ab1c0511a,ADAUSDT,3,2025-11-22T19:55:00Z,2025-11-22T20:00:00Z,0.4012,0.4004,0.0019940179461615725,0.005732801595214418,0.00598205383848458,0.003738783649052845,0.347826086956528,11,55,5,25,True,False,True,True,True,False,False,True,False,False,0.0,-0.004237288135593169,0.0,-0.0019940179461615725,0.0,-0.004735792622133631,0.0,-0.003988035892323007,0.004735792622133631,0.004486540378863469,0.005732801595214418,0.0019940179461615725
e8139790e47f0c8cb46fde59,XRPUSDT,3,2025-11-22T21:55:00Z,2025-11-22T22:00:00Z,1.9352,1.9569,-0.011213311285655257,0.0037205456800331205,0.016225713104588608,0.014933856965688377,-3.0138888888888564,2,10,11,55,True,True,False,False,True,True,True,False,True,False,0.0023770152955766522,0.002325341050020643,0.0037205456800331205,0.002273666804464634,0.0037205456800331205,-0.002066969822240597,0.0037205456800331205,-0.0023770152955766522,0.0037205456800331205,-0.005735841256717594,0.0037205456800331205,-0.011213311285655257
40030b6ac424828c0b441fa8,ETHUSDT,3,2025-11-23T00:55:00Z,2025-11-23T01:00:00Z,2771.78,2807.08,-0.012735498488335916,0.0005592074407060379,0.015564005801326176,0.013294705929041955,-22.77419354838425,1,5,11,55,True,True,False,False,True,True,True,False,True,False,0.0005592074407060379,-0.002496590638506526,0.0005592074407060379,-0.0036835535287791893,0.0005592074407060379,-0.003752101537639941,0.0005592074407060379,-0.005195217513655353,0.0005592074407060379,-0.010830585399995664,0.0005592074407060379,-0.012735498488335916
a959ab0d93dce3366818e44a,BTCUSDT,3,2025-11-23T01:55:00Z,2025-11-23T02:00:00Z,85837.5,85948.4,-0.0012919761176641233,0.0024255133245958595,0.005388087956895296,0.003717489442259983,-0.5326609029778854,2,10,9,45,True,True,False,False,True,True,True,False,True,False,0.0013653706130770011,-0.0012535313819718168,0.0024255133245958595,0.001980486384156109,0.0024255133245958595,0.0007024901703801125,0.0024255133245958595,-0.0018302024173584485,0.0024255133245958595,-0.003289937381680433,0.0024255133245958595,-0.0012919761176641233
2b0bcf8ad6b5defeb11f86cd,ETHUSDT,3,2025-11-23T02:55:00Z,2025-11-23T03:00:00Z,2819.71,2823.02,-0.00117387958336139,0.0040926194537736025,0.0013121916792861032,0.005266499037134992,-0.2868284228769459,2,10,12,60,True,True,False,False,True,True,True,False,True,False,0.003911749789872079,0.0035039064300939134,0.0040926194537736025,0.0004255756797684223,0.0040926194537736025,0.0024896177266456416,0.0040926194537736025,0.0025286288306244644,0.0040926194537736025,0.0007553968315891028,0.0040926194537736025,-0.00117387958336139
c827e4cedacc430f14b9ec30,SOLUSDT,3,2025-11-23T04:55:00Z,2025-11-23T05:00:00Z,130.63,130.45,0.0013779376865957807,0.0040572609660874314,0.0016075939676950775,0.0026793232794916507,0.3396226415094461,9,45,2,10,True,False,True,True,True,False,False,True,False,False,0.0019138023424940672,0.0006889688432978904,0.0019138023424940672,0.0,0.0019138023424940672,-0.00045931256219859353,0.002143458623593364,0.0013779376865957807,0.0040572609660874314,0.003674500497588531,0.0040572609660874314,0.0013779376865957807
4b58d2c00f43226c64341e3c,ADAUSDT,3,2025-11-23T05:55:00Z,2025-11-23T06:00:00Z,0.4126,0.4103,0.005574406204556529,0.007028599127484279,0.0019389238972369544,0.0014541929229277498,0.7931034482758667,11,55,2,10,True,False,True,False,False,False,False,True,False,False,0.0014541929229278838,-0.0009694619486184099,0.0016965584100824863,0.0014541929229278838,0.0033931168201648382,0.0033931168201648382,0.006543868153175074,0.0053320407174019275,0.0067862336403296765,0.005574406204556529,0.007028599127484279,0.005574406204556529
1a03d0145aab45ea1e9d5503,LINKUSDT,3,2025-11-23T06:55:00Z,2025-11-23T07:00:00Z,12.413,12.356,0.004591960041891596,0.009747845001208446,0.0015306533472971987,0.00515588495931685,0.4710743801652907,6,30,1,5,True,False,True,True,True,False,False,True,False,False,0.003464110207041089,0.0031418673970836784,0.004833642149359582,0.00435027793442361,0.004833642149359582,0.0014500926448079176,0.009747845001208446,0.008458873761379233,0.009747845001208446,0.005317006364295555,0.009747845001208446,0.004591960041891596
7fca39ae3e1928c02efed204,XRPUSDT,3,2025-11-23T08:55:00Z,2025-11-23T09:00:00Z,2.0363,2.045,-0.004272454942788247,0.0007857388400531689,0.00712075823798063,0.005058193782841416,-5.4374999999989075,1,5,9,45,True,True,False,False,True,True,True,False,True,False,0.0007857388400531689,-0.0005893041300397131,0.0007857388400531689,-0.0024063251976622706,0.0007857388400531689,-0.003634042135245115,0.0007857388400531689,-0.002209890487649033,0.0007857388400531689,-0.006776997495457355,0.0007857388400531689,-0.004272454942788247
622d7b31888131dcc6782f7c,ADAUSDT,3,2025-11-23T10:55:00Z,2025-11-23T11:00:00Z,0.4088,0.4094,-0.001467710371819935,0.007338551859099811,0.00269080234833657,0.008806262230919746,-0.1999999999999963,4,20,10,50,True,True,False,False,True,True,True,False,True,False,0.0019569471624266708,0.0019569471624266708,0.00489236790606654,0.0034246575342466055,0.006604696673189776,0.00464774951076324,0.007338551859099811,0.0034246575342466055,0.007338551859099811,-0.0004892367906065997,0.007338551859099811,-0.001467710371819935
91fd599084e94ede38a3ee39,SUIUSDT,3,2025-11-23T15:55:00Z,2025-11-23T16:00:00Z,1.3747,1.3666,0.005892194660653231,0.006474139812322783,0.006692369244198643,0.0005819451516695523,0.9101123595505481,12,60,9,45,True,False,True,False,False,False,False,True,False,False,0.0010911471593802698,-0.002473266894595235,0.0010911471593802698,-0.0013821197352149653,0.0018185785989670085,0.0008001745835455742,0.0034189277660579952,0.0023277806066778874,0.0034189277660579952,-0.0062559103804465995,0.006474139812322783,0.005892194660653231
4a4a87fffa12c0fb7a260f0e,SOLUSDT,3,2025-11-23T17:55:00Z,2025-11-23T18:00:00Z,131.31,132.12,-0.006168608636052108,7.615566217341333e-05,0.011956438961236715,0.0062447642982255205,-81.0000000000739,1,5,9,45,True,True,False,False,True,True,True,False,True,False,7.615566217341333e-05,-0.0028177595004188908,7.615566217341333e-05,-0.0038839387708475433,7.615566217341333e-05,-0.0035793161221536734,7.615566217341333e-05,-0.006397075622572564,7.615566217341333e-05,-0.009671769096032368,7.615566217341333e-05,-0.006168608636052108
51a42b9f97a8624566a1f1ca,DOGEUSDT,3,2025-11-23T18:55:00Z,2025-11-23T19:00:00Z,0.14603,0.14649,-0.0031500376634939122,0.0015065397521057179,0.008833801273710973,0.00465657741559963,-2.0909090909091828,2,10,7,35,True,True,False,False,True,True,True,False,True,False,0.0011641443538999074,-0.0008902280353353352,0.0015065397521057179,-0.0009587071149763832,0.0015065397521057179,-0.0019174142299527663,0.0015065397521057179,-0.0040402656988290575,0.0015065397521057179,-0.005615284530576013,0.0015065397521057179,-0.0031500376634939122
40fc0b1cc900a7a16f830b5e,DOGEUSDT,3,2025-11-23T19:55:00Z,2025-11-23T20:00:00Z,0.14649,0.14641,0.0005461123626185865,0.002457505631783734,0.0041641067649668875,0.0019113932691651474,0.22222222222221366,8,40,5,25,True,False,True,True,True,True,False,True,False,False,0.0010239606799099681,-0.002457505631783734,0.0010239606799099681,-0.0008874325892551793,0.0010239606799099681,-0.003549730357020907,0.0010239606799099681,-0.001843129223837753,0.002457505631783734,0.0012287528158919617,0.002457505631783734,0.0005461123626185865
2e6c5b97849c997585bfae18,BTCUSDT,3,2025-11-23T21:55:00Z,2025-11-23T22:00:00Z,87944.9,87964.7,-0.00022514096894763554,0.004926948578029975,0.0017636042567562853,0.00515208954697761,-0.045695822755604534,4,20,1,5,True,True,False,False,True,True,True,True,False,False,0.0030689670464119486,0.002369665551953487,0.0035795139911465974,0.0031292320532514918,0.0035795139911465974,0.002784698146225582,0.004926948578029975,0.0008903301953835682,0.004926948578029975,0.0026164109573152197,0.004926948578029975,-0.00022514096894763554
959d1348a379be0702a0551b,DOGEUSDT,3,2025-11-23T22:55:00Z,2025-11-23T23:00:00Z,0.14734,0.14494,0.01628885570788642,0.019682367313696117,0.001085923713859057,0.003393511605809696,0.8275862068965507,11,55,1,5,True,False,True,False,False,False,False,True,False,False,0.00556535903352781,0.005293878105063139,0.008212298086059378,0.007601465997013777,0.009298221799918625,0.009026740871453765,0.015135061761911293,0.012216641780914864,0.016560336636351283,0.013166825030541587,0.019682367313696117,0.01628885570788642
663b5563f97cb3b60d90955e,BTCUSDT,3,2025-11-24T02:55:00Z,2025-11-24T03:00:00Z,87483.6,87408.8,0.0008550173975465447,0.0038052846476369136,0.0031182987439930267,0.002950267250090369,0.2246920997296514,3,15,5,25,True,False,True,True,True,True,False,False,True,False,0.0006344046198373181,-0.000308629274515452,0.002487323338317191,0.0023718731282206034,0.0038052846476369136,0.0023695869854464483,0.0038052846476369136,-0.0010699148183201338,0.0038052846476369136,0.0008264406128691881,0.0038052846476369136,0.0008550173975465447
7e35004b4b3d77b161d0706f,ADAUSDT,3,2025-11-24T03:55:00Z,2025-11-24T04:00:00Z,0.4163,0.4105,0.013932260389142512,0.019457122267595474,0.004323804948354609,0.005524861878452962,0.7160493827160531,6,30,3,15,True,False,True,True,False,False,False,True,False,False,0.0012010569300984876,0.00048042277203934173,0.0016814797021378295,-0.0021619024741773045,0.0016814797021378295,0.0009608455440788168,0.019457122267595474,0.01537352870526067,0.019457122267595474,0.011530146528945535,0.019457122267595474,0.013932260389142512
2482b0fd8de58e849e6eaa07,SOLUSDT,3,2025-11-24T05:55:00Z,2025-11-24T06:00:00Z,132.86,131.08,0.01339756134276683,0.017160921270510318,0.0006774047869936398,0.0037633599277434888,0.780701754385965,11,55,1,5,True,False,True,False,False,False,False,True,False,False,0.003913894324853306,0.003913894324853306,0.012268553364443954,0.010838476591901446,0.012268553364443954,0.0115911485774501,0.012945958151437807,0.01076320939334643,0.016257714887852062,0.014978172512419155,0.017160921270510318,0.01339756134276683
c292c5ec6465285d5605caf7,ETHUSDT,3,2025-11-24T08:55:00Z,2025-11-24T09:00:00Z,2837.38,2796.45,0.0144252796594042,0.018104730420317294,0.0,0.0036794507609130937,0.7967685419505622,6,30,1,5,True,False,True,False,False,False,False,True,False,False,0.0036054388203201606,0.0007436437840543485,0.009614503520853815,0.009128139339813521,0.009614503520853815,0.008257617943314005,0.018104730420317294,0.015574226927658634,0.018104730420317294,0.013441978162953262,0.018104730420317294,0.0144252796594042
9e3fc2f038d6aef4c137deb8,BTCUSDT,3,2025-11-24T16:55:00Z,2025-11-24T17:00:00Z,87123.3,88314.9,-0.01367716787587237,0.0027007700580671634,0.014684935028861328,0.016377937933939532,-5.064173395665009,3,15,12,60,True,True,False,False,True,True,True,False,True,False,0.0001170754551307984,-0.0004086162943780971,0.0014726255777731433,0.0014714777791933625,0.0027007700580671634,0.0019478141897746881,0.0027007700580671634,-0.006293379612572101,0.0027007700580671634,-0.008692278644174439,0.0027007700580671634,-0.01367716787587237
bd667befca9bd5aa3ef2beff,AVAXUSDT,3,2025-11-24T19:55:00Z,2025-11-24T20:00:00Z,13.911,13.993,-0.00589461577169152,0.001365825605635837,0.009057580332111367,0.007260441377327357,-4.31578947368422,2,10,11,55,True,True,False,False,True,True,True,False,True,False,0.0003594277909567253,-0.00014377111638276674,0.001365825605635837,-0.0016533678384012427,0.001365825605635837,-0.004025591258716191,0.001365825605635837,-0.006325929120839693,0.001365825605635837,-0.006972899144561824,0.001365825605635837,-0.00589461577169152
e1094f6cd654929a484774e4,BTCUSDT,3,2025-11-24T20:55:00Z,2025-11-24T21:00:00Z,89018.6,88713.3,0.003429620326538531,0.003916035525159975,0.0006144783225078477,0.0004864151986214444,0.8757888697647671,10,50,3,15,True,False,True,False,False,False,False,True,False,False,0.002107424740447567,0.0004954020845082468,0.002107424740447567,-6.17848404715419e-05,0.002107424740447567,0.00036846232135759164,0.0025578923955219654,0.0017355923368824043,0.0033375047461991743,0.0033375047461991743,0.003916035525159975,0.003429620326538531
0d940c4285ab22ff32cc50ec,AVAXUSDT,3,2025-11-24T21:55:00Z,2025-11-24T22:00:00Z,13.902,13.915,-0.0009351172493166379,0.0019421665947345166,0.003956265285570529,0.0028772838440511545,-0.48148148148149117,5,25,2,10,True,True,False,False,True,True,True,True,False,False,0.0002877283844050899,-0.0016544382103295544,0.0002877283844050899,-0.0017263703064307949,0.0002877283844050899,-0.0019421665947346443,0.0019421665947345166,0.00021579628830384936,0.0019421665947345166,0.0,0.0019421665947345166,-0.0009351172493166379
eff9a450ac41ead6bd2bc780,ETHUSDT,3,2025-11-24T22:55:00Z,2025-11-24T23:00:00Z,2959.22,2952.19,0.0023756260095564863,0.0029703773291610506,0.0028284480369828355,0.0005947513196045643,0.7997724687144225,11,55,4,20,True,False,True,False,False,False,False,True,False,False,0.001486878299011103,0.0006555781591093599,0.0017099100438628914,0.0015003953744566474,0.0020005271659422476,-0.0004021329945053273,0.0020005271659422476,-0.002281006481437676,0.0020005271659422476,-0.0007501976872284773,0.0029703773291610506,0.0023756260095564863
18fae04595954c1f9df3f894,XRPUSDT,3,2025-11-24T23:55:00Z,2025-11-25T00:00:00Z,2.227,2.2587,-0.014234396048495862,0.0009429726088908805,0.016524472384373573,0.015177368657386742,-15.095238095238297,1,5,12,60,True,True,False,False,True,True,True,False,True,False,0.0009429726088908805,-0.005343511450381789,0.0009429726088908805,-0.007633587786259699,0.0009429726088908805,-0.005163897620116879,0.0009429726088908805,-0.0041760215536596704,0.0009429726088908805,-0.009744050291872499,0.0009429726088908805,-0.014234396048495862
00a134021211712a2b31e277,XRPUSDT,3,2025-11-25T02:55:00Z,2025-11-25T03:00:00Z,2.2505,2.242,0.0037769384581204947,0.007109531215285498,0.004176849588980161,0.0033325927571650035,0.5312500000000103,11,55,2,10,True,False,True,True,False,False,False,True,False,False,0.0011552988224839626,0.00044434570095549164,0.0013774716729617082,-0.0022661630748720997,0.0013774716729617082,0.0011552988224839626,0.002932681626305337,-0.0007998222617195297,0.006043101532992792,0.004665629860031083,0.007109531215285498,0.0037769384581204947
e8eda78ffe00b8975fa45f0c,AVAXUSDT,3,2025-11-25T16:55:00Z,2025-11-25T17:00:00Z,13.94,13.92,0.0014347202295552062,0.0025824964131993967,0.0033715925394548494,0.0011477761836441904,0.55555555555555,7,35,3,15,True,False,True,True,False,False,False,True,False,False,0.0016499282639884998,0.0016499282639884998,0.001721664275466222,0.0007890961262553252,0.001721664275466222,-0.0017216642754663493,0.0018651362984217934,0.0007890961262553252,0.0025824964131993967,0.00028694404591101573,0.0025824964131993967,0.0014347202295552062
084b455f9884e27f255caac1,LTCUSDT,3,2025-11-25T18:55:00Z,2025-11-25T19:00:00Z,85.59,85.35,0.0028040658955486514,0.013202476924874513,0.0025703937375861534,0.010398411029325861,0.2123893805309797,8,40,1,5,True,False,True,True,True,True,False,True,False,False,0.0018693772636989904,0.0017525411847179072,0.006425984343965383,0.0059586400280407185,0.007010164738871462,0.0038555906063792297,0.01016473887136353,0.008529033765626871,0.013202476924874513,0.0050239513961912235,0.013202476924874513,0.0028040658955486514
f0755397f07ef14ff06cef93,SOLUSDT,3,2025-11-25T19:55:00Z,2025-11-25T20:00:00Z,136.61,137.67,-0.007759314837859408,0.003294048751921653,0.010028548422516477,0.011053363589781061,-2.355555555555408,2,10,11,55,True,True,False,False,True,True,True,False,True,False,0.0012444184173926937,0.0008784130005124408,0.003294048751921653,0.000366005416880253,0.003294048751921653,0.00014640216675214281,0.003294048751921653,-0.005197276919698261,0.003294048751921653,-0.005856086670082592,0.003294048751921653,-0.007759314837859408
433d4a55698b28a57803df53,LTCUSDT,3,2025-11-25T20:55:00Z,2025-11-25T21:00:00Z,85.77,84.86,0.010609770315961253,0.01095954296374021,0.001982045004080701,0.00034977264777895714,0.9680851063829774,12,60,2,10,True,False,True,False,False,False,False,True,False,False,0.0008161361781507891,-0.0009327270607438299,0.003147953830010447,0.003147953830010447,0.003147953830010447,0.0026815902996384492,0.004896817068905232,0.004313862655940193,0.008860907077066467,0.007461816485950805,0.01095954296374021,0.010609770315961253
2ab09931ff99d14d829fbf9e,AVAXUSDT,3,2025-11-25T23:55:00Z,2025-11-26T00:00:00Z,14.172,14.283,-0.007832345469940648,0.0,0.009031893875246973,0.007832345469940648,,1,5,11,55,False,False,False,False,False,False,False,False,True,False,0.0,-0.002469658481512852,0.0,-0.0011289867344058716,0.0,-0.0014817950889076362,0.0,-0.006562235393734121,0.0,-0.006068303697431451,0.0,-0.007832345469940648
48355705433ece47fda126d5,AVAXUSDT,3,2025-11-26T00:55:00Z,2025-11-26T01:00:00Z,14.283,14.221,0.004340824756703731,0.00889168942098991,0.0029405587061541567,0.00455086466428618,0.48818897637795217,5,25,1,5,True,False,True,True,True,False,False,True,False,False,0.002800532101099149,0.0025204788909892594,0.006511237135055659,0.004410838059231172,0.006511237135055659,0.0044808513617587385,0.00889168942098991,0.007141356857803005,0.00889168942098991,0.002380452285934252,0.00889168942098991,0.004340824756703731
115a585f5c617aeaf0290e68,SOLUSDT,3,2025-11-26T01:55:00Z,2025-11-26T02:00:00Z,139.93,139.2,0.0052168941613665275,0.006860573143714771,0.0016436789823482437,0.0016436789823482435,0.7604166666666794,8,40,1,5,True,False,True,False,False,False,False,True,False,False,0.0005002501250624824,0.00035732151790188925,0.0019295361966698364,0.0013578217680268543,0.0019295361966698364,0.0005717144286429822,0.003287357964696691,0.003072965053955598,0.006860573143714771,0.00357321517901808,0.006860573143714771,0.0052168941613665275
ed88e9b9d17d659841eafda8,ADAUSDT,3,2025-11-26T02:55:00Z,2025-11-26T03:00:00Z,0.4241,0.4208,0.007781183683093539,0.008488564017920284,0.0033011082291912576,0.000707380334826745,0.9166666666666602,11,55,5,25,True,False,True,False,False,False,False,True,False,False,0.0011789672247111541,0.00023579344494220465,0.0011789672247111541,0.00023579344494220465,0.0011789672247111541,-0.0004715868898845402,0.0011789672247111541,-0.001886347559537899,0.005187455788729026,0.004244282008960076,0.008488564017920284,0.007781183683093539
986d5b296fc16ca8bdc76f12,ADAUSDT,3,2025-11-26T05:55:00Z,2025-11-26T06:00:00Z,0.4223,0.423,-0.0016575893914278438,0.005919962112242487,0.005683163627752814,0.007577551503670331,-0.27999999999999114,7,35,12,60,True,True,False,False,True,True,True,False,True,False,0.000710395453469151,-0.0009471939379588241,0.000710395453469151,-0.0016575893914278438,0.0014207909069381705,0.000710395453469151,0.004972768174283663,0.004262372720814643,0.005919962112242487,0.0016575893914279752,0.005919962112242487,-0.0016575893914278438
4f674e113b20e9e68e8c8bce,LINKUSDT,3,2025-11-26T10:55:00Z,2025-11-26T11:00:00Z,12.899,12.836,0.004884099542600112,0.008217691293898743,0.0,0.0033335917512986313,0.5943396226414992,1,5,1,5,True,False,True,True,False,False,False,False,False,True,0.008217691293898743,0.006589658113031947,0.008217691293898743,0.004573997984339815,0.008217691293898743,0.004263896426079519,0.008217691293898743,0.005736878827816098,0.008217691293898743,0.0037987440886890064,0.008217691293898743,0.004884099542600112
7d79913b793fe5e6d2f59d35,BNBUSDT,3,2025-11-26T15:55:00Z,2025-11-26T16:00:00Z,865.63,872.67,-0.008132805009068498,0.0001617319177939609,0.009334242112680986,0.008294536926862458,-50.285714285718925,1,5,12,60,True,True,False,False,True,True,True,False,True,False,0.0001617319177939609,-0.0021487240506914197,0.0001617319177939609,-0.001963887573212626,0.0001617319177939609,-0.002864965400921893,0.0001617319177939609,-0.002460635606436925,0.0001617319177939609,-0.003269295195406861,0.0001617319177939609,-0.008132805009068498
59d122a84820bcd4832be72a,LTCUSDT,3,2025-11-26T16:55:00Z,2025-11-26T17:00:00Z,84.22,86.15,-0.022916171930657883,0.0,0.02457848492044654,0.022916171930657883,,1,5,10,50,False,False,False,False,False,False,False,False,True,False,0.0,-0.002018522916171951,0.0,-0.0016623129897886555,0.0,-0.002255996200427425,0.0,-0.014604606981714605,0.0,-0.02208501543576347,0.0,-0.022916171930657883
2a5e7a3d9b43e3b89c110779,BNBUSDT,3,2025-11-26T18:55:00Z,2025-11-26T19:00:00Z,895.22,897.2,-0.002211746833180691,0.003541029020799438,0.002937825339022805,0.005752775853980129,-0.6246056782334298,3,15,9,45,True,True,False,False,True,True,True,False,True,False,0.0018654632380868084,0.0018542927995354012,0.0022899399030406695,0.0015638613971984286,0.003541029020799438,0.002155894640423654,0.003541029020799438,0.0008936350841134785,0.003541029020799438,-0.0009159759612161662,0.003541029020799438,-0.002211746833180691
ea6f91f9867ae69a2b11ce03,LINKUSDT,3,2025-11-26T20:55:00Z,2025-11-26T21:00:00Z,13.387,13.439,-0.003884365429147651,0.002465078060805352,0.007694031523119426,0.006349443489953003,-1.5757575757575042,3,15,10,50,True,True,False,False,True,True,True,False,True,False,0.0013445880331665557,0.0006722940165832779,0.002390378725629344,0.0012698886979906803,0.002465078060805352,0.0020168820497498334,0.002465078060805352,-0.00410846343467541,0.002465078060805352,-0.00410846343467541,0.002465078060805352,-0.003884365429147651
aee56e09a5cc9e541e4964a9,AVAXUSDT,3,2025-11-26T21:55:00Z,2025-11-26T22:00:00Z,14.661,14.7,-0.0026601186822181096,0.0022508696541845355,0.004842780165063757,0.004910988336402645,-1.1818181818181916,3,15,5,25,True,True,False,False,True,True,True,False,True,False,0.0008184980560671479,0.0006820817133892495,0.0012959552554396103,-0.0005456653707114723,0.0022508696541845355,-0.0005456653707114723,0.0022508696541845355,-0.0012959552554396103,0.0022508696541845355,-0.0003410408566946853,0.0022508696541845355,-0.0026601186822181096
368664f1313d7be2671e6cf5,AVAXUSDT,3,2025-11-26T22:55:00Z,2025-11-26T23:00:00Z,14.7,14.945,-0.016666666666666736,0.00027210884353738503,0.016666666666666736,0.01693877551020412,-61.25000000000699,1,5,12,60,True,True,False,False,True,True,True,False,True,False,0.00027210884353738503,-0.0029931972789115978,0.00027210884353738503,-0.006462585034013649,0.00027210884353738503,-0.008435374149659901,0.00027210884353738503,-0.008707482993197287,0.00027210884353738503,-0.012585034013605476,0.00027210884353738503,-0.016666666666666736
9415ac7ce9c4370e821db2e3,AVAXUSDT,3,2025-11-26T23:55:00Z,2025-11-27T00:00:00Z,14.944,14.931,0.0008699143468951871,0.0043495717344754605,0.003479657387580273,0.003479657387580273,0.20000000000002185,1,5,10,50,True,False,True,True,True,True,False,False,True,False,0.0043495717344754605,-0.0008029978586722884,0.0043495717344754605,-0.00013383297644532197,0.0043495717344754605,-0.00033458244111342377,0.0043495717344754605,-0.001204496788008492,0.0043495717344754605,0.00107066381156317,0.0043495717344754605,0.0008699143468951871
850a27338c928a777f530c36,ETHUSDT,3,2025-11-27T00:55:00Z,2025-11-27T01:00:00Z,3033.75,3050.58,-0.005547589616810854,0.002472187886279357,0.0077297074577667305,0.00801977750309021,-2.2439999999999904,5,25,12,60,True,True,False,False,True,True,True,False,True,False,0.0013679439637412742,-0.0036786155747836357,0.0013679439637412742,-0.0032204367531932366,0.0013679439637412742,-0.00028677379480836944,0.002472187886279357,0.0010811701689329048,0.002472187886279357,-0.001476720230737542,0.002472187886279357,-0.005547589616810854
b5b9309cf944a944efa9158f,AVAXUSDT,3,2025-11-27T01:55:00Z,2025-11-27T02:00:00Z,14.967,14.914,0.0035411238057059414,0.00474376962651164,0.0027393599251686104,0.001202645820805699,0.7464788732394512,11,55,6,30,True,False,True,True,False,False,False,True,False,False,0.002672546268457334,0.002672546268457334,0.0031402418654373353,0.002806173581880124,0.003407496492283033,0.002338477984900123,0.004008819402685942,-0.00020044097013430305,0.004008819402685942,0.0022048506714773333,0.00474376962651164,0.0035411238057059414
dc2c9c2c7bb2db14f4157ec7,SUIUSDT,3,2025-11-27T04:55:00Z,2025-11-27T05:00:00Z,1.5436,1.5391,0.002915263021508273,0.006219227779217447,0.006413578647317971,0.0033039647577091744,0.4687500000000152,8,40,6,30,True,False,True,True,True,False,False,True,False,False,0.0022026431718062123,0.00045348535890136365,0.0022026431718062123,0.0019435086810055155,0.0022026431718062123,-0.0016843741902046745,0.0022026431718062123,-0.0035630992485098717,0.006219227779217447,0.0036926664939103643,0.006219227779217447,0.002915263021508273
0a4e867c99c384e1e899245b,LTCUSDT,3,2025-11-27T10:55:00Z,2025-11-27T11:00:00Z,86.64,86.37,0.0031163434903046633,0.0048476454293629005,0.0009233610341643386,0.0017313019390582372,0.6428571428571308,7,35,2,10,True,False,True,True,False,False,False,True,False,False,0.0004616805170822513,-0.00034626038781164747,0.0011542012927053822,0.0010387811634349424,0.0017313019390582374,0.0016158818097876334,0.0036934441366575184,0.003462603878116311,0.0048476454293629005,0.002654662973222576,0.0048476454293629005,0.0031163434903046633
809ea55c62685c9c2d86392b,XRPUSDT,3,2025-11-27T14:55:00Z,2025-11-27T15:00:00Z,2.1817,2.2014,-0.009029655773020959,0.0013292386670946264,0.009304670669661164,0.010358894440115585,-6.793103448274991,2,10,11,55,True,True,False,False,True,True,True,False,True,False,0.0004583581610672108,-0.0023834624375486412,0.0013292386670946264,0.001054223770454422,0.0013292386670946264,0.0003666865288538094,0.0013292386670946264,-0.00687537241600572,0.0013292386670946264,-0.006279506806618509,0.0013292386670946264,-0.009029655773020959
6e28b41b944deee0dacec684,XRPUSDT,3,2025-11-27T19:55:00Z,2025-11-27T20:00:00Z,2.2226,2.2254,-0.0012597858364078718,0.00044992351300274,0.004634212183928722,0.0017097093494106118,-2.8000000000004444,8,40,4,20,True,True,False,False,True,True,True,True,False,False,0.000359938810402192,-0.0012597858364078718,0.000359938810402192,-0.0032844416449205015,0.000359938810402192,-0.0036443804553226936,0.000359938810402192,-0.0026545487267164657,0.00044992351300274,-0.0023845946189148216,0.00044992351300274,-0.0012597858364078718
0626e9d12a3b249c6a6e847d,SUIUSDT,3,2025-11-27T20:55:00Z,2025-11-27T21:00:00Z,1.5704,1.5656,0.003056546102903665,0.004903209373408075,0.008660213958227239,0.0018466632705044098,0.6233766233766092,11,55,4,20,True,False,True,True,False,False,False,True,False,False,0.0008914926133469611,0.0002547121752419485,0.0015282730514518325,-0.002037697401935871,0.0015282730514518325,-0.0023560876209883065,0.0015282730514518325,-0.001337238920020371,0.0015282730514518325,-0.000827814569536474,0.004903209373408075,0.003056546102903665
f4abae2b56a13731b18578da,ADAUSDT,3,2025-11-27T21:55:00Z,2025-11-27T22:00:00Z,0.4355,0.4325,0.006888633754305402,0.009873708381171,0.0016073478760045428,0.0029850746268655975,0.6976744186046566,10,50,2,10,True,False,True,True,False,False,False,True,False,False,0.00022962112514348791,-0.0013777267508610549,0.0009184845005740792,0.0009184845005740792,0.002525832376578622,0.0006888633754305912,0.004133180252583292,0.0009184845005740792,0.0071182548794488905,0.005970149253731323,0.009873708381171,0.006888633754305402
e952dec4aae26f6748d1d2c3,SOLUSDT,3,2025-11-27T23:55:00Z,2025-11-28T00:00:00Z,140.77,140.89,-0.0008524543581727365,0.002486325211337804,0.00426227179086449,0.0033387795695105408,-0.3428571428570524,3,15,8,40,True,True,False,False,True,True,True,False,True,False,0.0008524543581729384,0.0003551893159054583,0.0009234922213541512,0.0005683029054486929,0.002486325211337804,0.0018469844427081005,0.002486325211337804,-0.0012076436740781947,0.002486325211337804,0.000497265042267682,0.002486325211337804,-0.0008524543581727365
b78a79ef5232a35c45ca8340,ETHUSDT,3,2025-11-28T07:55:00Z,2025-11-28T08:00:00Z,3000.13,3063.61,-0.02115908310639873,0.0001433271224914557,0.026622179705546055,0.021302410228890185,-147.6279069766443,1,5,11,55,True,True,False,False,True,True,True,False,True,False,0.0001433271224914557,-0.0011766156799871157,0.0001433271224914557,-0.002589887771529894,0.0001433271224914557,-0.0050364484205683326,0.0001433271224914557,-0.0055397599437357345,0.0001433271224914557,-0.007179688880148515,0.0001433271224914557,-0.02115908310639873
5a88ad56988613ddc3124e87,BNBUSDT,3,2025-11-28T08:55:00Z,2025-11-28T09:00:00Z,892.97,895.39,-0.0027100574487384337,0.002004546625306648,0.004053887588608805,0.0047146040740450815,-1.3519553072624886,1,5,11,55,True,True,False,False,True,True,True,False,True,False,0.002004546625306648,0.0007391065769287679,0.002004546625306648,-0.0014222202313627353,0.002004546625306648,-0.0012542414638789707,0.002004546625306648,-0.002407695667267632,0.002004546625306648,-0.0010414683583994423,0.002004546625306648,-0.0027100574487384337
14c75957023cc27804e03e31,DOGEUSDT,3,2025-11-28T11:55:00Z,2025-11-28T12:00:00Z,0.15033,0.15088,-0.003658617707709672,0.0016630080489589585,0.004456861571210031,0.0053216257566686305,-2.199999999999978,4,20,11,55,True,True,False,False,True,True,True,False,True,False,0.00039912193175017956,-0.0013304064391672038,0.00039912193175017956,-0.0018625690148340484,0.00039912193175017956,-0.0005986828976252694,0.0016630080489589585,-0.001263886117208779,0.0016630080489589585,-0.002261690946584228,0.0016630080489589585,-0.003658617707709672
2d9090e5468377cfcaab7bcf,BNBUSDT,3,2025-11-28T13:55:00Z,2025-11-28T14:00:00Z,899.03,898.93,0.00011123099340402739,0.006251181829304923,0.005672780663604132,0.006139950835900895,0.017793594306053852,9,45,7,35,True,False,True,True,True,True,False,True,False,False,0.0017685727951235423,0.0005561549670200105,0.0018909268878679597,0.0007341245564663785,0.002669543841696025,0.001490495311613537,0.0029031289278444697,-0.004360254941436963,0.006251181829304923,0.0043602549414368365,0.006251181829304923,0.00011123099340402739
63672d12952e6bee5cdf8179,AVAXUSDT,3,2025-11-28T14:55:00Z,2025-11-28T15:00:00Z,15.102,15.088,0.0009270295325123244,0.0028473049927162652,0.010263541252814154,0.0019202754602039409,0.32558139534885544,2,10,8,40,True,False,True,True,True,False,False,False,True,False,0.001986491855383468,0.0009270295325123244,0.0028473049927162652,0.0025162230168189813,0.0028473049927162652,0.0007283803469739776,0.0028473049927162652,-0.006489206727585683,0.0028473049927162652,-0.005827042775791232,0.0028473049927162652,0.0009270295325123244
3138aea6daa69b0e025e24ba,BTCUSDT,3,2025-11-28T15:55:00Z,2025-11-28T16:00:00Z,92299.8,90880.1,0.015381398442900169,0.016084541894998753,0.00025785537996835217,0.0007031434520985841,0.9562845210831142,12,60,1,5,True,False,True,False,False,False,False,True,False,False,0.0025157150936404747,0.001628389227278964,0.0038548295879297996,0.003757321250966989,0.005631648172585454,0.004988093148630969,0.013512488651112972,0.012556906948877462,0.015403066962225239,0.008455056240642002,0.016084541894998753,0.015381398442900169
ef40892da13da4b9d6a3cb0e,XRPUSDT,3,2025-11-29T14:55:00Z,2025-11-29T15:00:00Z,2.2023,2.2174,-0.006856468237751392,0.0006356990419108613,0.008400308768106053,0.007492167279662253,-10.785714285711974,1,5,4,20,True,True,False,False,True,True,True,False,True,False,0.0006356990419108613,-0.0022703537211097003,0.0006356990419108613,-0.003995822549153121,0.0006356990419108613,-0.005130999409707971,0.0006356990419108613,-0.00481314988875254,0.0006356990419108613,-0.0041774508468418806,0.0006356990419108613,-0.006856468237751392
ebf1b2cf819d44745d410110,LINKUSDT,3,2025-11-29T15:55:00Z,2025-11-29T16:00:00Z,13.166,13.128,0.0028862220871943077,0.00562053774874676,0.00015190642564172046,0.0027343156615524523,0.513513513513518,6,30,1,5,True,False,True,True,False,False,False,True,False,False,0.0017469238948807297,0.0014431110435971538,0.002582409235910732,0.0018228771077017248,0.002582409235910732,0.0024305028102688765,0.00562053774874676,0.004936958833358613,0.00562053774874676,0.004101473492328746,0.00562053774874676,0.0028862220871943077
327f2140e65369ece2fcfdba,BNBUSDT,3,2025-11-29T17:55:00Z,2025-11-29T18:00:00Z,873.32,874.39,-0.0012252095451838229,0.005461915449090935,0.0015572756835981081,0.006687124994274758,-0.22431865828090458,7,35,12,60,True,True,False,False,True,True,True,False,True,False,0.0012595612146750592,0.0005725278248522878,0.002187056290935833,-0.000229011129940837,0.0035611230705812455,0.0008473411807813963,0.004545870929327196,0.003366463610131515,0.005461915449090935,-0.0005954289378463585,0.005461915449090935,-0.0012252095451838229
7cc99eeac5183f37222ff5b8,LINKUSDT,3,2025-11-30T02:55:00Z,2025-11-30T03:00:00Z,13.01,13.103,-0.0071483474250576455,0.005764796310530306,0.007225211375864675,0.012913143735587952,-1.2400000000000113,5,25,12,60,True,True,False,False,True,True,True,False,True,False,0.0,0.0,0.0016910069177555912,0.001152959262106116,0.0026133743274403473,0.0019984627209838433,0.005764796310530306,0.002382782475019261,0.005764796310530306,-0.004688700999231356,0.005764796310530306,-0.0071483474250576455
172289ee1e27001c13153267,SOLUSDT,3,2025-11-30T04:55:00Z,2025-11-30T05:00:00Z,136.29,135.69,0.004402377283733175,0.00579646342358201,0.0,0.0013940861398488349,0.7594936708860764,7,35,1,5,True,False,True,False,False,False,False,True,False,False,0.0016875779587643244,0.0016142050040355042,0.0030082911438843395,0.00278817227969767,0.00315503705334198,0.002641426370239821,0.005649717514124161,0.005136106831022002,0.00579646342358201,0.003815393645901987,0.00579646342358201,0.004402377283733175
e2fe5d25f6720cacc952f9e6,ADAUSDT,3,2025-11-30T07:55:00Z,2025-11-30T08:00:00Z,0.4182,0.418,0.0004782400765184923,0.004304160688665767,0.008130081300812908,0.0038259206121472747,0.11111111111112823,3,15,5,25,True,False,True,True,True,True,False,False,True,False,0.0019129603060737037,0.0004782400765184923,0.0019129603060737037,0.0004782400765184923,0.004304160688665767,0.0009564801530368519,0.004304160688665767,-0.0004782400765183596,0.004304160688665767,-0.002391200382592063,0.004304160688665767,0.0004782400765184923
d88e054b26ca2fa35fd935f7,LINKUSDT,3,2025-11-30T08:55:00Z,2025-11-30T09:00:00Z,13.028,13.092,-0.004912496162112378,0.0009210930303961049,0.005526558182376356,0.005833589192508483,-5.333333333333136,1,5,12,60,True,True,False,False,True,True,True,False,True,False,0.0009210930303961049,-0.00023027325759902623,0.0009210930303961049,-0.0014583972981271206,0.0009210930303961049,-0.0020724593183910995,0.0009210930303961049,-0.0033773411114521572,0.0009210930303961049,-0.0031470678538532675,0.0009210930303961049,-0.004912496162112378
c78431fd42426dbf02f721fd,ADAUSDT,3,2025-11-30T09:55:00Z,2025-11-30T10:00:00Z,0.42,0.4191,0.002142857142857171,0.0042857142857142105,0.0023809523809523833,0.0021428571428570393,0.5000000000000154,10,50,6,30,True,False,True,True,False,False,False,True,False,False,0.002142857142857171,0.0019047619047618271,0.0033333333333332308,0.0023809523809523833,0.0033333333333332308,-0.00023809523809521188,0.0033333333333332308,-0.002142857142857171,0.0038095238095237865,0.0033333333333332308,0.0042857142857142105,0.002142857142857171
607dbbafa268b86dccc0c9ab,ADAUSDT,3,2025-11-30T12:55:00Z,2025-11-30T13:00:00Z,0.4218,0.4256,-0.009009009009008938,0.002370791844476057,0.009483167377904228,0.011379800853484995,-3.799999999999967,3,15,8,40,True,True,False,False,True,True,True,False,True,False,0.0007112375533428698,-0.0011853959222380285,0.0011853959222380285,0.00023707918444757937,0.002370791844476057,0.0009483167377904491,0.002370791844476057,-0.006875296348980592,0.002370791844476057,-0.0066382171645328805,0.002370791844476057,-0.009009009009008938
f8e5cfb0c07894712e7b4abb,BNBUSDT,3,2025-11-30T14:55:00Z,2025-11-30T15:00:00Z,894.22,894.37,-0.00016774395562610685,0.004081769586902526,0.0018004517903871683,0.004249513542528633,-0.041095890410952934,2,10,5,25,True,True,False,False,True,True,True,False,True,False,0.00206884211938899,0.00206884211938899,0.004081769586902526,0.0025049764040169188,0.004081769586902526,0.0017333542081367764,0.004081769586902526,-0.0015432443917604117,0.004081769586902526,0.0012301223412583286,0.004081769586902526,-0.00016774395562610685
8a338718144c16b9673f6580,SOLUSDT,3,2025-11-30T15:55:00Z,2025-11-30T16:00:00Z,138.28,139.49,-0.008750361585189529,0.0002892681515764539,0.01091987272201324,0.009039629736765982,-30.250000000006217,2,10,11,55,True,True,False,False,True,True,True,False,True,False,0.0001446340757883297,-0.0007954874168352996,0.0002892681515764539,-0.0007954874168352996,0.0002892681515764539,-0.003543534856812331,0.0002892681515764539,-0.007665606016777569,0.0002892681515764539,-0.009473531964130765,0.0002892681515764539,-0.008750361585189529
8cea7a05584039db31d2c5ee,LINKUSDT,3,2025-11-30T16:55:00Z,2025-11-30T17:00:00Z,13.371,13.359,0.0008974646623289548,0.007703238351656552,0.000747887218607418,0.006805773689327598,0.11650485436893672,3,15,10,50,True,False,True,True,True,True,False,False,True,False,0.004412534589783939,0.004262957146062402,0.005908309026998775,0.005459576695834298,0.007703238351656552,0.0063570413581632524,0.007703238351656552,0.0055343654176949995,0.007703238351656552,0.0016453518809363729,0.007703238351656552,0.0008974646623289548
4e78759ccc89d687285ae24a,XRPUSDT,3,2025-11-30T20:55:00Z,2025-11-30T21:00:00Z,2.1946,2.1855,0.004146541510981347,0.008657614143807384,0.0,0.004511072632826037,0.4789473684210429,5,25,1,5,True,False,True,True,True,False,False,True,False,False,0.0015492572678392736,0.0010024605850723401,0.0021871867310671264,0.0020960539506060046,0.0037364439989064,0.0020504875603753426,0.008657614143807384,0.0030529481454478853,0.008657614143807384,0.004283240681673131,0.008657614143807384,0.004146541510981347
d372d4ba3ab571f1007a1f30,DOGEUSDT,3,2025-11-30T22:55:00Z,2025-11-30T23:00:00Z,0.14935,0.1459,0.023100100435219338,0.023970539002343486,0.00033478406427850344,0.0008704385671241474,0.9636871508379912,12,60,1,5,True,False,True,False,False,False,False,True,False,False,0.004486106461332466,0.004218279209909738,0.008503515232675065,0.008101774355540787,0.008503515232675065,0.007566119852695144,0.017676598593906953,0.01580180783394711,0.020087043856712436,0.01687311683963858,0.023970539002343486,0.023100100435219338
d91f6332acd72b5963d3518c,DOGEUSDT,4,2026-01-15T07:55:00Z,2026-01-15T08:00:00Z,0.14409,0.14408,6.940106877633594e-05,0.0044416684016933975,0.00048580748143531473,0.004372267332917061,0.015624999999972218,7,35,11,55,True,False,True,True,True,True,False,False,True,False,0.0019432299257408736,-0.00013880213755286452,0.0021514331320702665,0.002082032063293738,0.0038170587827052187,0.0029148448886113106,0.004025261989034612,0.003886459851481747,0.0044416684016933975,0.0013880213755292229,0.0044416684016933975,6.940106877633594e-05
678d9e344c564f075d6c9b2a,ADAUSDT,4,2026-01-15T10:55:00Z,2026-01-15T11:00:00Z,0.405,0.4045,0.001234567901234569,0.0034567901234568202,0.0022222222222221142,0.0022222222222222513,0.3571428571428543,8,40,1,5,True,False,True,True,True,False,False,True,False,False,0.0007407407407407962,-0.0007407407407406591,0.0007407407407407962,-0.0004938271604937727,0.0007407407407407962,-0.0014814814814814554,0.001234567901234569,-0.001234567901234569,0.0034567901234568202,0.0022222222222222513,0.0034567901234568202,0.001234567901234569
14a95f5a192f08eaae03bbc0,ETHUSDT,4,2026-01-15T13:55:00Z,2026-01-15T14:00:00Z,3369.59,3340.38,0.008668710436581316,0.014497312729441969,0.0035671995702741227,0.005828602292860653,0.5979529170931386,10,50,2,10,True,False,True,True,False,False,False,True,False,False,7.419300270952846e-05,-0.0015491498965748947,7.419300270952846e-05,-0.002985526429031409,7.419300270952846e-05,-0.002834172703503906,0.002023985113915985,0.00124941016562847,0.011203143409138796,0.010790630314073856,0.014497312729441969,0.008668710436581316
cc8a72d9ccbc998053499c8b,ETHUSDT,4,2026-01-16T00:55:00Z,2026-01-16T01:00:00Z,3315.31,3312.32,0.0009018764459431492,0.004572724722574919,0.0015926112490235304,0.0036708482766317704,0.19722955145117482,3,15,7,35,True,False,True,True,True,True,False,False,True,False,0.0008475828806355802,0.0008475828806355802,0.003408429377644844,0.003124896314371847,0.004572724722574919,0.0034295435419311893,0.004572724722574919,0.0017615245633138819,0.004572724722574919,0.0009048927551269715,0.004572724722574919,0.0009018764459431492
79bcd0efb96a96a538678c94,LINKUSDT,4,2026-01-16T02:55:00Z,2026-01-16T03:00:00Z,13.761,13.676,0.006176876680473736,0.006758229779812512,0.0026160889470242983,0.0005813530993387757,0.9139784946236463,12,60,3,15,True,False,True,False,False,False,False,True,False,False,0.0002906765496693234,-0.0013080444735121492,0.0002906765496693234,-0.0024707506721895717,0.0002906765496693234,-0.0010173679238428257,0.002616088947024169,0.0023980815347721444,0.005159508756631039,0.004505486519874965,0.006758229779812512,0.006176876680473736
13263e8e970e9192490e9759,SUIUSDT,4,2026-01-16T03:55:00Z,2026-01-16T04:00:00Z,1.7737,1.7726,0.000620172520719457,0.005976207926932494,0.004172069684839517,0.0053560354062130375,0.10377358490566828,11,55,6,30,True,False,True,True,True,True,False,True,False,False,0.000620172520719457,-0.0003382759203923628,0.0015786209618312767,0.0004510345605232756,0.0015786209618312767,0.000281896600326969,0.0015786209618312767,-0.0014094830016349702,0.0027625866832046717,0.0002255172802615752,0.005976207926932494,0.000620172520719457
8feb64683aba069f7aa25231,SOLUSDT,4,2026-01-16T04:55:00Z,2026-01-16T05:00:00Z,141.59,143.11,-0.010735221413941735,0.001271276220072087,0.01419591779080437,0.012006497634013822,-8.444444444444182,2,10,11,55,True,True,False,False,True,True,True,False,True,False,0.00035313228335342447,7.06264566706046e-05,0.001271276220072087,-0.0007768910233772528,0.001271276220072087,-0.000847517480048058,0.001271276220072087,-0.0014125291334132963,0.001271276220072087,-0.006780139840384264,0.001271276220072087,-0.010735221413941735
1fdff2d3003e096915d3cd18,ADAUSDT,4,2026-01-16T05:55:00Z,2026-01-16T06:00:00Z,0.3928,0.3938,-0.0025458248472505114,0.0025458248472505114,0.003818737270875767,0.005091649694501023,-1.0,5,25,10,50,True,True,False,False,True,True,True,False,True,False,0.0007637474541750687,-0.0002545824847251642,0.0015274949083502786,0.0012729124236252557,0.002291242362525347,0.0015274949083502786,0.0025458248472505114,-0.0002545824847251642,0.0025458248472505114,-0.0022912423625254886,0.0025458248472505114,-0.0025458248472505114
930f07784e0616c467e2ad53,LINKUSDT,4,2026-01-16T16:55:00Z,2026-01-16T17:00:00Z,13.573,13.642,-0.0050836218964119256,0.006041405731967931,0.005894054372651593,0.011125027628379858,-0.8414634146341274,6,30,12,60,True,True,False,False,True,True,True,False,True,False,0.0009577838355558756,0.0001473513593163389,0.002947027186325862,0.002726000147351419,0.004788919177779509,0.002357621749060637,0.006041405731967931,0.0012524865541885535,0.006041405731967931,-0.0037574596625653987,0.006041405731967931,-0.0050836218964119256
bf8609add225641156131b4e,ADAUSDT,4,2026-01-16T22:55:00Z,2026-01-16T23:00:00Z,0.3964,0.3954,0.0025227043390514655,0.004036326942482317,0.0017658930373361098,0.0015136226034308514,0.6250000000000043,10,50,1,5,True,False,True,True,False,False,False,True,False,False,0.0012613521695257327,0.00025227043390511856,0.00176589303733597,0.0012613521695257327,0.0020181634712410886,0.0005045408678102371,0.00353178607467194,0.0005045408678102371,0.003784056508577198,0.0030272452068617027,0.004036326942482317,0.0025227043390514655
fe8cff3d63929ffa3ff036ea,ADAUSDT,4,2026-01-16T23:55:00Z,2026-01-17T00:00:00Z,0.3953,0.3956,-0.0007589172780167531,0.0012648621300278282,0.004806476094105775,0.0020237794080445815,-0.6000000000000444,11,55,1,5,True,True,False,False,True,True,True,True,False,False,0.0,-0.002276751834050119,0.0,-0.0025297242600556564,0.0,-0.0025297242600556564,0.0,-0.003035669112066872,0.0010118897040222905,-0.0005059448520112155,0.0012648621300278282,-0.0007589172780167531
f26095b49211aef3f0ea727b,LTCUSDT,4,2026-01-17T00:55:00Z,2026-01-17T01:00:00Z,75.37,74.76,0.008093405864402273,0.01048162398832435,0.007562690725752861,0.0023882181239220767,0.7721518987341702,11,55,2,10,True,False,True,False,False,False,False,True,False,False,0.00013267878466240035,-0.0049091150325061735,0.00013267878466240035,-0.0071646543717658485,0.0018575029852726623,0.0002653575693248007,0.0018575029852726623,-0.0010614302772986373,0.009287514926363311,0.008226084649064675,0.01048162398832435,0.008093405864402273
b12efcaf010a6de5999cb446,SUIUSDT,4,2026-01-17T13:55:00Z,2026-01-17T14:00:00Z,1.8022,1.8099,-0.004272555765175918,0.003773166130285161,0.005992675618688226,0.008045721895461079,-1.1323529411764903,1,5,9,45,True,True,False,False,True,True,True,False,True,False,0.003773166130285161,0.0011097547442015323,0.003773166130285161,0.0009432915325713211,0.003773166130285161,-0.0011097547442015323,0.003773166130285161,-0.0004993896348906341,0.003773166130285161,-0.0036067029186549497,0.003773166130285161,-0.004272555765175918
298aa2500f6201dd1bc2cc09,ADAUSDT,4,2026-01-17T16:55:00Z,2026-01-17T17:00:00Z,0.4002,0.4002,0.0,0.0027486256871563967,0.004247876061968964,0.0027486256871563967,0.0,1,5,3,15,True,False,False,False,True,True,True,False,True,False,0.0027486256871563967,0.0022488755622189203,0.0027486256871563967,-0.000999500249875091,0.0027486256871563967,-0.0027486256871563967,0.0027486256871563967,-0.0012493753123438292,0.0027486256871563967,-0.0012493753123438292,0.0027486256871563967,0.0
1a7ec7076e9e2306940bd138,SUIUSDT,4,2026-01-17T17:55:00Z,2026-01-17T18:00:00Z,1.7948,1.793,0.001002897258747506,0.002507243146868703,0.0005014486293738149,0.001504345888121197,0.4000000000000099,1,5,4,20,True,False,True,True,True,False,False,False,True,False,0.002507243146868703,0.0008357477156229423,0.002507243146868703,0.0002228660574994183,0.002507243146868703,-5.571651437485457e-05,0.002507243146868703,0.0011143302874972152,0.002507243146868703,0.0010586137731223605,0.002507243146868703,0.001002897258747506
de8151ede0a16e44b07628bb,ADAUSDT,4,2026-01-17T20:55:00Z,2026-01-17T21:00:00Z,0.3989,0.3986,0.0007520681875155852,0.004011030333416873,0.000501378791677196,0.0032589621459012874,0.18749999999998046,8,40,10,50,True,False,True,True,True,True,False,False,True,False,0.0020055151667083665,0.0010027575833541137,0.0020055151667083665,0.0015041363750313097,0.003258962145901148,0.002757583354224091,0.003258962145901148,0.0005013787916770568,0.004011030333416873,0.0015041363750313097,0.004011030333416873,0.0007520681875155852
40f5e13bc48964cf7a55e062,LTCUSDT,4,2026-01-18T08:55:00Z,2026-01-18T09:00:00Z,75.37,75.67,-0.003980363539869937,0.0011941090619610377,0.0041130423245323375,0.005174472601830974,-3.333333333333175,6,30,12,60,True,True,False,False,True,True,True,False,True,False,0.0005307151386494129,-0.0021228605545972746,0.0005307151386494129,-0.0014594666312856498,0.0005307151386494129,0.00013267878466240035,0.0011941090619610377,0.0009287514926364255,0.0011941090619610377,-0.002255539339259675,0.0011941090619610377,-0.003980363539869937
b7001e881be23ab684f82e80,SUIUSDT,4,2026-01-18T12:55:00Z,2026-01-18T13:00:00Z,1.7701,1.7711,-0.0005649398339076266,0.004293542737698464,0.0027682051861476213,0.0048584825716060905,-0.13157894736840567,6,30,9,45,True,True,False,False,True,True,True,False,True,False,0.0002824699169538133,-0.0006214338172985147,0.0040675668041354135,0.0029941811197107975,0.0040675668041354135,0.002146771368849232,0.004293542737698464,0.00305067510310156,0.004293542737698464,-0.0012993616179876666,0.004293542737698464,-0.0005649398339076266
6615c287f1229c7ce7ea86d3,SUIUSDT,4,2026-01-18T15:55:00Z,2026-01-18T16:00:00Z,1.7733,1.7694,0.0021992894603282097,0.0032143461343258546,0.0035526983589916944,0.0010150566739976449,0.6842105263157874,1,5,3,15,True,False,True,True,False,False,False,False,True,False,0.0032143461343258546,0.0005075283369988851,0.0032143461343258546,-0.0021992894603280843,0.0032143461343258546,-0.0025376416849940495,0.0032143461343258546,0.0012406248237749966,0.0032143461343258546,-0.0005075283369987599,0.0032143461343258546,0.0021992894603282097
7dc674dde1f6056131a76272,SUIUSDT,4,2026-01-19T11:55:00Z,2026-01-19T12:00:00Z,1.5602,1.5543,0.0037815664658377235,0.01217792590693509,0.0,0.008396359441097366,0.31052631578947243,1,5,1,5,True,False,True,True,True,False,False,False,False,True,0.01217792590693509,0.006601717728496331,0.01217792590693509,0.0037174721189591254,0.01217792590693509,0.006794000769132126,0.01217792590693509,0.007306755544161054,0.01217792590693509,0.0038456608127163216,0.01217792590693509,0.0037815664658377235
3e8b6af7b15484a2e7efe87e,LTCUSDT,4,2026-01-19T14:55:00Z,2026-01-19T15:00:00Z,70.48,70.63,-0.0021282633371167915,0.0,0.008371169125993037,0.0021282633371167915,,1,5,1,5,False,False,False,False,False,False,False,False,False,True,0.0,-0.007803632236095305,0.0,-0.0063847900113507775,0.0,-0.005249716231554914,0.0,-0.00255391600454019,0.0,-0.003972758229284919,0.0,-0.0021282633371167915
20023546de2c936ba69a45b3,DOGEUSDT,4,2026-01-19T15:55:00Z,2026-01-19T16:00:00Z,0.12775,0.1291,-0.01056751467710364,0.0009393346379648453,0.01338551859099796,0.011506849315068486,-11.249999999999075,1,5,11,55,True,True,False,False,True,True,True,False,True,False,0.0009393346379648453,-0.002035225048923759,0.0009393346379648453,-0.0012524461839529821,0.0009393346379648453,-0.0014090019569470507,0.0009393346379648453,-0.005479452054794569,0.0009393346379648453,-0.0061839530332679854,0.0009393346379648453,-0.01056751467710364
3668f22bc5ed86078edaf7d7,LTCUSDT,4,2026-01-19T16:55:00Z,2026-01-19T17:00:00Z,70.87,71.08,-0.002963172005079635,0.001693241145759906,0.00860730915761252,0.004656413150839541,-1.7499999999998817,3,15,11,55,True,True,False,False,True,True,True,False,True,False,0.001128827430506537,0.000846620572879953,0.001411034288133322,0.000846620572879953,0.001693241145759906,0.001128827430506537,0.001693241145759906,-0.002257654861013074,0.001693241145759906,-0.004091999435586172,0.001693241145759906,-0.002963172005079635
096def5810b82d3e3de0fe1a,XRPUSDT,4,2026-01-19T17:55:00Z,2026-01-19T18:00:00Z,2.0173,2.01,0.003618698260050714,0.0045109800228028095,0.0037178406781340602,0.0008922817627520954,0.8021978021978263,10,50,2,10,True,False,True,False,False,False,False,True,False,False,0.0009418529717939883,0.00014871362712545928,0.0009418529717939883,-0.0026768452882565056,0.0009418529717939883,-0.0004957120904178307,0.003519555841966928,0.002726416497298399,0.003519555841966928,0.0016358498983791714,0.0045109800228028095,0.003618698260050714
e5414f7efe413c75574291e7,XRPUSDT,4,2026-01-19T19:55:00Z,2026-01-19T20:00:00Z,2.0127,2.0015,0.005564664381179559,0.0062105629254236485,0.0016395886123117495,0.0006458985442440897,0.8959999999999951,12,60,1,5,True,False,True,False,False,False,False,True,False,False,0.0004471605306305574,0.00019873801361353202,0.0028320166939931626,0.0023351716599593324,0.003676653251850784,0.002533909673572864,0.004620658816515171,0.0017389576191187363,0.0059124559050033505,0.00476971232672543,0.0062105629254236485,0.005564664381179559
bddee4d0c036d5ecda8de935,AVAXUSDT,4,2026-01-19T23:55:00Z,2026-01-20T00:00:00Z,12.728,12.661,0.005263984915147719,0.0060496543054682555,0.00031426775612818667,0.0007856693903205364,0.8701298701298729,12,60,1,5,True,False,True,False,False,False,False,True,False,False,0.0023570081709616093,0.0008642363293525482,0.002514142049025772,0.0021998742928975856,0.0029069767441859706,0.002592708988057784,0.005578252671275906,0.0038497800125706703,0.005578252671275906,0.002592708988057784,0.0060496543054682555,0.005263984915147719
3ff19cc17f5d80a489f1096f,AVAXUSDT,4,2026-01-20T05:55:00Z,2026-01-20T06:00:00Z,12.733,12.587,0.011466268750490912,0.01680672268907566,0.0,0.005340453938584748,0.682242990654208,4,20,1,5,True,False,True,True,False,False,False,True,False,False,0.0021204743579675664,0.002041938270635341,0.005104845676588493,0.004319484803267079,0.007225320034555919,0.006989711772559523,0.01680672268907566,0.006518495248566731,0.01680672268907566,0.00808921699520928,0.01680672268907566,0.011466268750490912
0c9b3c4eda7929cf05c08bbc,SOLUSDT,4,2026-01-20T21:55:00Z,2026-01-20T22:00:00Z,126.88,126.03,0.006699243379571204,0.020728247162673356,0.004255989911727666,0.01402900378310215,0.3231939163498083,7,35,2,10,True,False,True,True,True,False,False,True,False,False,0.00015762925598988037,-0.002916141235813403,0.00015762925598988037,-0.0030737704918032834,0.00015762925598988037,-0.003704287515762917,0.00015762925598988037,-0.0010245901639345024,0.020728247162673356,0.006226355611601451,0.020728247162673356,0.006699243379571204
0212c694d4b8e70d88dd1eec,BNBUSDT,4,2026-01-21T00:55:00Z,2026-01-21T01:00:00Z,881.75,880.24,0.00171250354408845,0.0030847745959739466,0.0029486815990927393,0.0013722710518854965,0.5551470588235204,5,25,3,15,True,False,True,True,False,False,False,True,False,False,0.0005443719875248293,-0.0006918060674794597,0.0013949532180323428,-0.0005557130705982524,0.0013949532180323428,-0.0016104337964275124,0.0030847745959739466,0.0006237595690387917,0.0030847745959739466,0.0015650694641338196,0.0030847745959739466,0.00171250354408845
cc9d5dc1e023b69184e6c442,ADAUSDT,4,2026-01-21T02:55:00Z,2026-01-21T03:00:00Z,0.3578,0.358,-0.0005589714924538233,0.0005589714924539784,0.006428172163219588,0.0011179429849078018,-0.9999999999997224,3,15,8,40,True,True,False,False,True,True,True,False,True,False,0.00027948574622691164,-0.0019564002235885366,0.00027948574622691164,-0.0005589714924538233,0.0005589714924539784,-0.0027948574622694267,0.0005589714924539784,-0.004751257685857963,0.0005589714924539784,-0.00419228619340414,0.0005589714924539784,-0.0005589714924538233
de0bbe7c8ced076aafd3f076,ADAUSDT,4,2026-01-21T03:55:00Z,2026-01-21T04:00:00Z,0.358,0.3587,-0.001955307262569927,0.0016759776536312554,0.003351955307262666,0.0036312849162011824,-1.1666666666667438,3,15,9,45,True,True,False,False,True,True,True,False,True,False,0.0002793296089385167,-0.0002793296089385167,0.0005586592178770335,0.0,0.0016759776536312554,0.0013966480446927388,0.0016759776536312554,-0.002234636871508444,0.0016759776536312554,-0.003351955307262666,0.0016759776536312554,-0.001955307262569927
116c47a001175d245abb48ee,ADAUSDT,4,2026-01-21T04:55:00Z,2026-01-21T05:00:00Z,0.3587,0.3612,-0.006969612489545587,0.0005575689991637398,0.010036241984945614,0.007527181488709327,-12.499999999997918,1,5,10,50,True,True,False,False,True,True,True,False,True,False,0.0005575689991637398,-0.002230275996654495,0.0005575689991637398,-0.0025090604962362878,0.0005575689991637398,-0.0030666294954000274,0.0005575689991637398,-0.00111513799832717,0.0005575689991637398,-0.004181767493727352,0.0005575689991637398,-0.006969612489545587
a15416903ef214122acd8733,ADAUSDT,4,2026-01-21T07:55:00Z,2026-01-21T08:00:00Z,0.3595,0.3583,0.0033379694019470903,0.008901251738525677,0.0,0.005563282336578587,0.37499999999999567,8,40,1,5,True,False,True,True,True,False,False,True,False,False,0.002781641168289293,0.0016689847009735451,0.0030598052851181917,0.0005563282336577969,0.0030598052851181917,0.002781641168289293,0.0030598052851181917,0.0019471488178024435,0.008901251738525677,0.006675938803894335,0.008901251738525677,0.0033379694019470903
1fa15178d3e1483f8a4e5d4a,BTCUSDT,4,2026-01-21T18:55:00Z,2026-01-21T19:00:00Z,88441.1,90321.9,-0.02126613079213158,0.0023835072155367005,0.022461276487967696,0.02364963800766828,-8.922201138519746,2,10,11,55,True,True,False,False,True,True,True,False,True,False,0.0018882623576595044,0.0013941481958049244,0.0023835072155367005,0.002025076576388193,0.0023835072155367005,0.0009543074430328063,0.0023835072155367005,-0.013287939657014634,0.0023835072155367005,-0.017759842426202262,0.0023835072155367005,-0.02126613079213158
76d204f2259159d08953490b,SOLUSDT,4,2026-01-21T21:55:00Z,2026-01-21T22:00:00Z,131.0,130.54,0.00351145038167945,0.003740458015267245,0.005343511450381593,0.0002290076335877949,0.9387755102040805,10,50,3,15,True,False,True,False,False,False,False,True,False,False,0.0006870229007633848,-0.0009923664122137058,0.0006870229007633848,-0.0026717557251907964,0.0006870229007633848,-0.0024427480916030015,0.0022900763358779494,0.0012213740458015007,0.003358778625954181,0.0025954198473282703,0.003740458015267245,0.00351145038167945
8a786be2d0a3fd6397450f23,AVAXUSDT,4,2026-01-21T22:55:00Z,2026-01-21T23:00:00Z,12.498,12.406,0.0073611777884460515,0.01048167706833081,0.0028804608737399077,0.0031204992798847583,0.7022900763358766,11,55,3,15,True,False,True,True,False,False,False,True,False,False,0.0012001920307248195,-0.0002400384061449923,0.0012001920307248195,0.0003200512081932757,0.0012001920307248195,-0.001120179228676678,0.004400704112658003,0.0009601536245798271,0.006961113778204493,0.006481036965914508,0.01048167706833081,0.0073611777884460515
009a45179687d073b0964beb,ETHUSDT,4,2026-01-22T00:55:00Z,2026-01-22T01:00:00Z,3003.96,3026.96,-0.007656560007456824,0.0010752473401776383,0.009667239244197648,0.008731807347634462,-7.120743034055687,1,5,11,55,True,True,False,False,True,True,True,False,True,False,0.0010752473401776383,-0.0041212266474920135,0.0010752473401776383,-0.0038382668211293576,0.0010752473401776383,-0.004390870717319822,0.0010752473401776383,-0.005825643483934539,0.0010752473401776383,-0.004327620873779944,0.0010752473401776383,-0.007656560007456824
bb2a1e21d8d6d17c0497a218,ADAUSDT,4,2026-01-22T01:55:00Z,2026-01-22T02:00:00Z,0.3676,0.3652,0.00652883569096833,0.007889009793253424,0.001904243743199222,0.001360174102285094,0.827586206896549,12,60,1,5,True,False,True,False,False,False,False,True,False,False,0.002448313384113048,-0.0005440696409141281,0.002448313384113048,0.000544069640913977,0.002448313384113048,0.001088139281827954,0.002448313384113048,0.000544069640913977,0.005168661588683236,0.003264417845484165,0.007889009793253424,0.00652883569096833
0d2f74ade817b1e5a4c8b05f,LTCUSDT,4,2026-01-22T03:55:00Z,2026-01-22T04:00:00Z,68.61,68.73,-0.0017490161783997166,0.001603264830199671,0.004809794490599013,0.0033522810085993876,-1.090909090909138,1,5,8,40,True,True,False,False,True,True,True,False,True,False,0.001603264830199671,0.001603264830199671,0.001603264830199671,-0.0005830053927999746,0.001603264830199671,-0.00043725404459992915,0.001603264830199671,-0.003060778312199297,0.001603264830199671,-0.0040810377495992005,0.001603264830199671,-0.0017490161783997166
d8e8dd0a7042d1d5fce99e7d,SUIUSDT,4,2026-01-22T04:55:00Z,2026-01-22T05:00:00Z,1.5262,1.5215,0.0030795439654042237,0.005176254750360384,0.0005896999082688382,0.0020967107849561603,0.5949367088607488,6,30,2,10,True,False,True,True,False,False,False,True,False,False,0.0015070108766871764,0.00019656663608961275,0.0016380553007469183,0.0013759664526274346,0.002162232996986031,0.0018346219368365311,0.005176254750360384,0.004652077054121417,0.005176254750360384,0.002358799633075644,0.005176254750360384,0.0030795439654042237
3a79826b95c54a69987e026d,DOGEUSDT,4,2026-01-22T16:55:00Z,2026-01-22T17:00:00Z,0.12503,0.12521,-0.001439654482923984,0.004958809885627414,0.0029592897704551644,0.006398464368551398,-0.2903225806451403,6,30,10,50,True,True,False,False,True,True,True,False,True,False,0.0,-0.0011197312644965307,0.00031992321842756435,-0.0024794049428137625,0.001199712069103394,0.0010397504598896675,0.004958809885627414,0.0036791170119171565,0.004958809885627414,0.002159481724386198,0.004958809885627414,-0.001439654482923984
1d513d76c704216aea929120,SUIUSDT,4,2026-01-22T22:55:00Z,2026-01-22T23:00:00Z,1.4944,1.495,-0.00040149892933629284,0.005955567451820067,0.001873661670235637,0.00635706638115636,-0.06741573033709689,2,10,7,35,True,True,False,False,True,True,True,False,True,False,0.004550321199143414,0.00421573875802996,0.005955567451820067,0.0024759100642398535,0.005955567451820067,0.0008029978586722885,0.005955567451820067,0.0011375802997858906,0.005955567451820067,0.0018736616702354884,0.005955567451820067,-0.00040149892933629284
f83c65a01682faf2caa0273f,LTCUSDT,4,2026-01-23T03:55:00Z,2026-01-23T04:00:00Z,69.3,69.32,-0.0002886002886002312,0.002453102453102478,0.00230880230880226,0.002741702741702709,-0.11764705882350482,7,35,10,50,True,True,False,False,True,True,True,False,True,False,0.0021645021645020418,0.001443001443001361,0.0021645021645020418,0.0007215007215006805,0.0021645021645020418,-0.001298701298701348,0.0021645021645020418,0.00115440115440113,0.002453102453102478,0.00014430014430001306,0.002453102453102478,-0.0002886002886002312
46da36427f96405ba4c6f918,ADAUSDT,4,2026-01-23T05:55:00Z,2026-01-23T06:00:00Z,0.3604,0.3601,0.0008324084350722044,0.004716981132075414,0.005826859045504969,0.0038845726970032097,0.17647058823530948,6,30,3,15,True,False,True,True,True,True,False,True,False,False,0.0019422863485016048,0.0005549389567147002,0.0019422863485016048,0.0005549389567147002,0.0019422863485016048,-0.004439511653718064,0.004716981132075414,0.0022197558268591093,0.004716981132075414,-0.0024972253052164594,0.004716981132075414,0.0008324084350722044
588e4d98836d6ba4d0342541,ADAUSDT,4,2026-01-23T06:55:00Z,2026-01-23T07:00:00Z,0.3601,0.3609,-0.002221605109691816,0.0024993057484031,0.0036101083032491627,0.004720910858094916,-0.8888888888889576,2,10,12,60,True,True,False,False,True,True,True,False,True,False,0.001110802554845754,-0.00027770063871159265,0.0024993057484031,0.0024993057484031,0.0024993057484031,0.0008331019161343154,0.0024993057484031,-0.001110802554845908,0.0024993057484031,-0.0019439044709803775,0.0024993057484031,-0.002221605109691816
faef07366d2dd0c181def23a,DOGEUSDT,4,2026-01-23T10:55:00Z,2026-01-23T11:00:00Z,0.12495,0.12513,-0.0014405762304920825,0.0005602240896358593,0.0035214085634253374,0.002000800320127942,-2.5714285714283447,1,5,7,35,True,True,False,False,True,True,True,False,True,False,0.0005602240896358593,-0.002240896358543437,0.0005602240896358593,-0.0019207683073228508,0.0005602240896358593,-0.0027210884353742054,0.0005602240896358593,-0.0017607042817126687,0.0005602240896358593,-0.0028011204481791854,0.0005602240896358593,-0.0014405762304920825
708164a3df85d4e22271d356,BTCUSDT,4,2026-01-23T15:55:00Z,2026-01-23T16:00:00Z,89711.2,90079.0,-0.004099822541667071,0.003045327673690655,0.008291049501065675,0.007145150215357726,-1.3462664714495127,7,35,11,55,True,True,False,False,True,True,True,False,True,False,0.000978696082540451,-0.002122365992206199,0.000978696082540451,-0.0006130784116141574,0.0012395330794816822,1.6720320316749747e-05,0.0027265268996512285,0.002036535014580087,0.003045327673690655,-0.005817556782207893,0.003045327673690655,-0.004099822541667071
4b67a3a9e1639256f1c9e33a,BNBUSDT,4,2026-01-23T17:55:00Z,2026-01-23T18:00:00Z,899.89,900.58,-0.0007667603818245058,0.0009890097678605012,0.004222738334685426,0.001755770149685007,-0.7752808988764777,1,5,2,10,True,True,False,False,True,True,True,False,True,False,0.0009890097678605012,-0.0022669437375678844,0.0009890097678605012,-0.0037337896854060092,0.0009890097678605012,-0.0018113324961939743,0.0009890097678605012,-0.0026892175710364146,0.0009890097678605012,-0.0010223471757658815,0.0009890097678605012,-0.0007667603818245058
ff3732468e36a67dc0ce6150,XRPUSDT,4,2026-01-23T18:55:00Z,2026-01-23T19:00:00Z,1.9438,1.9227,0.010855026237267156,0.012295503652639176,0.0,0.0014404774153720205,0.8828451882845134,12,60,1,5,True,False,True,False,False,False,False,True,False,False,0.003755530404362518,0.002675172342833559,0.0041670953801831445,0.0013375861714167794,0.0041670953801831445,0.0031381829406317494,0.008642864492231674,0.006122029015330806,0.010597798127379335,0.00699660458894951,0.012295503652639176,0.010855026237267156
30a11eb63f28d2fab9c84f12,XRPUSDT,4,2026-01-23T22:55:00Z,2026-01-23T23:00:00Z,1.9249,1.9186,0.0032728972933658744,0.003636552548184382,0.0,0.0003636552548185075,0.8999999999999809,4,20,1,5,True,False,True,False,False,False,False,True,False,False,0.0023377837809756084,0.0014026702685854572,0.003013143539924166,0.0021299807782222415,0.003013143539924166,0.0022338822795989247,0.003636552548184382,0.0015065717699621407,0.003636552548184382,0.0025455867837290906,0.003636552548184382,0.0032728972933658744
901b9d9b8664e280a2df588e,LINKUSDT,4,2026-01-24T01:55:00Z,2026-01-24T02:00:00Z,12.224,12.218,0.0004908376963350972,0.0009816753926701943,0.0008998691099475812,0.0004908376963350972,0.5,7,35,4,20,True,False,True,True,True,False,False,True,False,False,0.0006544502617801779,0.0001636125654450808,0.0006544502617801779,-0.0004090314136124841,0.0006544502617801779,-8.180628272246775e-05,0.0008180628272251134,0.00040903141361262936,0.0009816753926701943,-0.0001636125654450808,0.0009816753926701943,0.0004908376963350972
aa5bd568a5ea0001c8873062,ADAUSDT,4,2026-01-24T14:55:00Z,2026-01-24T15:00:00Z,0.3592,0.3576,0.004454342984409927,0.006124721603563572,0.001948775055679227,0.0016703786191536452,0.7272727272727365,11,55,2,10,True,False,True,True,False,False,False,True,False,False,0.00027839643652573633,-0.0008351893095767454,0.00027839643652573633,-0.0016703786191536454,0.00027839643652573633,-0.0016703786191536454,0.0011135857461024817,0.0005567928730513182,0.003619153674833027,0.003062360801781863,0.006124721603563572,0.004454342984409927
0070595bd0227c2ad9efd016,SUIUSDT,4,2026-01-24T15:55:00Z,2026-01-24T16:00:00Z,1.4818,1.4825,-0.0004723984343365656,0.005061411796463802,0.002227021190444109,0.005533810230800368,-0.09333333333332228,4,20,2,10,True,True,False,False,True,True,True,True,False,False,0.0007423403968147529,-0.0002024564718585281,0.0007423403968147529,-0.0010797678499122997,0.0014171953030098466,0.0010122823592927904,0.005061411796463802,0.00209205020920509,0.005061411796463802,0.0022945066810636182,0.005061411796463802,-0.0004723984343365656
77853b8c02b7967d0cf3f42b,SUIUSDT,4,2026-01-25T01:55:00Z,2026-01-25T02:00:00Z,1.4872,1.4871,6.724045185582907e-05,0.0012103281334050725,0.0038999462076385336,0.0011430876815492434,0.055555555555548704,10,50,2,10,True,False,True,True,True,True,False,True,False,False,0.000806885422270098,-0.002622377622377632,0.000806885422270098,-0.0030258203335126062,0.000806885422270098,-0.003429263044647581,0.000806885422270098,-0.001815492200107534,0.0010758472296934142,0.0010758472296934142,0.0012103281334050725,6.724045185582907e-05
355a6fc6e3b0d74aaf466784,SUIUSDT,4,2026-01-25T04:55:00Z,2026-01-25T05:00:00Z,1.4757,1.4829,-0.004879040455377174,0.0006098800569220715,0.005421156061530126,0.005488920512299245,-8.000000000000988,1,5,12,60,True,True,False,False,True,True,True,False,True,False,0.0006098800569220715,0.0003388222538455953,0.0006098800569220715,-6.776445076911905e-05,0.0006098800569220715,-0.0006776445076911906,0.0006098800569220715,-0.001965169072304603,0.0006098800569220715,-0.002100697973842841,0.0006098800569220715,-0.004879040455377174
56a6d081ad96acf25bf76709,ADAUSDT,4,2026-01-25T09:55:00Z,2026-01-25T10:00:00Z,0.3567,0.3582,-0.004205214465937766,0.0008410428931876155,0.009812167087188121,0.0050462573591253815,-4.99999999999963,2,10,7,35,True,True,False,False,True,True,True,False,True,False,0.00028034763106264226,-0.0008410428931874599,0.0008410428931876155,-0.00028034763106248663,0.0008410428931876155,-0.0022427810485000487,0.0008410428931876155,-0.008410428931875533,0.0008410428931876155,-0.0075693860386879174,0.0008410428931876155,-0.004205214465937766
78ef4c58cc3265175a46d899,LTCUSDT,4,2026-01-25T10:55:00Z,2026-01-25T11:00:00Z,69.65,69.96,-0.004450825556353023,0.00430725053840648,0.006173725771715615,0.008758076094759502,-1.0333333333332544,1,5,6,30,True,True,False,False,True,True,True,False,True,False,0.00430725053840648,0.0024407753050969374,0.00430725053840648,0.0033022254127782332,0.00430725053840648,0.003158650394831283,0.00430725053840648,-0.0037329504666186774,0.00430725053840648,-0.0005743000717873946,0.00430725053840648,-0.004450825556353023
ed45d31edcf4b909677f3ca5,LINKUSDT,4,2026-01-25T14:55:00Z,2026-01-25T15:00:00Z,11.983,11.957,0.002169740465659668,0.0035884169239757185,0.0025035466911457363,0.0014186764583160507,0.6046511627906784,11,55,6,30,True,False,True,True,False,False,False,True,False,False,0.0007510640073437654,-0.0006676124509721371,0.0007510640073437654,0.00025035466911458844,0.0008345155637152455,0.0005007093382291769,0.0023366435784027764,-0.0018359342401735993,0.0023366435784027764,0.0001669031127431084,0.0035884169239757185,0.002169740465659668
a1910a65981363286f19f63a,LTCUSDT,4,2026-01-25T15:55:00Z,2026-01-25T16:00:00Z,69.46,68.02,0.020731356176216496,0.021451194932335084,0.00014396775122379956,0.0007198387561185883,0.966442953020136,12,60,1,5,True,False,True,False,False,False,False,True,False,False,0.008206161819752278,0.0017276130146845717,0.008206161819752278,0.006190613302620107,0.011085516844226836,0.009645839331989455,0.02101929167866389,0.01612438813705716,0.02101929167866389,0.020011517420097907,0.021451194932335084,0.020731356176216496
0e11723bf97c80ed3db114a9,BTCUSDT,4,2026-01-26T00:55:00Z,2026-01-26T01:00:00Z,86808.5,87661.8,-0.009829682577167017,0.00041009808947287216,0.011323775897521557,0.01023978066663989,-23.969101123591667,1,5,11,55,True,True,False,False,True,True,True,False,True,False,0.00041009808947287216,-0.003314191582621484,0.00041009808947287216,-0.005454534982173405,0.00041009808947287216,-0.004967255510693044,0.00041009808947287216,-0.00933433937920829,0.00041009808947287216,-0.00970642275814011,0.00041009808947287216,-0.009829682577167017
f80ccf3a1b5e034ab4953afb,SUIUSDT,4,2026-01-26T03:55:00Z,2026-01-26T04:00:00Z,1.4288,1.4446,-0.01105823068309073,0.0006998880179172115,0.015187569988801672,0.011758118701007942,-15.799999999998269,1,5,6,30,True,True,False,False,True,True,True,False,True,False,0.0006998880179172115,0.0004899216125420947,0.0006998880179172115,-0.002659574468085124,0.0006998880179172115,-0.004549272116461331,0.0006998880179172115,-0.013297872340425466,0.0006998880179172115,-0.008888577827547546,0.0006998880179172115,-0.01105823068309073
0cab46f25cd69abeb7f23afd,DOGEUSDT,4,2026-01-26T04:55:00Z,2026-01-26T05:00:00Z,0.12203,0.12158,0.0036876177989019583,0.004834876669671338,0.0004097353109890559,0.0011472588707693793,0.7627118644067984,8,40,1,5,True,False,True,False,False,False,False,True,False,False,0.0012292059329672815,0.0009833647463738024,0.0021306236171432956,0.0015569941817585489,0.002540358928132465,0.002540358928132465,0.003359829550110577,0.0026223059903302537,0.004834876669671338,0.0035237236745062676,0.004834876669671338,0.0036876177989019583
57ed2067e31256010e4eedf8,SUIUSDT,4,2026-01-26T06:55:00Z,2026-01-26T07:00:00Z,1.4437,1.4451,-0.0009697305534391271,0.0026321257879060923,0.005402784512017753,0.0036018563413452195,-0.36842105263159436,7,35,4,20,True,True,False,False,True,True,True,True,False,False,0.0017316617025697491,0.0017316617025697491,0.002008727574980884,0.0004848652767194867,0.002008727574980884,-0.0018701946387753166,0.002008727574980884,0.0007619311491306219,0.0026321257879060923,0.0004155988086167029,0.0026321257879060923,-0.0009697305534391271
9ae39bc3385fec6213539153,SUIUSDT,4,2026-01-26T07:55:00Z,2026-01-26T08:00:00Z,1.4451,1.4464,-0.0008995917237560423,0.0016607847207805394,0.01162549304546393,0.0025603764445365816,-0.5416666666666166,4,20,5,25,True,True,False,False,True,True,True,False,True,False,0.00013839872673169882,-0.0009687910871218917,0.00013839872673169882,-0.00048439554356094586,0.0014531866306829913,0.0014531866306829913,0.0016607847207805394,-0.006297142066292911,0.0016607847207805394,-0.00159158535741469,0.0016607847207805394,-0.0008995917237560423
8e4edfc8e37eecd5494a033b,ADAUSDT,4,2026-01-26T08:55:00Z,2026-01-26T09:00:00Z,0.3486,0.3454,0.009179575444635789,0.011187607573149783,0.00028686173264483354,0.0020080321285139945,0.8205128205128267,11,55,1,5,True,False,True,False,False,False,False,True,False,False,0.0034423407917384807,0.002868617326448654,0.005163511187607641,0.005163511187607641,0.006597819850831968,0.006310958118187135,0.008318990246701128,0.007171543316121636,0.010900745840504949,0.008032128514056295,0.011187607573149783,0.009179575444635789
2f79eaf5c03cdd1f5125b594,LINKUSDT,4,2026-01-26T12:55:00Z,2026-01-26T13:00:00Z,11.827,11.877,-0.00422761477974133,0.000845522955948236,0.004650376257715373,0.005073137735689566,-5.000000000000178,2,10,12,60,True,True,False,False,True,True,True,False,True,False,0.0005918660691637502,0.0005918660691637502,0.000845522955948236,0.0007609706603534575,0.000845522955948236,-0.0009300752515430145,0.000845522955948236,-0.0026211211634396365,0.000845522955948236,-0.002536568867844708,0.000845522955948236,-0.00422761477974133
e376c06a42f8ee9ce00284b1,XRPUSDT,4,2026-01-26T13:55:00Z,2026-01-26T14:00:00Z,1.9053,1.9189,-0.007137983519655727,0.0028341993386868584,0.011914134257072348,0.009972182858342586,-2.5185185185184955,7,35,9,45,True,True,False,False,True,True,True,False,True,False,0.0001049703458772781,-0.0025192883010549077,0.0001049703458772781,-0.003044140030441415,0.0001049703458772781,-0.0023618327822389905,0.0006298220752637852,0.00015745551881591715,0.0028341993386868584,-0.006770587309085137,0.0028341993386868584,-0.007137983519655727
5d5d028381d4ce2f333b70c1,BNBUSDT,4,2026-01-26T16:55:00Z,2026-01-26T17:00:00Z,873.52,874.5,-0.0011218976096712362,0.0051744665262386455,0.002117867936624259,0.006296364135909882,-0.21681415929204031,7,35,12,60,True,True,False,False,True,True,True,False,True,False,0.0006296364135909362,-0.001499679457825876,0.0008471471746497036,6.868760875531806e-05,0.0012821686967671084,0.0012134810880116602,0.0029993589156516215,0.0026902646762524303,0.0051744665262386455,0.0011333455444637892,0.0051744665262386455,-0.0011218976096712362
9da0a1af9306c0f7ffc64b6f,XRPUSDT,4,2026-01-26T17:55:00Z,2026-01-26T18:00:00Z,1.9109,1.9172,-0.0032968758176775198,0.0023549112983410688,0.008373017949657236,0.005651787116018589,-1.40000000000001,4,20,7,35,True,True,False,False,True,True,True,False,True,False,0.0009942958815218027,-0.00036631953529746346,0.0019362604008582535,0.00156994086556079,0.0019362604008582535,0.0011512899680778585,0.0023549112983410688,-0.0033492071798628714,0.0023549112983410688,-0.003977183526087211,0.0023549112983410688,-0.0032968758176775198
bbb2a8ceb7d6921d657ea24b,LTCUSDT,4,2026-01-26T19:55:00Z,2026-01-26T20:00:00Z,69.09,68.85,0.003473729917499046,0.004776378636560982,0.0015921262121869942,0.0013026487190619363,0.7272727272727586,12,60,2,10,True,False,True,True,False,False,False,True,False,False,0.00043421623968738075,-0.0013026487190621423,0.00043421623968738075,0.0001447387465625288,0.001447387465624671,0.0013026487190621423,0.003039513677811665,-0.00043421623968738075,0.003039513677811665,0.0011579099724996133,0.004776378636560982,0.003473729917499046
653ae67395fe4ce0343e3b48,ETHUSDT,4,2026-01-26T20:55:00Z,2026-01-26T21:00:00Z,2900.17,2927.97,-0.009585644979432146,0.0021619422309726607,0.015664598971784356,0.011747587210404807,-4.433811802232825,2,10,9,45,True,True,False,False,True,True,True,False,True,False,0.0008413299910005463,0.00013447487561069616,0.0021619422309726607,6.8961474672111664e-06,0.0021619422309726607,-0.0020895326825668653,0.0021619422309726607,-0.003479106397211248,0.0021619422309726607,-0.011957919708154982,0.0021619422309726607,-0.009585644979432146
7e231e32059e288570f5b2ef,ETHUSDT,4,2026-01-26T21:55:00Z,2026-01-26T22:00:00Z,2927.98,2925.96,0.0006898954227829363,0.0031933278232774503,0.002739089747880785,0.002503432400494514,0.21604278074866326,4,20,1,5,True,False,True,True,True,True,False,True,False,False,0.0012739158054358357,-0.0019433192849678121,0.0012739158054358357,0.00033470173976598823,0.002479525133368472,0.0022506984337325206,0.0031933278232774503,0.0020935935354750063,0.0031933278232774503,0.0011168109071783216,0.0031933278232774503,0.0006898954227829363
e5411515765aeb4cc99d5204,LTCUSDT,4,2026-01-27T00:55:00Z,2026-01-27T01:00:00Z,69.92,69.85,0.001001144164759831,0.004147597254004666,0.0024313501144165002,0.0031464530892448346,0.24137931034484789,2,10,7,35,True,False,True,True,True,True,False,False,True,False,0.003575514874141876,0.002860411899313542,0.004147597254004666,0.0034324942791761283,0.004147597254004666,0.0027173913043477935,0.004147597254004666,-0.0017162471395881656,0.004147597254004666,-0.00014302059496574821,0.004147597254004666,0.001001144164759831
c1e31e7740b8a3b6af647d01,SUIUSDT,4,2026-01-27T04:55:00Z,2026-01-27T05:00:00Z,1.4428,1.4404,0.0016634322151373576,0.0049209869697810545,0.00034654837815355205,0.0032575547546436967,0.33802816901410476,5,25,1,5,True,False,True,True,True,False,False,True,False,False,0.0013168838369836517,0.0002772387025229955,0.002217909620183041,0.001524812863875783,0.00304962572775172,0.0027723870252287243,0.0049209869697810545,0.003257554754643851,0.0049209869697810545,0.0035347934571666926,0.0049209869697810545,0.0016634322151373576
0db4699c337b1f17600ee4be,XRPUSDT,4,2026-01-27T14:55:00Z,2026-01-27T15:00:00Z,1.8826,1.8922,-0.005099330712843967,0.002124721130351643,0.006692871560607641,0.00722405184319561,-2.400000000000011,7,35,12,60,True,True,False,False,True,True,True,False,True,False,0.0015404228195050062,-0.0012748326782109623,0.0015404228195050062,-0.0028152554977158508,0.0015404228195050062,-0.0024965473281631395,0.0019122490173165024,0.0016997769042813617,0.002124721130351643,0.00031870816955282904,0.002124721130351643,-0.005099330712843967
62ed3792a6c8c81d73570028,ETHUSDT,4,2026-01-27T20:55:00Z,2026-01-27T21:00:00Z,3019.79,3014.46,0.001765023395666562,0.005321562095377547,0.003347914921236287,0.003556538699710985,0.3316739265712429,7,35,2,10,True,False,True,True,True,False,False,True,False,False,0.0016822361819861405,-0.0009901350756179193,0.0016822361819861405,-0.0015365306859085807,0.0016822361819861405,-0.00040731309130767975,0.002139221601502103,0.001513350266078159,0.005321562095377547,0.0015100387775308698,0.005321562095377547,0.001765023395666562
53a5091e1309176cc2cc2eea,ETHUSDT,4,2026-01-27T21:55:00Z,2026-01-27T22:00:00Z,3014.47,3018.01,-0.001174335787053916,0.003755220652386559,0.002779924829240334,0.004929556439440475,-0.31272084805658207,5,25,8,40,True,True,False,False,True,True,True,False,True,False,3.9807992781447776e-05,-0.0005738985625997334,3.9807992781447776e-05,-0.00014927997293065544,0.001482847731110212,0.0005241385716228483,0.003755220652386559,0.0023354022431803815,0.003755220652386559,-0.0009985171522689622,0.003755220652386559,-0.001174335787053916
c395bc9457711716433b76e5,XRPUSDT,4,2026-01-27T22:55:00Z,2026-01-27T23:00:00Z,1.9177,1.9147,0.0015643739896750752,0.0018772487876101828,0.001668665588986855,0.0003128747979351076,0.8333333333332922,1,5,8,40,True,False,True,False,False,False,False,False,True,False,0.0018772487876101828,0.0014600823903634112,0.0018772487876101828,0.0012514991917400833,0.0018772487876101828,0.0005736037962141518,0.0018772487876101828,-0.0012514991917400833,0.0018772487876101828,-0.00036502059759093965,0.0018772487876101828,0.0015643739896750752
5be1790d72fd8454d99f3d51,AVAXUSDT,4,2026-01-27T23:55:00Z,2026-01-28T00:00:00Z,12.128,12.134,-0.0004947229551451375,0.0054419525065963655,0.0028858839050132042,0.005936675461741503,-0.09090909090909337,9,45,1,5,True,True,False,False,True,True,True,True,False,False,8.245382585747409e-05,-0.0015666226912928866,8.245382585747409e-05,-0.002226253298152972,8.245382585747409e-05,-0.0018139841688654553,8.245382585747409e-05,-0.0007420844327177062,0.0054419525065963655,0.0037104221635883847,0.0054419525065963655,-0.0004947229551451375
e75d2f195aab825054343b39,LTCUSDT,4,2026-01-28T00:55:00Z,2026-01-28T01:00:00Z,70.04,69.83,0.0029982866933182173,0.006424900057110263,0.0008566533409478592,0.0034266133637920453,0.4666666666666814,6,30,1,5,True,False,True,True,True,False,False,True,False,False,0.0017133066818961241,-0.0005711022272985727,0.003997715591090821,0.0029982866933182173,0.003997715591090821,0.0017133066818961241,0.006424900057110263,0.004711593375214341,0.006424900057110263,0.004568817818389597,0.006424900057110263,0.0029982866933182173
abd2e4a81e2a6c254b527277,AVAXUSDT,4,2026-01-28T11:55:00Z,2026-01-28T12:00:00Z,12.232,12.153,0.006458469587965897,0.01005559189012421,0.00416939175931983,0.0035971223021583126,0.6422764227642218,11,55,3,15,True,False,True,True,False,False,False,True,False,False,0.0017985611510790112,-0.0005722694571616621,0.0017985611510790112,-0.0019620667102682237,0.002289077828646067,0.002207325049051606,0.005967952910398841,0.005313930673642863,0.008338783518639514,0.007848266841072604,0.01005559189012421,0.006458469587965897
ca811ad099e63fe896276f0d,ADAUSDT,4,2026-01-28T13:55:00Z,2026-01-28T14:00:00Z,0.3614,0.3584,0.0083010514665191,0.00996126175982289,0.0005534034311012119,0.0016602102933037897,0.8333333333333358,10,50,3,15,True,False,True,False,False,False,False,True,False,False,0.0019369120088543951,0.0011068068622025775,0.00415052573325955,0.003873824017708944,0.004980630879911521,0.0024903154399557605,0.00913115661317107,0.006640841173215311,0.00913115661317107,0.006087437742113945,0.00996126175982289,0.0083010514665191
5a4a13d0c2c5d9badca4ff53,XRPUSDT,4,2026-01-28T20:55:00Z,2026-01-28T21:00:00Z,1.9171,1.9139,0.0016691878357936944,0.0056856710656721775,0.0020864847947420604,0.004016483229878483,0.293577981651381,1,5,5,25,True,False,True,True,True,False,False,False,True,False,0.0056856710656721775,0.0032340514318501814,0.0056856710656721775,-0.0006259454384225485,0.0056856710656721775,0.00010432423973709142,0.0056856710656721775,0.0022429711543476972,0.0056856710656721775,0.00036513483907982,0.0056856710656721775,0.0016691878357936944
5c6a28b1136e15c70639dcba,SUIUSDT,4,2026-01-28T22:55:00Z,2026-01-28T23:00:00Z,1.416,1.4067,0.006567796610169396,0.009675141242937729,0.0026129943502825118,0.003107344632768333,0.67883211678832,8,40,1,5,True,False,True,True,False,False,False,True,False,False,0.0010593220338981884,-0.0009887005649717993,0.005579096045197753,0.005579096045197753,0.005932203389830483,0.003884180790960338,0.006355932203389758,0.0060028248587570285,0.009675141242937729,0.006567796610169396,0.009675141242937729,0.006567796610169396
8ab4fea28730c55cd6ec2f58,LTCUSDT,4,2026-01-29T03:55:00Z,2026-01-29T04:00:00Z,67.97,68.02,-0.0007356186552890564,0.004560835662792442,0.0019126085037515883,0.005296454318081498,-0.16129032258063483,5,25,11,55,True,True,False,False,True,True,True,False,True,False,0.0017654847726939025,0.0007356186552890564,0.0017654847726939025,-0.0002942474621155807,0.00308959835221412,0.0019126085037515883,0.004560835662792442,0.0004413711931734756,0.004560835662792442,-0.0007356186552890564,0.004560835662792442,-0.0007356186552890564
e8e51bc46d3d0a1ae31461f5,BNBUSDT,4,2026-01-29T10:55:00Z,2026-01-29T11:00:00Z,895.67,894.73,0.0010494936751258175,0.002143646655576227,0.0016412294706756143,0.0010941529804504094,0.489583333333313,6,30,3,15,True,False,True,True,True,False,False,True,False,False,0.0008038674958410057,-0.0005805709692186804,0.0008038674958410057,-0.0012727902017483966,0.0008038674958410057,-0.0008931861064901897,0.002143646655576227,0.0016523942970066035,0.002143646655576227,0.0007480433641854244,0.002143646655576227,0.0010494936751258175
40a3c45e639c28186f7d02ee,SUIUSDT,4,2026-01-30T04:55:00Z,2026-01-30T05:00:00Z,1.2953,1.2967,-0.0010808306955918073,0.004632131552536096,0.0030108855091484713,0.005712962248127904,-0.23333333333334447,3,15,6,30,True,True,False,False,True,True,True,False,True,False,0.00038601096271129854,-0.0006948197328805087,0.002470470161352482,0.0011580328881338957,0.004632131552536096,0.0025476723538947416,0.004632131552536096,-0.0012352350806763266,0.004632131552536096,0.0006948197328803373,0.004632131552536096,-0.0010808306955918073
1fb5804284b38601cd1a0058,DOGEUSDT,4,2026-01-30T07:55:00Z,2026-01-30T08:00:00Z,0.11449,0.11398,0.00445453751419335,0.008996418901213986,0.0019215652022011693,0.004541881387020636,0.49514563106796305,8,40,5,25,True,False,True,True,True,False,False,True,False,False,0.0030570355489561466,-0.00026203161848198316,0.0030570355489561466,-0.00017468774565469581,0.0030570355489561466,-0.00034937549130939163,0.0030570355489561466,0.001484845838064369,0.008996418901213986,0.004978600751157316,0.008996418901213986,0.00445453751419335
ce037eeb46bf66e4372447bf,LTCUSDT,4,2026-01-30T12:55:00Z,2026-01-30T13:00:00Z,64.47,64.15,0.0049635489374902,0.009151543353497694,0.0017062199472622837,0.0041879944160074945,0.542372881355924,7,35,8,40,True,False,True,True,False,False,False,False,True,False,0.003567550798821219,0.0029471071816348335,0.005273770746083503,0.00372266170311765,0.005273770746083503,0.002016441755855366,0.005273770746083503,0.002016441755855366,0.009151543353497694,0.0015511090429656323,0.009151543353497694,0.0049635489374902
8923f9823de1ae49ec5d744f,BNBUSDT,4,2026-01-30T16:55:00Z,2026-01-30T17:00:00Z,851.13,848.93,0.0025847990318753253,0.004041685758932174,0.0027140389834691045,0.0014568867270568484,0.6395348837209545,2,10,6,30,True,False,True,True,False,False,False,False,True,False,0.003336740568420843,0.0031840024438100365,0.004041685758932174,0.002761035329503158,0.004041685758932174,0.0030312643191992305,0.004041685758932174,-0.001492133986582522,0.004041685758932174,0.0009399269206818635,0.004041685758932174,0.0025847990318753253
2afe5d83b3e66620a469f440,LTCUSDT,4,2026-01-30T21:55:00Z,2026-01-30T22:00:00Z,65.38,65.46,-0.001223615784643596,0.005965126950137666,0.001529519730804658,0.007188742734781262,-0.20512820512820046,6,30,12,60,True,True,False,False,True,True,True,False,True,False,0.001223615784643596,0.00030590394616084466,0.002141327623126347,0.0,0.0022942795962066606,0.0022942795962066606,0.005965126950137666,0.00535331905781576,0.005965126950137666,0.0006118078923216893,0.005965126950137666,-0.001223615784643596
756520c12f97cfb2d9e18ed3,BTCUSDT,4,2026-02-01T00:55:00Z,2026-02-01T01:00:00Z,78861.3,78504.8,0.004520595019356769,0.007806110221363404,0.0005706220922049218,0.0032855152020066346,0.5791098115659464,9,45,1,5,True,False,True,True,False,False,False,True,False,False,0.002673047489706648,0.0016180306436744743,0.003876426079712065,0.0032449376310054326,0.005452611103291475,0.002466355487419051,0.006455637936478422,0.0007709738490235757,0.007806110221363404,0.006979342212213199,0.007806110221363404,0.004520595019356769
62a90f7b102f80abdec15700,LTCUSDT,4,2026-02-01T01:55:00Z,2026-02-01T02:00:00Z,59.48,59.78,-0.005043712172158781,0.0031943510423671443,0.007229320780094145,0.008238063214525925,-1.578947368421094,5,25,10,50,True,True,False,False,True,True,True,False,True,False,0.0006724949562878135,0.0001681237390719235,0.0006724949562878135,-0.0016812373907195935,0.0006724949562878135,-0.004203093476798924,0.0031943510423671443,0.0020174848688634408,0.0031943510423671443,-0.003026227303295221,0.0031943510423671443,-0.005043712172158781
b6649f0cc86d66e6ea91b38c,DOGEUSDT,4,2026-02-01T03:55:00Z,2026-02-01T04:00:00Z,0.10488,0.10505,-0.0016209000762776838,0.0005720823798627431,0.006102212051868818,0.002192982456140427,-2.8333333333331794,1,5,3,15,True,True,False,False,True,True,True,False,True,False,0.0005720823798627431,-0.0012395118230358992,0.0005720823798627431,-0.0016209000762776838,0.0005720823798627431,-0.004004576659038937,0.0005720823798627431,-0.0013348588863463123,0.0005720823798627431,-0.003337147215865781,0.0005720823798627431,-0.0016209000762776838
f86ef6a6c8dee48bdf3ee341,XRPUSDT,4,2026-02-01T04:55:00Z,2026-02-01T05:00:00Z,1.6649,1.658,0.004144393056640115,0.006186557751216275,0.0027028650369391245,0.0020421646945761596,0.6699029126213731,2,10,6,30,True,False,True,True,False,False,False,False,True,False,0.003123310709351969,0.0018619736921137021,0.006186557751216275,0.004805093399002947,0.006186557751216275,0.0015616553546759179,0.006186557751216275,-0.0019220373596010988,0.006186557751216275,0.0042044567241276455,0.006186557751216275,0.004144393056640115
7ee45445026694414e8a65d9,DOGEUSDT,4,2026-02-01T06:55:00Z,2026-02-01T07:00:00Z,0.10493,0.10573,-0.007624130372629458,0.005050986371866853,0.014009339559706463,0.012675116744496312,-1.5094339622641997,5,25,9,45,True,True,False,False,True,True,True,False,True,False,0.0015248260745258123,0.0009530162965785666,0.0043838749642619084,0.0016201277041836425,0.004479176593919739,0.0025731440007623414,0.005050986371866853,0.0007624130372629062,0.005050986371866853,-0.011626798818259782,0.005050986371866853,-0.007624130372629458
04769e55d4a485e2781fa969,LINKUSDT,4,2026-02-01T07:55:00Z,2026-02-01T08:00:00Z,9.937,9.956,-0.0019120458891013514,0.004629163731508441,0.007748817550568578,0.006541209620609792,-0.41304347826087795,6,30,9,45,True,True,False,False,True,True,True,False,True,False,0.00020126798832634514,-0.0006038039649793929,0.00020126798832634514,-0.001610143906611655,0.00020126798832634514,-0.0004025359766530478,0.004629163731508441,0.0025158498540805655,0.004629163731508441,-0.007547549562242233,0.004629163731508441,-0.0019120458891013514
4ee4101fbae223000549b320,LINKUSDT,4,2026-02-01T08:55:00Z,2026-02-01T09:00:00Z,9.956,9.958,-0.00020088388911216031,0.007231820008035273,0.0015066291683407563,0.007432703897147433,-0.027777777777787373,5,25,12,60,True,True,False,False,True,True,True,False,True,False,0.0026114905584571917,0.0024106066693450317,0.0042185616713539395,0.0036159100040176364,0.005323423061470375,0.005122539172358393,0.007231820008035273,0.0064282844515869885,0.007231820008035273,0.002711932503013183,0.007231820008035273,-0.00020088388911216031
2e35f8ae22d766d9c5bff573,LTCUSDT,4,2026-02-01T11:55:00Z,2026-02-01T12:00:00Z,59.28,59.15,0.002192982456140394,0.00826585695006751,0.0016869095816464477,0.006072874493927115,0.26530612244898377,5,25,8,40,True,False,True,True,True,False,False,False,True,False,0.002867746288798949,0.002361673414305003,0.003036437246963558,0.0026990553306343403,0.003711201079622113,0.0020242914979757853,0.00826585695006751,0.004385964912280668,0.00826585695006751,0.003711201079622113,0.00826585695006751,0.002192982456140394
360f23cc22eddefe563074f3,DOGEUSDT,4,2026-02-01T12:55:00Z,2026-02-01T13:00:00Z,0.10573,0.10561,0.0011349664239100443,0.004539865695639914,0.010025536744537893,0.00340489927172987,0.2500000000000145,12,60,3,15,True,False,True,True,True,False,False,True,False,False,9.458053532592453e-05,-0.004918187836943088,9.458053532592453e-05,-0.005107348907594805,9.458053532592453e-05,-0.007471862290740556,9.458053532592453e-05,-0.00444528516031399,9.458053532592453e-05,-0.0020807717771682394,0.004539865695639914,0.0011349664239100443
d53182de9c79a78292865423,SOLUSDT,4,2026-02-02T10:55:00Z,2026-02-02T11:00:00Z,102.85,102.73,0.0011667476908117681,0.002625182304326651,0.0050559066601848345,0.0014584346135148828,0.4444444444444152,12,60,7,35,True,False,True,True,True,False,False,True,False,False,0.0007778317938745581,0.0,0.0007778317938745581,-0.0004861448711717197,0.0016528925619833496,-0.0023334953816238125,0.0016528925619833496,-0.0029168692270297655,0.0016528925619833496,-0.0016528925619834877,0.002625182304326651,0.0011667476908117681
65a4c8fd595764107f2fc8d1,BTCUSDT,4,2026-02-02T12:55:00Z,2026-02-02T13:00:00Z,77947.5,78172.1,-0.0028814266012380874,0.002450367234356458,0.006478719651047179,0.005331793835594545,-1.1759162303665225,1,5,12,60,True,True,False,False,True,True,True,False,True,False,0.002450367234356458,0.0014535424484428995,0.002450367234356458,0.0021655601526668965,0.002450367234356458,-0.00011674524519716245,0.002450367234356458,0.0008993232624523663,0.002450367234356458,0.0014407133006190437,0.002450367234356458,-0.0028814266012380874
58e18adeb25688a3ea13dfa9,BTCUSDT,4,2026-02-02T16:55:00Z,2026-02-02T17:00:00Z,78588.8,78936.8,-0.004428111893806751,0.0004542632028991038,0.007347102895068943,0.004882375096705855,-9.74789915966466,1,5,5,25,True,True,False,False,True,True,True,False,True,False,0.0004542632028991038,-0.0037371737448592813,0.0004542632028991038,-0.0028706380552953,0.0004542632028991038,-0.00432122643430096,0.0004542632028991038,-0.004085823934199164,0.0004542632028991038,-0.002996610203998534,0.0004542632028991038,-0.004428111893806751
51efd0a1fbb770d798bd64a9,DOGEUSDT,4,2026-02-02T20:55:00Z,2026-02-02T21:00:00Z,0.10744,0.10816,-0.00670141474311255,0.0005584512285926156,0.008004467609828739,0.007259865971705166,-12.000000000002082,1,5,11,55,True,True,False,False,True,True,True,False,True,False,0.0005584512285926156,-0.004467609828741699,0.0005584512285926156,-0.0055845122859270605,0.0005584512285926156,-0.005770662695458018,0.0005584512285926156,-0.003723008190618126,0.0005584512285926156,-0.006794489947877964,0.0005584512285926156,-0.00670141474311255
1ba8e39f8c499b42b78492f4,BNBUSDT,4,2026-02-03T07:55:00Z,2026-02-03T08:00:00Z,782.2,779.77,0.0031066223472258547,0.005420608540015352,0.0009716185118895306,0.0023139861927894976,0.5731132075471836,4,20,6,30,True,False,True,True,False,False,False,False,True,False,0.001968805931986803,0.001061109690616263,0.001968805931986803,0.0012784454103809766,0.0051265660956277045,0.004615187931475343,0.005420608540015352,0.0009204806954743381,0.005420608540015352,0.00011506008693432859,0.005420608540015352,0.0031066223472258547
0eb33d900252570cafc3f0f5,LINKUSDT,4,2026-02-04T00:55:00Z,2026-02-04T01:00:00Z,9.541,9.633,-0.00964259511581582,0.0,0.014568703490200119,0.00964259511581582,,1,5,8,40,False,False,False,False,False,False,False,False,True,False,0.0,-0.011214757362959786,0.0,-0.010376270831149795,0.0,-0.013206162876008745,0.0,-0.010900324913530993,0.0,-0.012158054711246164,0.0,-0.00964259511581582
54f1fb464a4177c0f6d58688,ADAUSDT,4,2026-02-04T04:55:00Z,2026-02-04T05:00:00Z,0.2995,0.2973,0.007345575959933155,0.011352253756260481,0.0013355592654424424,0.004006677796327326,0.6470588235294031,11,55,1,5,True,False,True,True,False,False,False,True,False,False,0.0010016694490816928,0.0006677796327211285,0.0020033388981635708,0.0013355592654424424,0.0020033388981635708,0.0,0.004340567612687706,0.002337228714524135,0.006010016694490712,0.0046744574290484555,0.011352253756260481,0.007345575959933155
38aa1050c9e0210f15f859e4,DOGEUSDT,4,2026-02-04T06:55:00Z,2026-02-04T07:00:00Z,0.10842,0.10841,9.223390518350971e-05,0.0052573325954621015,0.003966057922892454,0.005165098690278592,0.017543859649115975,2,10,9,45,True,False,True,True,True,True,False,False,True,False,0.004334993543626621,0.003412654491791267,0.0052573325954621015,0.004611695259177278,0.0052573325954621015,0.0011990407673861383,0.0052573325954621015,-0.0005534034311011863,0.0052573325954621015,-0.0021213798192214915,0.0052573325954621015,9.223390518350971e-05
3cb38f9194d120ec9f06a225,LTCUSDT,4,2026-02-05T00:55:00Z,2026-02-05T01:00:00Z,59.05,58.89,0.0027095681625740322,0.011176968670618063,0.007112616426757015,0.00846740050804403,0.24242424242423852,5,25,7,35,True,False,True,True,True,True,False,False,True,False,0.001016088060965202,-0.0020321761219306445,0.001016088060965202,-0.0038950042337003218,0.001016088060965202,-0.0023708721422523384,0.011176968670618063,-0.0037256562235394746,0.011176968670618063,-0.0011854360711261692,0.011176968670618063,0.0027095681625740322
dd522bdcf3da0ec39b7a5583,LTCUSDT,4,2026-02-05T09:55:00Z,2026-02-05T10:00:00Z,58.08,56.81,0.021866391184572936,0.024449035812672205,0.0012052341597796193,0.002582644628099269,0.8943661971830948,12,60,5,25,True,False,True,False,False,False,False,True,False,False,0.0037878787878787685,0.0030991735537190036,0.007747933884297447,0.007575757575757537,0.007747933884297447,0.004132231404958589,0.007747933884297447,0.0010330578512395862,0.009297520661157011,0.0091253443526171,0.024449035812672205,0.021866391184572936
29963c3ad50f117df6be8ab7,DOGEUSDT,4,2026-02-06T12:55:00Z,2026-02-06T13:00:00Z,0.09341,0.09475,-0.014345359169253762,0.002355208221817919,0.02162509367305421,0.01670056739107168,-6.090909090908736,1,5,11,55,True,True,False,False,True,True,True,False,True,False,0.002355208221817919,-0.004603361524462047,0.002355208221817919,-0.001926988545123644,0.002355208221817919,-0.008992613210576957,0.002355208221817919,-0.010170217321485842,0.002355208221817919,-0.018413446097848188,0.002355208221817919,-0.014345359169253762
cd93c4f579cbbc1ad4490592,BTCUSDT,4,2026-02-06T21:55:00Z,2026-02-06T22:00:00Z,70308.7,71321.1,-0.01439935598297236,0.0011520622625649458,0.017654998599035437,0.015551418245537307,-12.498765432098873,1,5,11,55,True,True,False,False,True,True,True,False,True,False,0.0011520622625649458,-0.00298825038722101,0.0011520622625649458,-0.0043266338305216435,0.0011520622625649458,-0.001314204358777914,0.0011520622625649458,-0.006636447552010005,0.0011520622625649458,-0.012181991702307111,0.0011520622625649458,-0.01439935598297236
6c1cde635d099ffbe38e99c9,BTCUSDT,4,2026-02-07T01:55:00Z,2026-02-07T02:00:00Z,70431.0,70319.0,0.0015902088568954013,0.004684016981158782,0.002244750181028323,0.003093808124263381,0.3394968172173446,11,55,2,10,True,False,True,True,True,False,False,True,False,False,0.0012494498161321008,-0.0011898169839985647,0.001859976430833014,0.0012977240135734858,0.001859976430833014,0.0006417628601041741,0.002244750181028323,0.0003989720435604467,0.002244750181028323,0.0002413709872073377,0.004684016981158782,0.0015902088568954013
c177a21729a1c0319765c475,BTCUSDT,4,2026-02-07T04:55:00Z,2026-02-07T05:00:00Z,70728.6,70124.6,0.008539685502045848,0.011624717582420854,0.0059579858784140245,0.0030850320803750067,0.7346144490391527,12,60,5,25,True,False,True,True,False,False,False,True,False,False,0.0009995956374085114,0.0004057764468688994,0.001406785939492652,-0.002198544860212135,0.001406785939492652,-0.002093919574259794,0.009030293261848978,0.007052309815265718,0.009311650449747426,0.0075344344437753424,0.011624717582420854,0.008539685502045848
353e3998e3413512e143802b,AVAXUSDT,4,2026-02-07T05:55:00Z,2026-02-07T06:00:00Z,9.26,9.108,0.016414686825053915,0.016630669546436275,0.007019438444924353,0.00021598272138236008,0.9870129870129828,12,60,6,30,True,False,True,False,False,False,False,True,False,False,0.0009719222462203392,-0.0008639308855292544,0.0009719222462203392,-0.004319654427645888,0.0009719222462203392,-0.0023758099352052097,0.0030237580993521026,-0.0049676025917925895,0.0030237580993521026,-0.00010799136069108486,0.016630669546436275,0.016414686825053915
0fdd91194294524da7391b41,AVAXUSDT,4,2026-02-07T13:55:00Z,2026-02-07T14:00:00Z,9.119,9.048,0.007785941440947443,0.01019848667617063,0.0031801732646123387,0.0024125452352231867,0.7634408602150511,10,50,6,30,True,False,True,False,False,False,False,True,False,False,0.0009869503235004212,-0.00032898344116680706,0.001206272617611496,-0.00032898344116680706,0.0013159337646672282,0.00010966114705553743,0.0021932229411119174,-0.0010966114705559587,0.00811492488211425,0.003289834411667876,0.01019848667617063,0.007785941440947443
bc9f1d2e759b8b888a9c7e37,LINKUSDT,4,2026-02-07T15:55:00Z,2026-02-07T16:00:00Z,8.819,8.843,-0.0027213969837849112,0.004649053180632766,0.02290509128019049,0.007370450164417677,-0.5853658536585102,2,10,3,15,True,True,False,False,True,True,True,False,True,False,0.0005669577049552989,-0.0003401746229729376,0.004649053180632766,-0.008844540197301213,0.004649053180632766,-0.012586461050005542,0.004649053180632766,-0.007143667082435518,0.004649053180632766,-0.003968703934686286,0.004649053180632766,-0.0027213969837849112
ac8050ac5f9b49566177c759,BTCUSDT,4,2026-02-07T17:55:00Z,2026-02-07T18:00:00Z,69154.2,69475.0,-0.0046389084104798105,0.0027084399790613285,0.007496290897733019,0.007347348389541139,-1.7127602776294601,3,15,11,55,True,True,False,False,True,True,True,False,True,False,0.001175633584077365,-1.3014393919801417e-05,0.0021907563098119854,0.0018870871183528984,0.0027084399790613285,0.002077964895841425,0.0027084399790613285,-0.0023556052994613305,0.0027084399790613285,-0.004709764555153513,0.0027084399790613285,-0.0046389084104798105
a6f46e7b3bcf6832001c4735,AVAXUSDT,4,2026-02-07T18:55:00Z,2026-02-07T19:00:00Z,9.326,9.253,0.007827578811923697,0.009972120952176707,0.00021445421402518672,0.00214454214025301,0.7849462365591443,7,35,1,5,True,False,True,False,False,False,False,True,False,False,0.00364572163843027,0.0028951318893417352,0.004932446922582152,0.004717992708556775,0.0063263993137466275,0.005254128243620123,0.0063263993137466275,0.006004717992708657,0.009972120952176707,0.00793480591893629,0.009972120952176707,0.007827578811923697
52d33584aaaf3e4ac5c62f3e,LTCUSDT,4,2026-02-07T19:55:00Z,2026-02-07T20:00:00Z,55.42,55.79,-0.006676290147960978,0.0023457235654998658,0.007758931793576321,0.009022013713460845,-2.8461538461537703,3,15,11,55,True,True,False,False,True,True,True,False,True,False,0.0003608805485384902,-0.0007217610970768521,0.0016239624684230135,0.0014435221941537042,0.0023457235654998658,0.0012630819198845233,0.0023457235654998658,-0.0016239624684228852,0.0023457235654998658,-0.0036088054853842606,0.0023457235654998658,-0.006676290147960978
fd232ea3e1bd3078e54ecf64,DOGEUSDT,4,2026-02-07T20:55:00Z,2026-02-07T21:00:00Z,0.09867,0.09829,0.003851221242525504,0.004864700516874373,0.002128306476132582,0.0010134792743488686,0.7916666666666583,10,50,1,5,True,False,True,False,False,False,False,True,False,False,0.001722914766392922,0.001013479274348728,0.002128306476132441,0.001722914766392922,0.002635046113306946,0.0013175230566534026,0.002837741968176635,0.0011148272017837133,0.0029390898956116207,0.002837741968176635,0.004864700516874373,0.003851221242525504
a42aa8e9e324f7deb04b331b,DOGEUSDT,4,2026-02-07T22:55:00Z,2026-02-07T23:00:00Z,0.0983,0.09819,0.001119023397761943,0.007222787385554449,0.0012207527975584447,0.006103763987792506,0.1549295774647868,5,25,11,55,True,False,True,True,True,True,False,False,True,False,0.002238046795523886,0.002034587995930741,0.005696846388606357,0.004679552390640916,0.005696846388606357,0.0024415055951170304,0.007222787385554449,0.004170905391658125,0.007222787385554449,0.002238046795523886,0.007222787385554449,0.001119023397761943
18916a4bff308c668aa30096,ETHUSDT,4,2026-02-09T02:55:00Z,2026-02-09T03:00:00Z,2080.44,2099.01,-0.008925996423833498,0.00015862029186130205,0.010565072773067244,0.0090846167156948,-56.27272727274018,1,5,12,60,True,True,False,False,True,True,True,False,True,False,0.00015862029186130205,-0.0015813962431024031,0.00015862029186130205,-0.0013987425736862655,0.00015862029186130205,-0.001110342043029333,0.00015862029186130205,-0.0026677049085769007,0.00015862029186130205,-0.005888177500913268,0.00015862029186130205,-0.008925996423833498
2059888dcf36c00c8c33f3fd,AVAXUSDT,4,2026-02-09T04:55:00Z,2026-02-09T05:00:00Z,9.117,9.128,-0.0012065372381264924,0.0027421300866513495,0.002632444883185163,0.003948667324777842,-0.43999999999996303,3,15,8,40,True,True,False,False,True,True,True,False,True,False,0.00208401886585501,0.0018646484589230268,0.002522759679719366,0.0021937040693211967,0.0027421300866513495,0.002522759679719366,0.0027421300866513495,-0.00021937040693198326,0.0027421300866513495,-0.00010968520346599163,0.0027421300866513495,-0.0012065372381264924
467c0fcd7517c52e699261d3,LINKUSDT,4,2026-02-09T11:55:00Z,2026-02-09T12:00:00Z,8.559,8.601,-0.004907115317210141,0.0007010164738869554,0.00665965650192784,0.005608131791097096,-7.000000000002073,1,5,9,45,True,True,False,False,True,True,True,False,True,False,0.0007010164738869554,-0.0022198855006426137,0.0007010164738869554,-0.0042060988433229776,0.0007010164738869554,-0.005257623554153515,0.0007010164738869554,-0.003154574132492233,0.0007010164738869554,-0.005374459633134847,0.0007010164738869554,-0.004907115317210141
6dc5a36e9141c465dae33af9,BTCUSDT,4,2026-02-09T19:55:00Z,2026-02-09T20:00:00Z,70912.6,70683.9,0.003225096809311908,0.006523523323076657,0.002431161739944582,0.003298426513764749,0.49437959360140243,6,30,2,10,True,False,True,True,True,False,False,True,False,False,0.0034648285354085396,0.0017613230934983165,0.0034648285354085396,-0.001358009719006049,0.0034648285354085396,-0.0003708790821375659,0.006523523323076657,0.005723947507213227,0.006523523323076657,0.001840293544447672,0.006523523323076657,0.003225096809311908
e516b3f68c8da2e1f34be318,ETHUSDT,4,2026-02-09T20:55:00Z,2026-02-09T21:00:00Z,2123.68,2121.22,0.0011583666089053136,0.017333119867399962,0.0029759662472689692,0.01617475325849465,0.06682966585167183,7,35,11,55,True,False,True,True,True,True,False,False,True,False,0.002133089731032804,0.001930611014842118,0.004770021848865957,0.003093686431100594,0.004770021848865957,0.0034515557899494876,0.0068748587357793595,0.005495178181270068,0.017333119867399962,0.012087508475853057,0.017333119867399962,0.0011583666089053136
d344d933f209520312fa420a,SUIUSDT,4,2026-02-09T22:55:00Z,2026-02-09T23:00:00Z,0.9678,0.9623,0.005682992353792053,0.007542880760487676,0.005373010952676154,0.001859888406695623,0.7534246575342424,12,60,2,10,True,False,True,False,False,False,False,True,False,False,0.00010332713370529963,-0.0035131225459805317,0.00010332713370529963,-0.004546393883033643,0.00010332713370529963,-0.002376524075222121,0.0022731969415168214,0.0012399256044637104,0.0022731969415168214,0.0007232899359372122,0.007542880760487676,0.005682992353792053
338795031e2ba9be67d286b0,XRPUSDT,4,2026-02-10T04:55:00Z,2026-02-10T05:00:00Z,1.4466,1.441,0.003871146135766659,0.0073275266141297965,0.0012442969722105638,0.0034563804783631375,0.5283018867924493,10,50,8,40,True,False,True,True,False,False,False,True,False,False,0.001659062629614392,-0.00013825521913450709,0.001659062629614392,0.0005530208765381819,0.001659062629614392,0.0002765104382691677,0.0035255080879303914,0.0030416148209596165,0.005461081155813644,0.004285911793170334,0.0073275266141297965,0.003871146135766659
7aaf584ccf1afe03ecc1891f,LTCUSDT,4,2026-02-10T07:55:00Z,2026-02-10T08:00:00Z,53.14,53.5,-0.006774557771923211,0.00018818216033116315,0.006962739932254374,0.006962739932254374,-36.000000000007105,1,5,12,60,True,True,False,False,True,True,True,False,True,False,0.00018818216033116315,-0.0003763643206623263,0.00018818216033116315,-0.0024463680843056558,0.00018818216033116315,-0.0018818216033120328,0.00018818216033116315,-0.004704554008280015,0.00018818216033116315,-0.004704554008280015,0.00018818216033116315,-0.006774557771923211
e1c5cfc0a1cb6ea2264caa03,LTCUSDT,4,2026-02-10T16:55:00Z,2026-02-10T17:00:00Z,53.37,53.72,-0.006557991380925641,0.004309537193179631,0.008619074386359395,0.010867528574105272,-1.5217391304348096,2,10,9,45,True,True,False,False,True,True,True,False,True,False,0.003934794828555384,0.003934794828555384,0.004309537193179631,0.002248454187745877,0.004309537193179631,0.0020610830054337537,0.004309537193179631,-0.003560052463931138,0.004309537193179631,-0.007120104927862143,0.004309537193179631,-0.006557991380925641
c8b21ea8fce5902f3c41f044,LINKUSDT,4,2026-02-10T19:55:00Z,2026-02-10T20:00:00Z,8.543,8.531,0.0014046587849699964,0.005150415544890403,0.0021069881774553067,0.0037457567599204064,0.27272727272725067,4,20,10,50,True,False,True,True,True,False,False,False,True,False,0.0018728783799602032,0.0009364391899799976,0.0029263724686876486,0.0029263724686876486,0.004799250848647851,0.004682195949900404,0.005150415544890403,0.003043427367435304,0.005150415544890403,-0.0005852744937376545,0.005150415544890403,0.0014046587849699964
31f331753d0e4f892beeb28c,LINKUSDT,4,2026-02-11T01:55:00Z,2026-02-11T02:00:00Z,8.561,8.54,0.002452984464431818,0.0026866020324728054,0.005490012848966312,0.00023361756804098728,0.9130434782609166,12,60,7,35,True,False,True,False,False,False,False,True,False,False,0.0,-0.004555542576801741,0.0,-0.0022193668963906236,0.0,-0.0003504263520616883,0.0,-0.004321925008760753,0.0,-0.0014017054082467533,0.0026866020324728054,0.002452984464431818
5ba1b233886b937876ac14dc,BNBUSDT,4,2026-02-11T02:55:00Z,2026-02-11T03:00:00Z,619.91,617.36,0.004113500346824466,0.007726928102466429,0.001048539304092493,0.003613427755641963,0.5323590814196187,5,25,9,45,True,False,True,True,False,False,False,False,True,False,0.0017905825039118803,0.0009356196867286013,0.0017905825039118803,-0.00027423335645508667,0.0033875885209143633,0.0032585375296413704,0.007726928102466429,0.00348437676436897,0.007726928102466429,0.0007420431998192039,0.007726928102466429,0.004113500346824466
a9276b00c8750914238a2598,AVAXUSDT,4,2026-02-11T03:55:00Z,2026-02-11T04:00:00Z,8.863,8.729,0.01511903418706988,0.017714092293805713,0.002030915040054235,0.0025950581067358328,0.8535031847133778,11,55,1,5,True,False,True,False,False,False,False,True,False,False,0.00022565722667255915,-0.00045131445334551913,0.00394900146677199,0.0027078867200721127,0.004851630373462627,0.004287487306781029,0.010154575200270773,0.008574974613561857,0.015683177253751478,0.013877919440370003,0.017714092293805713,0.01511903418706988
e99305f1ac5f7ac4f2d74707,LTCUSDT,4,2026-02-11T17:55:00Z,2026-02-11T18:00:00Z,51.63,52.32,-0.013364323067983686,0.00426108851442971,0.016463296533023326,0.017625411582413396,-3.136363636363541,2,10,10,50,True,True,False,False,True,True,True,False,True,False,0.002324230098779867,0.0021305442572147866,0.00426108851442971,0.002905287623474834,0.00426108851442971,0.0,0.00426108851442971,-0.009877977919814023,0.00426108851442971,-0.0112337788107689,0.00426108851442971,-0.013364323067983686
9b3adbe21496d8fc293630e1,BNBUSDT,4,2026-02-11T19:55:00Z,2026-02-11T20:00:00Z,610.49,610.01,0.000786253665088729,0.006830578715458007,0.0014250847679732749,0.006044325050369279,0.11510791366907024,6,30,4,20,True,False,True,True,True,True,False,True,False,False,0.000769873380399396,0.0002948451244083665,0.003325197791937579,0.0014250847679732749,0.003325197791937579,-0.00013104227751485023,0.006830578715458007,0.0064702124522924955,0.006830578715458007,0.0032596766531802473,0.006830578715458007,0.000786253665088729
c422ee064c13ed96eaf69118,BNBUSDT,4,2026-02-11T21:55:00Z,2026-02-11T22:00:00Z,613.75,608.98,0.007771894093686325,0.008407331975560029,0.0002769857433807887,0.0006354378818737043,0.924418604651165,11,55,1,5,True,False,True,False,False,False,False,True,False,False,0.00275356415478624,0.002101832993889961,0.0028350305498981818,0.0027861507128310167,0.0069898167006109384,0.0049205702647657544,0.007576374745417478,0.005002036659877882,0.00788594704684323,0.004790224032586647,0.008407331975560029,0.007771894093686325
b42544eda8b0f5afe9b273f2,AVAXUSDT,4,2026-02-12T00:55:00Z,2026-02-12T01:00:00Z,8.716,8.729,-0.001491509866911416,0.0,0.007687012391005069,0.001491509866911416,,1,5,8,40,False,False,False,False,False,False,False,False,True,False,0.0,-0.0020651675080312856,0.0,-0.001491509866911416,0.0,-0.0020651675080312856,0.0,-0.004359798072510355,0.0,-0.004359798072510355,0.0,-0.001491509866911416
d871804de7158b56049abd6d,LINKUSDT,4,2026-02-12T01:55:00Z,2026-02-12T02:00:00Z,8.392,8.371,0.0025023832221161848,0.006434699714013378,0.002740705433746388,0.003932316491897193,0.38888888888886886,4,20,8,40,True,False,True,True,True,False,False,False,True,False,0.002025738798855989,0.0010724499523355985,0.0021448999046709853,0.00023832221162999186,0.004051477597711978,0.003693994280266779,0.006434699714013378,0.002859866539561384,0.006434699714013378,-0.0011916110581505943,0.006434699714013378,0.0025023832221161848
a0dd095dcaf64012a71e9393,DOGEUSDT,4,2026-02-12T02:55:00Z,2026-02-12T03:00:00Z,0.09158,0.09211,-0.005787289801266682,0.001091941471936984,0.007425202009172309,0.006879231273203666,-5.30000000000061,5,25,10,50,True,True,False,False,True,True,True,False,True,False,0.000982747324743316,-0.0019654946494867833,0.000982747324743316,-0.0025114653854554267,0.000982747324743316,-0.0025114653854554267,0.001091941471936984,-0.001747106355099447,0.001091941471936984,-0.00524131906529819,0.001091941471936984,-0.005787289801266682
7720aafb78eec955a74601fb,BNBUSDT,4,2026-02-12T03:55:00Z,2026-02-12T04:00:00Z,616.67,613.68,0.004848622439878718,0.0051567288825465005,0.0026756612126422417,0.00030810644266778247,0.9402515723270615,12,60,3,15,True,False,True,False,False,False,False,True,False,False,0.0014756676990934669,-0.0006810773995817419,0.0014756676990934669,-0.0021080967129908515,0.0014756676990934669,-0.001410803184847657,0.003486467640715419,0.003081064426678738,0.004962135339808886,0.001767558013199796,0.0051567288825465005,0.004848622439878718
4666232d63fde29d2e7a37eb,XRPUSDT,4,2026-02-12T06:55:00Z,2026-02-12T07:00:00Z,1.3824,1.381,0.0010127314814815304,0.005063657407407492,0.0019531249999999454,0.004050925925925962,0.2000000000000063,3,15,6,30,True,False,True,True,True,True,False,False,True,False,0.0015190972222222155,7.233796296295499e-05,0.003038194444444431,0.002893518518518521,0.005063657407407492,0.0035445601851852764,0.005063657407407492,0.00043402777777789056,0.005063657407407492,0.002387152777777836,0.005063657407407492,0.0010127314814815304
1404be06089c28603ceffea0,DOGEUSDT,4,2026-02-12T10:55:00Z,2026-02-12T11:00:00Z,0.09401,0.09383,0.0019146899266035487,0.004573981491330707,0.0022338049143708315,0.0026592915647271585,0.41860465116279,3,15,7,35,True,False,True,True,True,False,False,False,True,False,0.0010637166258908933,0.0010637166258908933,0.0027656632273162043,0.0023401765769598764,0.004573981491330707,0.0037230081906180525,0.004573981491330707,-0.00042548665035632775,0.004573981491330707,0.0012764599510689833,0.004573981491330707,0.0019146899266035487
d4ab8cf59bbe9d9c6e368494,LTCUSDT,4,2026-02-12T12:55:00Z,2026-02-12T13:00:00Z,52.98,53.28,-0.005662514156285471,0.005285013212532919,0.006795016987542593,0.010947527368818391,-1.0714285714286094,6,30,12,60,True,True,False,False,True,True,True,False,True,False,0.0022650056625141083,0.0016987542468855476,0.0030200075500188108,-0.0005662514156285606,0.0030200075500188108,0.0003775009437522843,0.005285013212532919,0.0037750094375235137,0.005285013212532919,-0.0024537561343903843,0.005285013212532919,-0.005662514156285471
cf073bf41414b278640f440a,AVAXUSDT,4,2026-02-13T01:55:00Z,2026-02-13T02:00:00Z,8.867,8.864,0.0003383331453704876,0.005187774895680743,0.0018044434419756668,0.004849441750310255,0.06521739130434866,8,40,12,60,True,False,True,True,True,True,False,False,True,False,0.0010149994361114629,-0.0004511108604939167,0.0010149994361114629,-0.00011277771512342908,0.0021427765873463546,0.001578888011729009,0.0038344423141987924,0.0027066651629639006,0.005187774895680743,0.0031577760234578174,0.005187774895680743,0.0003383331453704876
60db32fe0ec2e73e762697b0,ADAUSDT,4,2026-02-13T02:55:00Z,2026-02-13T03:00:00Z,0.2637,0.2627,0.003792188092529393,0.006067500948046986,0.0007584376185060049,0.0022753128555175932,0.6250000000000044,4,20,7,35,True,False,True,True,False,False,False,False,True,False,0.0026545316647704907,0.0015168752370117993,0.004929844520288084,0.004929844520288084,0.005688282138794089,0.005688282138794089,0.006067500948046986,0.0034129692832764956,0.006067500948046986,0.0026545316647704907,0.006067500948046986,0.003792188092529393
c4ad263df18202ee54e9e992,AVAXUSDT,4,2026-02-13T03:55:00Z,2026-02-13T04:00:00Z,8.855,8.803,0.0058723884810840885,0.006549971767363052,0.00045172219085257587,0.0006775832862789639,0.8965517241379268,12,60,1,5,True,False,True,False,False,False,False,True,False,False,0.0015810276679843163,0.0013551665725579282,0.0031620553359684323,0.0016939582156974102,0.003613777526821008,0.0029361942405420442,0.004178430265386879,0.002484472049689468,0.004178430265386879,0.0037267080745343024,0.006549971767363052,0.0058723884810840885
a64a8b8c772e6a84b08b404b,ETHUSDT,4,2026-02-13T05:55:00Z,2026-02-13T06:00:00Z,1932.99,1935.65,-0.0013761064464896775,0.005018132530432152,0.0027573862254848328,0.00639423897692183,-0.27422680412371847,7,35,4,20,True,True,False,False,True,True,True,True,False,False,1.5519997516786282e-05,-0.0010863998261759808,1.5519997516786282e-05,-0.0011691731462656252,1.5519997516786282e-05,-0.00048629325552644067,0.003160906160921629,0.001484746429107299,0.005018132530432152,0.002058986337228862,0.005018132530432152,-0.0013761064464896775
e8aff9fd5f0a48ab93fa4388,LTCUSDT,4,2026-02-13T07:55:00Z,2026-02-13T08:00:00Z,52.82,53.33,-0.009655433547898485,0.000757288905717515,0.01154865581219234,0.010412722453616,-12.750000000000222,1,5,10,50,True,True,False,False,True,True,True,False,True,False,0.000757288905717515,-0.0011359333585763398,0.000757288905717515,-0.001893222264293855,0.000757288905717515,-0.000757288905717515,0.000757288905717515,-0.006058311245740256,0.000757288905717515,-0.006626277925028425,0.000757288905717515,-0.009655433547898485
9180bb991acf49bd5de07c1e,ETHUSDT,4,2026-02-13T08:55:00Z,2026-02-13T09:00:00Z,1958.32,1961.18,-0.0014604354753054289,0.003191511091139344,0.004330242248457871,0.004651946566444773,-0.4576000000000204,3,15,7,35,True,True,False,False,True,True,True,False,True,False,0.0017872462110380327,0.0005974508762612063,0.0017872462110380327,0.000296172229257694,0.003191511091139344,0.0024000163405368097,0.003191511091139344,-0.0008578781812982882,0.003191511091139344,-0.0006383022182278688,0.003191511091139344,-0.0014604354753054289
2baa47c948d93148ea88fb45,SOLUSDT,4,2026-02-13T11:55:00Z,2026-02-13T12:00:00Z,80.26,79.92,0.0042362322452031325,0.0057313730376278085,0.00012459506603527167,0.001495140792424676,0.7391304347826034,2,10,1,5,True,False,True,True,False,False,False,True,False,False,0.004111637179167684,0.003488661848990794,0.0057313730376278085,0.0036132569150262427,0.0057313730376278085,0.004485422377273853,0.0057313730376278085,0.002491901320707735,0.0057313730376278085,0.0038624470470969632,0.0057313730376278085,0.0042362322452031325
87b141e6c01c81dbd1431960,DOGEUSDT,4,2026-02-13T13:55:00Z,2026-02-13T14:00:00Z,0.09354,0.09391,-0.003955527047252463,0.007162711139619456,0.009514646140688495,0.01111823818687192,-0.5522388059701391,3,15,10,50,True,True,False,False,True,True,True,False,True,False,0.004596963865725891,0.004062433183664651,0.006200555911909314,0.0058798375026725995,0.007162711139619456,0.006841992730382742,0.007162711139619456,0.0016035920461834228,0.007162711139619456,-0.0024588411374813768,0.007162711139619456,-0.003955527047252463
ed2e16a50604321f7adf9bf7,ETHUSDT,4,2026-02-13T17:55:00Z,2026-02-13T18:00:00Z,2058.36,2056.5,0.0009036320177229091,0.004333547095746163,0.0027060378165139763,0.0034299150780232536,0.2085201793722099,4,20,8,40,True,False,True,True,True,True,False,False,True,False,0.0033230338716260252,0.0007918925746711504,0.0033230338716260252,0.0006121378184575187,0.0033230338716260252,0.0018218387454089662,0.004333547095746163,0.001899570531879899,0.004333547095746163,7.287354981640283e-05,0.004333547095746163,0.0009036320177229091
803c9957827e4c8acd695287,BTCUSDT,4,2026-02-13T18:55:00Z,2026-02-13T19:00:00Z,69086.8,68904.2,0.0026430519288779594,0.003207559186414855,0.0015950948661683142,0.0005645072575368956,0.8240072202166111,12,60,5,25,True,False,True,False,False,False,False,True,False,False,0.0023202695739273334,0.0019989346734832964,0.0023202695739273334,0.00046897526010770117,0.0023202695739273334,-0.0005355581674067984,0.0023202695739273334,0.0016906268635977191,0.003017942646062634,0.0027820075615023,0.003207559186414855,0.0026430519288779594
2ce0a9fe590f2b5fb7328f0a,BNBUSDT,4,2026-02-13T19:55:00Z,2026-02-13T20:00:00Z,618.08,618.29,-0.0003397618431269782,0.004077142117525394,0.001472301320217396,0.004416903960652372,-0.0833333333332995,4,20,11,55,True,True,False,False,True,True,True,False,True,False,0.0015855552679265113,0.00048537406161025786,0.0015855552679265113,0.001148718612477408,0.0033490810251100987,0.0028798860988870152,0.004077142117525394,0.002281258089567826,0.004077142117525394,0.001310509966347494,0.004077142117525394,-0.0003397618431269782
13a84b49f00a375107749394,XRPUSDT,4,2026-02-13T20:55:00Z,2026-02-13T21:00:00Z,1.413,1.4091,0.0027600849256900315,0.004741684359518703,0.0021231422505307088,0.001981599433828672,0.5820895522388144,11,55,1,5,True,False,True,True,False,False,False,True,False,False,0.0008492569002123778,-0.0013446567586695066,0.0008492569002123778,-0.0007077140835101839,0.0008492569002123778,-0.0005661712668081472,0.0010615711252654329,0.00035385704175509196,0.004104741684359538,0.0027600849256900315,0.004741684359518703,0.0027600849256900315
42a643fa1e29cf06202426c9,SOLUSDT,4,2026-02-13T21:55:00Z,2026-02-13T22:00:00Z,84.8,84.62,0.002122641509433875,0.004599056603773592,0.0009433962264150743,0.0024764150943397166,0.4615384615384419,4,20,2,10,True,False,True,True,True,False,False,True,False,False,0.002004716981132096,0.0017688679245282013,0.002004716981132096,0.00011792452830177954,0.004363207547169698,0.004363207547169698,0.004599056603773592,0.0017688679245282013,0.004599056603773592,0.0025943396226414963,0.004599056603773592,0.002122641509433875
4d141b520e080f77ef22e96a,AVAXUSDT,4,2026-02-13T22:55:00Z,2026-02-13T23:00:00Z,9.193,9.139,0.005874034591537069,0.006417926683345946,0.00021755683672366671,0.0005438920918088772,0.9152542372881514,9,45,1,5,True,False,True,False,False,False,False,True,False,False,0.001631676275426824,0.0014141194387033505,0.0030457957141303677,0.0026106820406830342,0.0030457957141303677,0.0029370172957684376,0.0040248014793863845,0.0034809093875775078,0.006417926683345946,0.005874034591537069,0.006417926683345946,0.005874034591537069
3a228f13f13e6ec3b90a8825,LTCUSDT,4,2026-02-14T00:55:00Z,2026-02-14T01:00:00Z,55.36,55.31,0.0009031791907513938,0.0030708092485549443,0.0009031791907513938,0.0021676300578035504,0.29411764705880383,1,5,4,20,True,False,True,True,True,False,False,False,True,False,0.0030708092485549443,0.0012644508670520283,0.0030708092485549443,0.001806358381502916,0.0030708092485549443,0.0010838150289017752,0.0030708092485549443,0.0005419075144508876,0.0030708092485549443,0.001986994219653169,0.0030708092485549443,0.0009031791907513938
2d77eb1c5b34796a58b1c7a2,BNBUSDT,4,2026-02-14T01:55:00Z,2026-02-14T02:00:00Z,624.07,620.98,0.004951367635040992,0.005976893617703171,0.0,0.0010255259826621793,0.8284182305630072,7,35,1,5,True,False,True,False,False,False,False,True,False,False,0.002099123495761788,0.0009774544522249324,0.002099123495761788,0.001586360504430607,0.002099123495761788,0.0018106943131379419,0.005303892191581167,0.00506353453939475,0.005976893617703171,0.004086080087169817,0.005976893617703171,0.004951367635040992
193684afdbebaf1b98e47277,LINKUSDT,4,2026-02-14T09:55:00Z,2026-02-14T10:00:00Z,8.972,8.927,0.005015604101649569,0.006018724921979522,0.0,0.001003120820329953,0.8333333333333279,7,35,1,5,True,False,True,False,False,False,False,True,False,False,0.004012483281319615,0.0039010254123941312,0.004681230494872918,0.0039010254123941312,0.004681230494872918,0.004012483281319615,0.00590726705305384,0.005127061970575053,0.006018724921979522,0.00534997770842622,0.006018724921979522,0.005015604101649569
ff06b1922356a44edd650ca6,XRPUSDT,4,2026-02-14T10:55:00Z,2026-02-14T11:00:00Z,1.4464,1.4703,-0.016523783185840732,0.00041482300884951187,0.018113938053097346,0.016938606194690245,-39.83333333333778,1,5,12,60,True,True,False,False,True,True,True,False,True,False,0.00041482300884951187,-0.0006913716814160066,0.00041482300884951187,-0.0018667035398231104,0.00041482300884951187,-0.0066371681415929576,0.00041482300884951187,-0.014103982300885092,0.00041482300884951187,-0.012444690265486738,0.00041482300884951187,-0.016523783185840732
a9a89debebb92160b9266e32,ADAUSDT,4,2026-02-14T11:55:00Z,2026-02-14T12:00:00Z,0.2829,0.2816,0.004595263343937674,0.006716154118062769,0.0038882997525627075,0.002120890774125095,0.6842105263157879,11,55,5,25,True,False,True,True,False,False,False,True,False,False,0.0003534817956874832,-0.0017674089784376122,0.0003534817956874832,-0.0024743725698127745,0.0003534817956874832,-0.0017674089784376122,0.0007069635913749664,-0.001413927182750129,0.004241781548250191,0.0021208907741250955,0.006716154118062769,0.004595263343937674
5ed75bccf37860d50d0f57c9,AVAXUSDT,4,2026-02-14T12:55:00Z,2026-02-14T13:00:00Z,9.299,9.287,0.0012904613399288825,0.005484460694698372,0.001075384449940831,0.004193999354769489,0.23529411764703217,5,25,8,40,True,False,True,True,True,True,False,False,True,False,0.004086460909775273,0.0036563071297987873,0.004086460909775273,0.0008603075599525884,0.004086460909775273,0.0013979997849230994,0.005484460694698372,0.0041939993547692985,0.005484460694698372,0.0018281535648993937,0.005484460694698372,0.0012904613399288825
69afb3932cfdfadd6c078464,SOLUSDT,4,2026-02-14T13:55:00Z,2026-02-14T14:00:00Z,86.39,87.2,-0.00937608519504575,0.0008102789674731726,0.012732955203148447,0.010186364162518922,-11.571428571427385,1,5,12,60,True,True,False,False,True,True,True,False,True,False,0.0008102789674731726,-0.0018520662113670169,0.0008102789674731726,-0.0028938534552610255,0.0008102789674731726,-0.00405139483736537,0.0008102789674731726,-0.00405139483736537,0.0008102789674731726,-0.006597985877995059,0.0008102789674731726,-0.00937608519504575
6b6b75efcbf7ca4f1899d6fa,BNBUSDT,4,2026-02-14T14:55:00Z,2026-02-14T15:00:00Z,636.1,634.84,0.0019808206256877706,0.0038201540638265422,0.001477755069957461,0.0018393334381387716,0.5185185185185012,4,20,6,30,True,False,True,True,False,False,False,False,True,False,0.0021694702090866145,0.0013048262851753512,0.0026882565634334795,0.0016192422575066383,0.0035843420845778537,0.003490017292878521,0.0038201540638265422,0.0003772991667976876,0.0038201540638265422,0.0018078918409054822,0.0038201540638265422,0.0019808206256877706
78f1ef5fb02d7ac32333e19e,LTCUSDT,4,2026-02-14T17:55:00Z,2026-02-14T18:00:00Z,55.94,56.04,-0.0017876296031462536,0.003396496245977793,0.004647836968180285,0.005184125849124047,-0.526315789473698,2,10,5,25,True,True,False,False,True,True,True,False,True,False,0.0023239184840900154,0.0016088666428315393,0.003396496245977793,0.0023239184840900154,0.003396496245977793,0.00017876296031458724,0.003396496245977793,-0.0012513407222023648,0.003396496245977793,-0.0010725777618877776,0.003396496245977793,-0.0017876296031462536
ff68f1eec4e9aeac6d0bef4a,LTCUSDT,4,2026-02-14T19:55:00Z,2026-02-14T20:00:00Z,56.34,56.27,0.0012424565140220143,0.007632232871849606,0.0021299254526091133,0.006389776357827591,0.1627906976744167,8,40,1,5,True,False,True,True,True,True,False,True,False,False,0.0001774937877175207,-0.001242456514021888,0.003549875754348648,0.003194888178913859,0.0039048633297835635,0.0030173943911963384,0.005857294994675282,0.0042598509052183525,0.007632232871849606,0.005324813631522972,0.007632232871849606,0.0012424565140220143
4ceba0ca0eb298727af6ffd7,LINKUSDT,4,2026-02-14T20:55:00Z,2026-02-14T21:00:00Z,9.134,9.134,0.0,0.005255090869279619,0.008539522662579308,0.005255090869279619,0.0,8,40,2,10,True,False,False,False,True,True,True,True,False,False,0.00032844317932998834,-0.003065469673746493,0.00032844317932998834,-0.005474052988832815,0.00032844317932998834,-0.005364571929056217,0.00032844317932998834,-0.0007663674184365747,0.005255090869279619,0.0018611780162031376,0.005255090869279619,0.0
4d85db2cdb2d672f16edea3d,LINKUSDT,4,2026-02-14T21:55:00Z,2026-02-14T22:00:00Z,9.135,9.117,0.0019704433497535747,0.0019704433497535747,0.004926108374384229,0.0,1.0,12,60,10,50,True,False,True,False,False,False,False,True,False,False,0.0008757525998904345,-0.00021893814997270584,0.0008757525998904345,-0.00043787629994521723,0.0008757525998904345,-0.0038314176245210886,0.0008757525998904345,-0.0003284072249589616,0.0008757525998904345,-0.003503010399562127,0.0019704433497535747,0.0019704433497535747
891734923aaa5dcc221f0417,AVAXUSDT,4,2026-02-14T22:55:00Z,2026-02-14T23:00:00Z,9.636,9.59,0.004773765047737586,0.007783312577833053,0.0005188875051889562,0.003009547530095467,0.6133333333333307,8,40,1,5,True,False,True,True,False,False,False,True,False,False,0.002386882523868793,0.0016604400166044017,0.002801992528019847,0.002801992528019847,0.0035284350352842385,0.002283105022830891,0.006537982565379705,0.004981320049813206,0.007783312577833053,0.006019095060190933,0.007783312577833053,0.004773765047737586
4b72fd39bf0eec862ad0445c,LTCUSDT,4,2026-02-15T04:55:00Z,2026-02-15T05:00:00Z,55.95,56.2,-0.004468275245755138,0.0007149240393209339,0.006613047363717559,0.0051831992850760724,-6.249999999999023,1,5,10,50,True,True,False,False,True,True,True,False,True,False,0.0007149240393209339,0.00017873100983029696,0.0007149240393209339,-0.0005361930294905099,0.0007149240393209339,-0.0007149240393208068,0.0007149240393209339,-0.0026809651474530576,0.0007149240393209339,-0.004825737265415478,0.0007149240393209339,-0.004468275245755138
869ea8970365dad2c65ce2e0,AVAXUSDT,4,2026-02-15T05:55:00Z,2026-02-15T06:00:00Z,9.681,9.631,0.005164755707054947,0.007953723788864784,0.0011362462555522168,0.002788968081809837,0.6493506493506358,11,55,1,5,True,False,True,True,False,False,False,True,False,False,0.0020659022828219786,0.0017560169403986635,0.0020659022828219786,0.0016527218262576196,0.003098853424232968,0.0021691973969630227,0.0034087387666562833,0.0013428364838343045,0.004131804565643957,0.004131804565643957,0.007953723788864784,0.005164755707054947
d0ff50c97fd34579e5481910,LTCUSDT,4,2026-02-15T07:55:00Z,2026-02-15T08:00:00Z,56.46,55.71,0.013283740701381509,0.021076868579525287,0.001062699256110561,0.007793127878143779,0.6302521008403373,8,40,2,10,True,False,True,True,False,False,False,True,False,False,0.001771165426850893,0.001062699256110561,0.003542330853701786,0.002833864682961454,0.00549061282323773,0.004782146652497398,0.008855827134254339,0.008678710591569288,0.021076868579525287,0.016648955012398117,0.021076868579525287,0.013283740701381509
3d1a26e960227fe1e0760b33,SOLUSDT,4,2026-02-15T09:55:00Z,2026-02-15T10:00:00Z,89.93,89.47,0.005115089514066584,0.009785388635605578,0.0013343711775824568,0.004670299121538993,0.522727272727276,4,20,1,5,True,False,True,True,False,False,False,True,False,False,0.0016679639719782684,0.001445568775714552,0.0068942510841766315,0.004892694317802868,0.0075614366729679396,0.0068942510841766315,0.009785388635605578,0.006449460691649199,0.009785388635605578,0.005893472700989671,0.009785388635605578,0.005115089514066584
1eefc1ccce90a3c81097c172,LTCUSDT,4,2026-02-15T10:55:00Z,2026-02-15T11:00:00Z,55.96,55.89,0.0012508934953538292,0.002680486061472455,0.004288777698356004,0.0014295925661186256,0.466666666666673,12,60,2,10,True,False,True,True,True,False,False,True,False,False,0.0,-0.001608291636883422,0.0,-0.003216583273766971,0.0,-0.0030378842030021748,0.0,-0.0028591851322372513,0.00017869907076479647,-0.0008934953538241093,0.002680486061472455,0.0012508934953538292
b55d50a1a1ae1e483d002bf1,LINKUSDT,4,2026-02-15T14:55:00Z,2026-02-15T15:00:00Z,8.876,8.865,0.0012392969806218153,0.005520504731861142,0.0020279405137450073,0.004281207751239326,0.224489795918354,8,40,2,10,True,False,True,True,True,True,False,True,False,False,0.0029292474087426546,0.00033799008562416784,0.0029292474087426546,-0.0011266336187471596,0.0029292474087426546,-0.0013519603424966714,0.004506534474988638,0.004506534474988638,0.005520504731861142,0.0019152771518701512,0.005520504731861142,0.0012392969806218153
1676a5270ce7dfaddd2d6e6e,LINKUSDT,4,2026-02-16T00:55:00Z,2026-02-16T01:00:00Z,8.781,8.744,0.004213643093041887,0.00865505067759942,0.00432752533879971,0.004441407584557533,0.4868421052631653,9,45,3,15,True,False,True,True,True,False,False,True,False,False,0.0009110579660631927,-0.0017082336863681576,0.0009110579660631927,-0.0023915271609155015,0.0013665869490946878,0.0006832934745473439,0.005010818813347054,0.0037581141100103918,0.00865505067759942,0.006263523516683717,0.00865505067759942,0.004213643093041887
482324e29283eb15652e6703,AVAXUSDT,4,2026-02-16T01:55:00Z,2026-02-16T02:00:00Z,9.241,9.209,0.0034628286981928393,0.0042203224759224875,0.002488908126826067,0.0007574937777296482,0.8205128205128274,12,60,2,10,True,False,True,False,False,False,False,True,False,False,0.0009739205713667721,-0.0015149875554594874,0.0009739205713667721,-0.0005410669840927153,0.0020560545395520106,-0.0015149875554594874,0.0035710420950113056,0.003246401904555715,0.00378746888864843,0.0021642679363704765,0.0042203224759224875,0.0034628286981928393
e79e572d2caf32b9dacff9e8,SOLUSDT,4,2026-02-16T07:55:00Z,2026-02-16T08:00:00Z,85.02,85.32,-0.003528581510232853,0.00035285815102330205,0.005057633498000551,0.0038814396612561553,-9.999999999999526,1,5,5,25,True,True,False,False,True,True,True,False,True,False,0.00035285815102330205,-0.002117148906139812,0.00035285815102330205,-0.002117148906139812,0.00035285815102330205,-0.00011761938367448972,0.00035285815102330205,-0.004351917195953947,0.00035285815102330205,-0.0030581039755352285,0.00035285815102330205,-0.003528581510232853
a22d673bb9208b13b7435cd9,XRPUSDT,4,2026-02-16T08:55:00Z,2026-02-16T09:00:00Z,1.4691,1.5003,-0.021237492342250284,0.0007487577428358184,0.02967803417058053,0.021986250085086104,-28.363636363633667,1,5,8,40,True,True,False,False,True,True,True,False,True,False,0.0007487577428358184,-0.007487577428357428,0.0007487577428358184,-0.004084133142740457,0.0007487577428358184,-0.00810019739976858,0.0007487577428358184,-0.01837859914233198,0.0007487577428358184,-0.02409638554216859,0.0007487577428358184,-0.021237492342250284
b226db2613772885e1335982,BNBUSDT,4,2026-02-16T12:55:00Z,2026-02-16T13:00:00Z,628.02,616.0,0.01913951784974998,0.0219578994299544,0.0052068405464793825,0.002818381580204421,0.8716461203770859,12,60,1,5,True,False,True,False,False,False,False,True,False,False,1.5923059775151913e-05,-0.00286615075953006,0.0005573070921308601,-0.000382153434604008,0.001910767173019859,0.0010349988853857795,0.01555682940033754,0.01404413872169666,0.018629979936944575,0.01554090634056239,0.0219578994299544,0.01913951784974998
17b06ac65a95c410ca9ed910,LTCUSDT,4,2026-02-16T16:55:00Z,2026-02-16T17:00:00Z,53.54,53.72,-0.0033619723571161695,0.0011206574523721007,0.006723944714232339,0.00448262980948827,-2.999999999999882,3,15,9,45,True,True,False,False,True,True,True,False,True,False,0.0005603287261860503,-0.00018677624206197256,0.0005603287261860503,0.00018677624206197256,0.0011206574523721007,-0.0014942099364960459,0.0011206574523721007,-0.0033619723571161695,0.0011206574523721007,-0.005603287261860371,0.0011206574523721007,-0.0033619723571161695
fb37edd5c367d58861050ecc,XRPUSDT,4,2026-02-16T20:55:00Z,2026-02-16T21:00:00Z,1.4847,1.4906,-0.003973866774432557,0.003232976358860319,0.005388293931433964,0.007206843133292876,-1.2291666666666918,1,5,12,60,True,True,False,False,True,True,True,False,True,False,0.003232976358860319,0.0023573785950022474,0.003232976358860319,0.001347073482858491,0.003232976358860319,0.0009429514380008392,0.003232976358860319,0.0012123661345725075,0.003232976358860319,0.0017511955277159936,0.003232976358860319,-0.003973866774432557
4f3487f96c19450f78540bb2,SUIUSDT,4,2026-02-16T23:55:00Z,2026-02-17T00:00:00Z,0.9923,0.9933,-0.001007759750075583,0.0037287110752795786,0.0054419026504082145,0.004736470825355161,-0.27027027027027595,4,20,11,55,True,True,False,False,True,True,True,False,True,False,0.0018139675501359597,0.0013100876750982242,0.0035271591252644843,0.0016124156001208656,0.0035271591252644843,0.0005038798750377356,0.0037287110752795786,-0.0005038798750378473,0.0037287110752795786,-0.0003023279250227532,0.0037287110752795786,-0.001007759750075583
30c60584b2872b90a4e94c74,SUIUSDT,4,2026-02-17T00:55:00Z,2026-02-17T01:00:00Z,0.9934,0.9865,0.006945842560901859,0.007751157640426746,0.0033219247030401456,0.0008053150795248876,0.8961038961038921,12,60,3,15,True,False,True,False,False,False,False,True,False,False,0.0015099657741090657,0.001006643849406081,0.002013287698812162,-0.0015099657741091774,0.002013287698812162,-0.0011073082343467898,0.002013287698812162,0.0008053150795247755,0.002013287698812162,0.0016106301590496626,0.007751157640426746,0.006945842560901859
f3e32bc4e7b7c5ee59126746,BNBUSDT,4,2026-02-17T01:55:00Z,2026-02-17T02:00:00Z,624.6,629.24,-0.007428754402817781,0.005267371117515333,0.011847582452769735,0.012696125520333114,-1.410334346504522,1,5,11,55,True,True,False,False,True,True,True,False,True,False,0.005267371117515333,0.0020813320525137177,0.005267371117515333,-0.0003842459173871423,0.005267371117515333,-0.005459494076208722,0.005267371117515333,-0.005667627281460076,0.005267371117515333,-0.007588856868395787,0.005267371117515333,-0.007428754402817781
aa48b8030572cfb91b1cbb7e,BNBUSDT,4,2026-02-17T02:55:00Z,2026-02-17T03:00:00Z,629.23,627.13,0.003337412392924722,0.004624700030195585,0.0007151597984837528,0.0012872876372708635,0.7216494845360982,9,45,1,5,True,False,True,True,False,False,False,True,False,False,0.002352081115013617,0.002224941595283088,0.002638145034407082,0.002129586955485326,0.002638145034407082,0.002002447435754797,0.003750615832048716,0.0028288543140027856,0.004624700030195585,0.003400982152789896,0.004624700030195585,0.003337412392924722
e4692e19b3a34f9100942bd7,SOLUSDT,4,2026-02-17T03:55:00Z,2026-02-17T04:00:00Z,86.31,86.32,-0.00011586142972993749,0.0050979029081218595,0.003475842891901253,0.005213764337851797,-0.022727272727252175,7,35,5,25,True,True,False,False,True,True,True,True,False,False,0.0010427528675704253,0.0006951685783802836,0.003939288610821497,0.0024330900243309922,0.003939288610821497,0.00011586142973010214,0.003939288610821497,-0.0019696443054107483,0.0050979029081218595,0.00023172285946003964,0.0050979029081218595,-0.00011586142972993749
846459aa64d7e473031a5400,DOGEUSDT,4,2026-02-17T06:55:00Z,2026-02-17T07:00:00Z,0.10001,0.09972,0.002899710028997086,0.004799520047995282,0.0,0.0018998100189981959,0.6041666666666534,4,20,1,5,True,False,True,True,False,False,False,True,False,False,0.0020997900209979185,0.0019998000199980574,0.0034996500349965313,0.0030996900309969476,0.004099590040995976,0.004099590040995976,0.004799520047995282,0.002999700029997086,0.004799520047995282,0.0002999700029997225,0.004799520047995282,0.002899710028997086
08596ed1eda92e0b4fe641a5,LTCUSDT,4,2026-02-17T12:55:00Z,2026-02-17T13:00:00Z,54.73,54.98,-0.004567878677142335,0.0018271514708568303,0.0062123150009136385,0.006395030147999165,-2.500000000000142,2,10,11,55,True,True,False,False,True,True,True,False,True,False,0.0009135757354284151,0.00036543029417131413,0.0018271514708568303,-0.002009866617942747,0.0018271514708568303,-0.0038370180887995773,0.0018271514708568303,-0.001096290882514202,0.0018271514708568303,0.0,0.0018271514708568303,-0.004567878677142335
c3e5672bf805101d34ed475c,BTCUSDT,4,2026-02-17T15:55:00Z,2026-02-17T16:00:00Z,67363.6,67493.1,-0.0019224031969787836,0.0011460195120215017,0.011345890065257621,0.003068422709000285,-1.6774611398961201,1,5,8,40,True,True,False,False,True,True,True,False,True,False,0.0011460195120215017,-0.0053411634770111505,0.0011460195120215017,-0.005127398179432129,0.0011460195120215017,-0.005143727472997286,0.0011460195120215017,-0.002102025426194432,0.0011460195120215017,-0.0046330659287803985,0.0011460195120215017,-0.0019224031969787836
ecc025df00d28c492cf65a27,XRPUSDT,4,2026-02-17T18:55:00Z,2026-02-17T19:00:00Z,1.483,1.4849,-0.001281186783546873,0.005057316250842927,0.0037761294672959047,0.006338503034389801,-0.25333333333333297,8,40,4,20,True,True,False,False,True,True,True,True,False,False,0.0006743088334457936,-0.00033715441672282193,0.0006743088334457936,-0.0006068779501010794,0.0010788941335131798,-0.001281186783546873,0.003506405933917797,0.002832097100472153,0.005057316250842927,0.0011463250168577443,0.005057316250842927,-0.001281186783546873
c2da2b5050cb251520837829,XRPUSDT,4,2026-02-17T19:55:00Z,2026-02-17T20:00:00Z,1.4849,1.4868,-0.0012795474442722006,0.007138527846993174,0.002424405683884319,0.008418075291265375,-0.1792452830188454,7,35,12,60,True,True,False,False,True,True,True,False,True,False,0.002491750286214584,0.0015489258535929628,0.00686914943767271,0.006061014209711171,0.00686914943767271,0.004444743753788242,0.00686914943767271,0.002155027274564005,0.007138527846993174,0.0015489258535929628,0.007138527846993174,-0.0012795474442722006
51493a08d5172129b51db124,BTCUSDT,4,2026-02-17T20:55:00Z,2026-02-17T21:00:00Z,67718.0,67642.4,0.001116394459375732,0.0032192327003160164,0.002652175197141171,0.0021028382409402843,0.3467889908257148,7,35,4,20,True,False,True,True,True,False,False,True,False,False,0.0012729259576478497,0.00012995067781096473,0.0012729259576478497,0.0008550163915058652,0.0012729259576478497,-0.001974364275377257,0.002579816296996324,0.0023701231578014707,0.0032192327003160164,0.002228358782007652,0.0032192327003160164,0.001116394459375732
6d90221a0085cec1956130e5,DOGEUSDT,4,2026-02-17T21:55:00Z,2026-02-17T22:00:00Z,0.10104,0.10056,0.004750593824228109,0.006037212984956447,0.0008907363420426847,0.0012866191607283379,0.7868852459016534,12,60,1,5,True,False,True,False,False,False,False,True,False,False,0.0010886777513855798,9.897070467151623e-05,0.0029691211401426027,0.0029691211401426027,0.004453681710213836,0.0028701504354710864,0.004453681710213836,0.0028701504354710864,0.004453681710213836,0.002276326207442676,0.006037212984956447,0.004750593824228109
458dc43ff869a3e04e04f10b,XRPUSDT,4,2026-02-18T05:55:00Z,2026-02-18T06:00:00Z,1.4752,1.4794,-0.002847071583514087,0.00020336225596527045,0.005626355748373084,0.0030504338394793575,-14.000000000001478,1,5,10,50,True,True,False,False,True,True,True,False,True,False,0.00020336225596527045,-0.0006778741865509014,0.00020336225596527045,-0.0006778741865509014,0.00020336225596527045,-0.002643709327548817,0.00020336225596527045,-0.003321583514099718,0.00020336225596527045,-0.00399945770065077,0.00020336225596527045,-0.002847071583514087
7418f3e06aa703a5716f14e8,ETHUSDT,4,2026-02-18T08:55:00Z,2026-02-18T09:00:00Z,2019.6,2015.66,0.0019508813626459831,0.0024955436720142422,0.001183402653990939,0.0005446623093682591,0.7817460317460032,11,55,7,35,True,False,True,False,False,False,False,True,False,False,0.0017429193899782046,0.0010893246187362933,0.0021836007130124056,0.0008863141216082212,0.0021836007130124056,0.0007229154287976872,0.0021836007130124056,0.0003812636165577252,0.0021836007130124056,-0.0006932065755595618,0.0024955436720142422,0.0019508813626459831
e4e592f06899dfa4175305e6,ADAUSDT,4,2026-02-18T10:55:00Z,2026-02-18T11:00:00Z,0.2834,0.2806,0.009880028228651973,0.01129146083274517,0.001411432604093195,0.0014114326040931963,0.8749999999999956,3,15,2,10,True,False,True,False,False,False,False,True,False,False,0.0007057163020464996,-0.0003528581510232498,0.008821453775582223,0.008115737473535528,0.01129146083274517,0.005292872265349334,0.01129146083274517,0.006351446718419084,0.01129146083274517,0.005645730416372585,0.01129146083274517,0.009880028228651973
885b096c74d846a368abd223,ADAUSDT,4,2026-02-18T12:55:00Z,2026-02-18T13:00:00Z,0.2823,0.2806,0.006021962451292878,0.010272759475735083,0.0017711654268508694,0.004250797024442205,0.5862068965517142,12,60,1,5,True,False,True,True,False,False,False,True,False,False,0.0038965639390718737,0.003542330853701739,0.004605030109812142,0.002125398512221004,0.004605030109812142,0.0024796315975911384,0.004605030109812142,0.0017711654268508694,0.006376195536663012,0.005667729365922743,0.010272759475735083,0.006021962451292878
f536f75abc90773afa82c660,LTCUSDT,4,2026-02-18T17:55:00Z,2026-02-18T18:00:00Z,53.96,53.32,0.011860637509266133,0.012787249814677496,0.001111934766493741,0.0009266123054113631,0.9275362318840619,10,50,1,5,True,False,True,False,False,False,False,True,False,False,0.0016679021497406118,0.0012972572275759874,0.002965159377316599,0.002038547071905104,0.0033358042994810918,0.002965159377316599,0.010748702742772393,0.004262416604892586,0.012601927353595251,0.01204595997034838,0.012787249814677496,0.011860637509266133
849610d3ad7193905cf051fa,SOLUSDT,4,2026-02-19T03:55:00Z,2026-02-19T04:00:00Z,81.72,81.46,0.003181595692608971,0.003548702887909839,0.0034263338228096075,0.0003671071953008677,0.8965517241379733,12,60,9,45,True,False,True,False,False,False,False,True,False,False,0.0003671071953010418,-0.0019579050416054402,0.0003671071953010418,-0.0008565834557024888,0.0003671071953010418,-0.0015907978463043987,0.0017131669114048037,0.0008565834557023149,0.0023250122369064823,0.001835535976505209,0.003548702887909839,0.003181595692608971
8bd4faaa028c235828089a53,SUIUSDT,4,2026-02-19T06:55:00Z,2026-02-19T07:00:00Z,0.9355,0.9328,0.002886157135221845,0.004596472474612475,0.0014965259219668165,0.0017103153393906302,0.6279069767441987,10,50,8,40,True,False,True,True,False,False,False,True,False,False,0.0014965259219668165,0.00042757883484762795,0.0033137359700694726,0.002565473009086005,0.0035275253874932867,0.0013896312132549095,0.0035275253874932867,0.0005344735435595349,0.004168893639764847,0.002779262426509938,0.004596472474612475,0.002886157135221845
d81069714f7b549ab3d1a8ca,SOLUSDT,4,2026-02-19T07:55:00Z,2026-02-19T08:00:00Z,82.34,81.67,0.008136992956035968,0.010080155452999735,0.00012144765606012757,0.001943162496963767,0.8072289156626543,7,35,1,5,True,False,True,False,False,False,False,True,False,False,0.002428953121204795,0.0003643429681807279,0.002793296089385523,0.0013359242166626115,0.002793296089385523,0.0012144765606024838,0.005950935146951774,0.004493563274228863,0.010080155452999735,0.008501335924216697,0.010080155452999735,0.008136992956035968
469f7d3596087b2c04341471,AVAXUSDT,4,2026-02-19T18:55:00Z,2026-02-19T19:00:00Z,8.889,8.883,0.000674991562605493,0.007312408594892509,0.0025874676566544565,0.0066374170322870156,0.0923076923076965,9,45,2,10,True,False,True,True,True,True,False,True,False,False,0.002137473281583995,-0.00011249859376771541,0.002137473281583995,-0.0005624929688379774,0.002137473281583995,0.0008999887501405241,0.003937450781865243,0.0033749578130272653,0.007312408594892509,0.004274946563167789,0.007312408594892509,0.000674991562605493
9eee4c1872919339fdaa48f5,DOGEUSDT,4,2026-02-19T19:55:00Z,2026-02-19T20:00:00Z,0.09805,0.09779,0.0026517083120856334,0.0077511473737888505,0.0013258541560428874,0.005099439061703217,0.34210526315789136,4,20,10,50,True,False,True,True,True,False,False,False,True,False,0.0027536970933196583,0.0025497195308516085,0.004691483936766977,0.004079551249362545,0.005507394186639458,0.004997450280469193,0.0077511473737888505,0.0045894951555328104,0.0077511473737888505,0.0036715961244263053,0.0077511473737888505,0.0026517083120856334
3084ba82882a3ee9159b5c2e,AVAXUSDT,4,2026-02-19T20:55:00Z,2026-02-19T21:00:00Z,8.894,8.89,0.0004497413986957004,0.0012367888464134258,0.0021362716438048266,0.0007870474477177254,0.3636363636362902,12,60,8,40,True,False,True,True,True,False,False,True,False,False,0.0004497413986957004,0.00011243534967387517,0.0006746120980436505,0.00011243534967387517,0.0011243534967393509,0.0006746120980436505,0.0011243534967393509,-0.0005621767483695756,0.0011243534967393509,-0.0007870474477175256,0.0012367888464134258,0.0004497413986957004
367be37dcf1dde793670b874,SOLUSDT,4,2026-02-19T23:55:00Z,2026-02-20T00:00:00Z,82.46,82.85,-0.004729565850109151,0.0023041474654377607,0.012612175600291127,0.007033713315546912,-2.052631578947396,2,10,4,20,True,True,False,False,True,True,True,False,True,False,0.002182876546204131,0.002061605626970501,0.0023041474654377607,0.0018190637885034135,0.0023041474654377607,-0.0038806694154742594,0.0023041474654377607,-0.011278195488721889,0.0023041474654377607,-0.006912442396313454,0.0023041474654377607,-0.004729565850109151
d5d38dcb434d9277653c49a4,DOGEUSDT,4,2026-02-20T00:55:00Z,2026-02-20T01:00:00Z,0.09865,0.09877,-0.001216421692853473,0.0004054738976178243,0.004662949822605191,0.0016218955904712972,-3.0000000000000004,11,55,9,45,True,True,False,False,True,True,True,True,False,False,0.00030410542321340344,-0.0015205271160668764,0.00030410542321340344,-0.0026355803345159286,0.00030410542321340344,-0.002939685757729332,0.00030410542321340344,-0.0014191586416624554,0.00030410542321340344,-0.003142422706538314,0.0004054738976178243,-0.001216421692853473
0b50b9811f9b73807aa7f855,SUIUSDT,4,2026-02-20T01:55:00Z,2026-02-20T02:00:00Z,0.9374,0.9365,0.0009601024109238445,0.0010667804565820363,0.005867292511201141,0.00010667804565819177,0.9000000000000111,12,60,9,45,True,False,True,False,False,False,False,True,False,False,0.0,-0.0026669511414550316,0.0,-0.000746746319607461,0.00032003413697457536,-0.0004267121826327672,0.0008534243652656528,-0.0009601024109238445,0.0008534243652656528,-0.005333902282910182,0.0010667804565820363,0.0009601024109238445
08bd8e36c0f0ac9969ed4b8a,SUIUSDT,4,2026-02-20T03:55:00Z,2026-02-20T04:00:00Z,0.9368,0.9339,0.0030956447480785802,0.009180187873612234,0.000960717335610602,0.006084543125533654,0.3372093023255853,5,25,1,5,True,False,True,True,True,False,False,True,False,False,0.0038428693424422894,0.000960717335610602,0.0038428693424422894,0.0005337318531169352,0.0038428693424422894,0.002134927412467978,0.009180187873612234,0.007258753202391031,0.009180187873612234,0.002241673783091365,0.009180187873612234,0.0030956447480785802
15fc3ea4ae0bc875431ef012,AVAXUSDT,4,2026-02-20T09:55:00Z,2026-02-20T10:00:00Z,9.282,9.23,0.005602240896358501,0.006895065718595136,0.008511096746390931,0.0012928248222366353,0.8124999999999931,12,60,4,20,True,False,True,False,False,False,False,True,False,False,0.0004309416074121482,-0.001939237233354954,0.0004309416074121482,-0.004740357681534204,0.0004309416074121482,-0.005063563887093363,0.0004309416074121482,-0.003770739064856727,0.003124326653738409,0.00301659125188542,0.006895065718595136,0.005602240896358501
1bf16ced370ac0afd510e709,AVAXUSDT,4,2026-02-20T10:55:00Z,2026-02-20T11:00:00Z,9.231,9.111,0.012999675008124713,0.01473296500920802,0.00032499187520313225,0.0017332900010833072,0.8823529411764699,10,50,1,5,True,False,True,False,False,False,False,True,False,False,0.0031415881269634834,0.002924926876827998,0.0037915718773697477,0.002924926876827998,0.008558119380348892,0.00736648250460401,0.0102914093814322,0.008341458130213407,0.014624634384140373,0.013974650633734109,0.01473296500920802,0.012999675008124713
8764c9f358ce367d18b97220,ADAUSDT,4,2026-02-20T12:55:00Z,2026-02-20T13:00:00Z,0.2767,0.2715,0.018792916516082336,0.025659559089266336,0.0003614022406938525,0.0068666425731839995,0.7323943661971811,9,45,1,5,True,False,True,True,False,False,False,True,False,False,0.006505240332490147,0.003975424647632779,0.006505240332490147,0.0010842067220817582,0.006505240332490147,0.0021684134441633156,0.010480664980122926,0.007589447054571705,0.025659559089266336,0.021684134441633557,0.025659559089266336,0.018792916516082336
3e5d3270f1ae62b22b168b50,ETHUSDT,4,2026-02-20T14:55:00Z,2026-02-20T15:00:00Z,1942.63,1963.05,-0.010511523038355139,0.0041541621410151,0.0193757946701121,0.014665685179370239,-2.530359355638095,4,20,1,5,True,True,False,False,True,True,True,True,False,False,0.00046843711875142556,-0.01087700694419415,0.00046843711875142556,-0.009059882736290445,0.00046843711875142556,-0.0012714721794679377,0.0041541621410151,-0.0066662205360772855,0.0041541621410151,-0.0034901139177300733,0.0041541621410151,-0.010511523038355139
cc313db15a3147161672354a,LINKUSDT,4,2026-02-20T20:55:00Z,2026-02-20T21:00:00Z,8.904,8.975,-0.00797394429469898,0.0013477088948787572,0.008760107816711523,0.009321653189577738,-5.91666666666642,1,5,12,60,True,True,False,False,True,True,True,False,True,False,0.0013477088948787572,0.00022461814914652605,0.0013477088948787572,-0.0016846361185984466,0.0013477088948787572,-0.0007861635220125419,0.0013477088948787572,-0.0015723270440250838,0.0013477088948787572,-0.0034815813117700565,0.0013477088948787572,-0.00797394429469898
072aa3ea5fa86666aa107d58,LINKUSDT,4,2026-02-20T21:55:00Z,2026-02-20T22:00:00Z,8.975,8.969,0.0006685236768802482,0.0035654596100278585,0.004011142061281291,0.00289693593314761,0.18750000000000694,4,20,6,30,True,False,True,True,True,True,False,False,True,False,0.0031197771587744257,0.0008913649025068656,0.0031197771587744257,0.0004456824512534328,0.0031197771587744257,0.001114206128133681,0.0035654596100278585,-0.001448467966573805,0.0035654596100278585,0.0016713091922004226,0.0035654596100278585,0.0006685236768802482
cad49d587b81e705eb5ed253,SUIUSDT,4,2026-02-21T11:55:00Z,2026-02-21T12:00:00Z,0.9602,0.9552,0.005207248489897942,0.009060612372422455,0.0015621745469693248,0.003853363882524513,0.5747126436781587,7,35,1,5,True,False,True,True,False,False,False,True,False,False,0.0009373047281816412,0.00041657987919190476,0.002603624244949029,0.000520724848989852,0.002916059154342871,0.0028119141845449236,0.00687356800666533,0.0063528431576755934,0.009060612372422455,0.007915017704644919,0.009060612372422455,0.005207248489897942
5c93a6bb42157d42debd1499,LINKUSDT,4,2026-02-21T14:55:00Z,2026-02-21T15:00:00Z,8.956,8.932,0.00267976775346127,0.0042429656096471926,0.0014515408664582292,0.0015631978561859226,0.631578947368394,7,35,9,45,True,False,True,True,False,False,False,False,True,False,0.00044662795891017864,0.00044662795891017864,0.0012282268870030407,0.00011165698972749507,0.0012282268870030407,0.0005582849486376737,0.0027914247431889633,0.0025681107637337748,0.0042429656096471926,-0.00011165698972769341,0.0042429656096471926,0.00267976775346127
f2a2c54d84cc2ca46b1ed4b7,SOLUSDT,4,2026-02-21T16:55:00Z,2026-02-21T17:00:00Z,86.09,86.19,-0.0011615750958298794,0.003717040306655911,0.0038331978162388,0.0048786154024857906,-0.312499999999975,2,10,9,45,True,True,False,False,True,True,True,False,True,False,0.0013938901149959872,0.0011615750958300444,0.003717040306655911,0.0024393077012429777,0.003717040306655911,0.0008131025670810476,0.003717040306655911,0.0005807875479149397,0.003717040306655911,-0.0024393077012428124,0.003717040306655911,-0.0011615750958298794
08f4177fbca46dfbae9c4cad,SUIUSDT,4,2026-02-23T11:55:00Z,2026-02-23T12:00:00Z,0.9039,0.9109,-0.007744219493306788,0.004867795110078626,0.012612014603385293,0.012612014603385414,-1.5909090909090668,7,35,9,45,True,True,False,False,True,True,True,False,True,False,0.0024338975550393747,0.001659475605708659,0.0024338975550393747,0.0005531585352362606,0.0024338975550393747,-0.00033189512114168264,0.0029870560902755124,0.0013275804845669763,0.004867795110078626,-0.010841907290629406,0.004867795110078626,-0.007744219493306788
4831f80746fa727e5f449a43,AVAXUSDT,4,2026-02-23T12:55:00Z,2026-02-23T13:00:00Z,8.733,8.686,0.005381884804763609,0.00595442574144067,0.0010305736860185893,0.0005725409366770613,0.9038461538461414,12,60,9,45,True,False,True,False,False,False,False,True,False,False,0.00045803274934173085,0.00022901637467086542,0.0006870491240123929,0.00022901637467086542,0.0012595900606894546,0.0009160654986832583,0.0038932783694034918,0.0020611473720371786,0.004122294744074357,0.0006870491240123929,0.00595442574144067,0.005381884804763609
1cad20f63d16ae9f6b2aabab,ETHUSDT,4,2026-02-23T13:55:00Z,2026-02-23T14:00:00Z,1921.02,1906.05,0.007792735109473107,0.014023799856326355,0.001941676817524033,0.006231064746853248,0.5556792873051224,9,45,3,15,True,False,True,True,False,False,False,True,False,False,0.0009890578963259575,-8.849465388182984e-05,0.0009890578963259575,-0.000999469032076747,0.0009890578963259575,-0.0018583877315175982,0.00398746499255608,0.0025975783698243687,0.014023799856326355,0.00897439901718879,0.014023799856326355,0.007792735109473107
a51db98eb787183f31a6913b,SUIUSDT,4,2026-02-24T00:55:00Z,2026-02-24T01:00:00Z,0.8865,0.8794,0.00800902425267907,0.02256063169768743,0.0024816694867457315,0.01455160744500836,0.3550000000000015,4,20,6,30,True,False,True,True,True,False,False,False,True,False,0.0034968979131415586,0.0009024252679074021,0.004624929498025936,0.004624929498025936,0.00868584320360962,0.006880992667794692,0.02256063169768743,0.0005640157924421263,0.02256063169768743,0.005188945290468063,0.02256063169768743,0.00800902425267907
f4d7e583ef0ab284d5737aae,LINKUSDT,4,2026-02-24T02:55:00Z,2026-02-24T03:00:00Z,8.258,8.205,0.00641801889077247,0.01150399612496959,0.0,0.005085977234197119,0.557894736842102,11,55,1,5,True,False,True,True,False,False,False,True,False,False,0.008597723419714185,0.003996124969726263,0.008597723419714185,0.005933640106563271,0.009808670380237288,0.007023492371034129,0.009929765076289534,0.00726568176313862,0.009929765076289534,0.008597723419714185,0.01150399612496959,0.00641801889077247
4ac7fe96905d6fd36f1a862a,AVAXUSDT,4,2026-02-24T15:55:00Z,2026-02-24T16:00:00Z,8.327,8.387,-0.007205476161883091,0.0013210039630117969,0.010207757896001063,0.008526480124894887,-5.4545454545458805,8,40,1,5,True,True,False,False,True,True,True,True,False,False,0.0008406388855529811,-0.007685841239341907,0.0008406388855529811,-0.008046115047436072,0.0008406388855529811,-0.007805932508706558,0.0008406388855529811,-0.0034826468115767882,0.0013210039630117969,-0.004203194427765119,0.0013210039630117969,-0.007205476161883091
e546e5d61edd6d1f04361182,ADAUSDT,4,2026-02-24T18:55:00Z,2026-02-24T19:00:00Z,0.261,0.2602,0.003065134099616946,0.005747126436781614,0.003831417624521076,0.0026819923371646684,0.5333333333333481,4,20,2,10,True,False,True,True,False,False,False,True,False,False,0.00038314176245206506,-0.0007662835249041301,0.0007662835249043428,0.0007662835249043428,0.003831417624521076,0.003448275862069011,0.005747126436781614,0.004214559386973141,0.005747126436781614,0.0007662835249043428,0.005747126436781614,0.003065134099616946
a65da1cac4ce984c3be01bf4,XRPUSDT,4,2026-02-24T19:55:00Z,2026-02-24T20:00:00Z,1.3554,1.357,-0.001180463331857788,0.0011066843736165226,0.005902316659288777,0.0022871477054743107,-1.0666666666668148,2,10,7,35,True,True,False,False,True,True,True,False,True,False,0.0005902316659288121,-0.0014018002065810926,0.0011066843736165226,0.0005902316659288121,0.0011066843736165226,-0.0014018002065810926,0.0011066843736165226,-0.003984063745019973,0.0011066843736165226,-0.003393832079091161,0.0011066843736165226,-0.001180463331857788
4177869aa16da7ff02ac6c29,XRPUSDT,4,2026-02-24T20:55:00Z,2026-02-24T21:00:00Z,1.357,1.3512,0.004274134119381007,0.005969049373618273,0.0009579955784820036,0.0016949152542372658,0.716049382716053,6,30,1,5,True,False,True,True,False,False,False,True,False,False,0.004347826086956534,0.0035372144436255823,0.004347826086956534,0.0018422991893883175,0.004347826086956534,0.000515843773028683,0.005969049373618273,0.00478997789240969,0.005969049373618273,0.003979366249078903,0.005969049373618273,0.004274134119381007
60dfa5a9975bf9276a50d177,ADAUSDT,4,2026-02-24T22:55:00Z,2026-02-24T23:00:00Z,0.2593,0.2584,0.0034708831469338853,0.007327419976860615,0.0011569610489781045,0.0038565368299267296,0.4736842105263035,3,15,8,40,True,False,True,True,True,False,False,False,True,False,0.0034708831469338853,0.0030852294639412553,0.006941766293867985,0.006556112610875355,0.007327419976860615,0.0034708831469338853,0.007327419976860615,0.0007713073659852603,0.007327419976860615,0.0011569610489778905,0.007327419976860615,0.0034708831469338853
8f8fe0ada0dcb1e8e8b2faa3,LTCUSDT,4,2026-02-25T01:55:00Z,2026-02-25T02:00:00Z,52.55,52.71,-0.003044719314938225,0.0001902949571835968,0.007611798287345494,0.0032350142721218216,-16.000000000003553,1,5,7,35,True,True,False,False,True,True,True,False,True,False,0.0001902949571835968,-0.0007611798287346576,0.0001902949571835968,-0.003235014272121821,0.0001902949571835968,-0.004947668886774598,0.0001902949571835968,-0.005899143672692717,0.0001902949571835968,-0.003425309229305418,0.0001902949571835968,-0.003044719314938225
a57ec8f1acf4df66429b1347,ETHUSDT,4,2026-02-25T02:55:00Z,2026-02-25T03:00:00Z,1919.94,1905.37,0.007588778816004752,0.00912007666906257,0.0010729501963602744,0.0015312978530578189,0.8320959451741958,9,45,1,5,True,False,True,False,False,False,False,True,False,False,0.0022656958029939147,0.0009010698250987105,0.0022656958029939147,0.0011823286144358584,0.0023959082054648253,0.001677135743825342,0.007739825202870989,0.00548975488817357,0.00912007666906257,0.00681271289727812,0.00912007666906257,0.007588778816004752
6a83ce6267fa28a6949db734,SOLUSDT,4,2026-02-25T04:55:00Z,2026-02-25T05:00:00Z,81.92,81.26,0.008056640624999958,0.012084960937499938,0.002685546874999986,0.004028320312499979,0.6666666666666666,8,40,2,10,True,False,True,True,False,False,False,True,False,False,0.0006103515624999653,-0.0014648437500000555,0.0006103515624999653,-0.002075195312500021,0.001220703125000104,0.0007324218750000278,0.006103515625,0.005493164062500035,0.012084960937499938,0.009521484375000014,0.012084960937499938,0.008056640624999958
60e8ba434a7ddd6c7b984ec5,LINKUSDT,4,2026-02-25T05:55:00Z,2026-02-25T06:00:00Z,8.405,8.403,0.00023795359904805373,0.0017846519928612485,0.004997025580011876,0.0015466983938131947,0.13333333333327016,12,60,5,25,True,False,True,True,True,True,False,True,False,False,0.00011897679952402687,-0.0021415823914337517,0.00011897679952402687,-0.0014277215942891679,0.00011897679952402687,-0.0010707911957168758,0.0009518143961926377,-0.0028554431885783357,0.0009518143961926377,-0.0034503271861986815,0.0017846519928612485,0.00023795359904805373
c3d7bc799dca08d3de0cc2ca,SOLUSDT,4,2026-02-25T06:55:00Z,2026-02-25T07:00:00Z,81.53,82.13,-0.0073592542622346905,0.0009812339016312805,0.010425610204832507,0.008340488163865971,-7.500000000000089,1,5,4,20,True,True,False,False,True,True,True,False,True,False,0.0009812339016312805,-0.0004906169508155531,0.0009812339016312805,-0.0026983932294860646,0.0009812339016312805,-0.0038022813688213205,0.0009812339016312805,-0.007481908499938666,0.0009812339016312805,-0.006010057647491658,0.0009812339016312805,-0.0073592542622346905
d63879729c8f89d31a2e3e29,SOLUSDT,4,2026-02-25T07:55:00Z,2026-02-25T08:00:00Z,82.14,82.44,-0.0036523009495982124,0.0031653274896518762,0.004626247869491057,0.006817628439250089,-1.1538461538461202,3,15,8,40,True,True,False,False,True,True,True,False,True,False,0.0015826637448258516,0.0010956902848795157,0.002434867299732199,0.0020696372047723606,0.0031653274896518762,0.0020696372047723606,0.0031653274896518762,-0.002434867299732199,0.0031653274896518762,-0.0013391770148526835,0.0031653274896518762,-0.0036523009495982124
4f567270ceb246783b6594cc,DOGEUSDT,4,2026-02-25T09:55:00Z,2026-02-25T10:00:00Z,0.09343,0.09362,-0.0020336080488065475,0.0011773520282564378,0.004816440115594627,0.003210960077062985,-1.7272727272727044,3,15,11,55,True,True,False,False,True,True,True,False,True,False,0.00010703200256872656,-0.0009632880231189847,0.0006421920154126565,-0.0009632880231189847,0.0011773520282564378,-0.0006421920154126565,0.0011773520282564378,-0.0006421920154126565,0.0011773520282564378,-0.0023547040565128755,0.0011773520282564378,-0.0020336080488065475
fae248fd99f5fad3c564eecd,SOLUSDT,4,2026-02-25T10:55:00Z,2026-02-25T11:00:00Z,82.51,83.33,-0.009938189310386536,0.003029935765361774,0.010544176463458857,0.012968125075748311,-3.2799999999999727,2,10,12,60,True,True,False,False,True,True,True,False,True,False,0.0013331717367591738,0.0009695794449157471,0.003029935765361774,0.00024239486122906595,0.003029935765361774,0.00024239486122906595,0.003029935765361774,-0.0038783177796629883,0.003029935765361774,-0.005453884377651055,0.003029935765361774,-0.009938189310386536
c6d602230a4f461733f31241,SOLUSDT,4,2026-02-25T12:55:00Z,2026-02-25T13:00:00Z,83.64,83.78,-0.0016738402678144497,0.004184600669536039,0.009086561453849893,0.005858440937350488,-0.4000000000000082,2,10,11,55,True,True,False,False,True,True,True,False,True,False,0.0010760401721664683,0.0008369201339073097,0.004184600669536039,0.002271640363462431,0.004184600669536039,0.001315160210425627,0.004184600669536039,-0.0016738402678144497,0.004184600669536039,-0.003945480631276881,0.004184600669536039,-0.0016738402678144497
c77b92b2f0e5019b67891c26,BTCUSDT,4,2026-02-25T13:55:00Z,2026-02-25T14:00:00Z,66209.5,66936.9,-0.010986338818447416,0.0004576382543291055,0.011720372454104018,0.011443977072776522,-24.00660066006351,1,5,12,60,True,True,False,False,True,True,True,False,True,False,0.0004576382543291055,-0.0008744968622326733,0.0004576382543291055,-0.002889313467100687,0.0004576382543291055,-0.0035825674563317515,0.0004576382543291055,-0.0050445932985447705,0.0004576382543291055,-0.00029149895407763103,0.0004576382543291055,-0.010986338818447416
548a1e5cfb5e17376737a453,BNBUSDT,4,2026-02-25T16:55:00Z,2026-02-25T17:00:00Z,625.78,629.2,-0.00546517945603898,0.0009108632426730422,0.006120361788488033,0.006376042698712022,-6.000000000000798,2,10,11,55,True,True,False,False,True,True,True,False,True,False,0.0008149829013391143,-0.0005593019911151248,0.0009108632426730422,-0.001374284892454239,0.0009108632426730422,-0.004106874620473729,0.0009108632426730422,-0.0025248489884624643,0.0009108632426730422,-0.004090894563584741,0.0009108632426730422,-0.00546517945603898
4d0e17c03cccc262620139e5,BTCUSDT,4,2026-02-25T17:55:00Z,2026-02-25T18:00:00Z,68625.6,69293.3,-0.009729605278496612,0.004161712247324698,0.01319769881793379,0.01389131752582131,-2.337885154061567,1,5,9,45,True,True,False,False,True,True,True,False,True,False,0.004161712247324698,0.0032160010258564095,0.004161712247324698,-0.0012109183744840302,0.004161712247324698,-0.002905621225898122,0.004161712247324698,-0.009993355249352841,0.004161712247324698,-0.011889149238767953,0.004161712247324698,-0.009729605278496612
393fdf8965410a3d623c5260,LTCUSDT,4,2026-02-25T18:55:00Z,2026-02-25T19:00:00Z,58.3,58.25,0.0008576329331045825,0.010806174957118275,0.0,0.009948542024013693,0.07936507936507543,3,15,1,5,True,False,True,True,True,True,False,True,False,False,0.007547169811320716,0.006174957118353335,0.008233276157804406,0.008233276157804406,0.010806174957118275,0.008747855917667205,0.010806174957118275,0.0025728987993138695,0.010806174957118275,0.006003430531732321,0.010806174957118275,0.0008576329331045825
7d250b13b1caf6ee0b2cfc99,LINKUSDT,4,2026-02-25T19:55:00Z,2026-02-25T20:00:00Z,9.474,9.424,0.0052776018577159285,0.009394131306734263,0.0018999366687777793,0.0041165294490183345,0.5617977528089941,5,25,1,5,True,False,True,True,False,False,False,True,False,False,0.004749841671944261,0.003694321300401113,0.004749841671944261,0.003588769263246854,0.008971923158117042,0.008655267046654078,0.009394131306734263,0.008655267046654078,0.009394131306734263,0.005488705932024446,0.009394131306734263,0.0052776018577159285
8ad3455be645995b025e994d,ETHUSDT,4,2026-02-25T20:55:00Z,2026-02-25T21:00:00Z,2073.75,2099.46,-0.0123978300180832,0.00435925256178419,0.03674502712477387,0.01675708257986739,-2.844026548672582,7,35,8,40,True,True,False,False,True,True,True,False,True,False,0.0013598553345389578,0.0010560578661844748,0.0013598553345389578,-0.0005352622061483435,0.0022664255575647104,0.0013261000602772756,0.0035443037974683105,0.0033851717902350724,0.00435925256178419,-0.017711874623267038,0.00435925256178419,-0.0123978300180832
a0f434772860d7a5d5874774,LINKUSDT,4,2026-02-26T05:55:00Z,2026-02-26T06:00:00Z,9.297,9.272,0.0026890394750995325,0.005162955792191034,0.004410024739163019,0.002473916317091501,0.5208333333333403,10,50,3,15,True,False,True,True,False,False,False,True,False,False,0.003657093686135387,0.0019361084220717091,0.003657093686135387,-0.00021512315800784033,0.003657093686135387,-0.0022587931590834697,0.003657093686135387,0.002258793159083661,0.003657093686135387,0.002581477896095612,0.005162955792191034,0.0026890394750995325
928873e1b9b89ae601d7bb98,ADAUSDT,4,2026-02-26T06:55:00Z,2026-02-26T07:00:00Z,0.294,0.2932,0.002721088435374039,0.004421768707482884,0.0057823129251701865,0.0017006802721088454,0.6153846153846055,10,50,3,15,True,False,True,True,False,False,False,True,False,False,0.0006802721088434626,-0.002721088435374228,0.0006802721088434626,-0.0034013605442176904,0.0006802721088434626,-0.003061224489795959,0.0006802721088434626,-0.002721088435374228,0.004081632653061153,0.0034013605442176904,0.004421768707482884,0.002721088435374039
608f6e64d0c9681130374c2a,SOLUSDT,4,2026-02-26T13:55:00Z,2026-02-26T14:00:00Z,87.58,86.97,0.00696506051609956,0.015414478191367828,0.007307604475907748,0.008449417675268269,0.45185185185185334,10,50,8,40,True,False,True,True,True,False,False,True,False,False,0.0021694450787850847,0.0014843571591687081,0.004224708837634215,0.0013701758392327536,0.004224708837634215,-0.0034254395980817215,0.004224708837634215,-0.0017127197990409418,0.005709065996802923,0.0034254395980817215,0.015414478191367828,0.00696506051609956
03a79994e4c8f9f4519d5f8f,BTCUSDT,4,2026-02-26T21:55:00Z,2026-02-26T22:00:00Z,67432.1,67531.4,-0.0014725924300146125,0.0024172463856234638,0.0023846209742835883,0.0038898388156380762,-0.6092024539876587,5,25,10,50,True,True,False,False,True,True,True,False,True,False,0.0005042109025226858,-0.00014829732427137815,0.0009683815274921426,0.0003618454712222922,0.0009683815274921426,-0.0011240937179768738,0.0024172463856234638,0.0008037714975510422,0.0024172463856234638,-0.0018551995266348114,0.0024172463856234638,-0.0014725924300146125
100c8869b68e54cf2691bf0c,LINKUSDT,4,2026-02-27T04:55:00Z,2026-02-27T05:00:00Z,9.18,9.181,-0.00010893246187357798,0.0015250544662308656,0.004357298474945635,0.0016339869281044436,-0.07142857142853518,5,25,4,20,True,True,False,False,True,True,True,True,False,False,0.0003267973856209274,-0.0007625272331154328,0.0003267973856209274,-0.0008714596949892043,0.0003267973856209274,-0.00239651416122007,0.0015250544662308656,-0.002287581699346492,0.0015250544662308656,-0.0027233115468409974,0.0015250544662308656,-0.00010893246187357798
c545ae508b66a760ea9813f1,LINKUSDT,4,2026-02-27T05:55:00Z,2026-02-27T06:00:00Z,9.181,9.18,0.00010892059688481057,0.006317394619322496,0.002614094325237002,0.006208474022437685,0.017241379310335325,6,30,10,50,True,False,True,True,True,True,False,False,True,False,0.0008713647750788715,-0.0009802853719638755,0.0008713647750788715,-0.00021784119376981462,0.0016338089532729324,0.0010892059688486862,0.006317394619322496,0.003158697309661248,0.006317394619322496,-0.0010892059688488796,0.006317394619322496,0.00010892059688481057
06eb7c8b3c1fb7109e5f9a9a,LINKUSDT,4,2026-02-27T06:55:00Z,2026-02-27T07:00:00Z,9.18,9.172,0.0008714596949890108,0.006971677559912861,0.0007625272331154328,0.00610021786492385,0.12499999999998611,8,40,2,10,True,False,True,True,True,True,False,True,False,False,0.002505446623093648,0.0017429193899782152,0.002505446623093648,0.00010893246187357798,0.002505446623093648,0.0009803921568627824,0.0037037037037035863,0.0032679738562090806,0.006971677559912861,0.004575163398692791,0.006971677559912861,0.0008714596949890108
d0c847e4484d88575f21f4ec,LINKUSDT,4,2026-02-27T08:55:00Z,2026-02-27T09:00:00Z,9.176,9.079,0.010571054925893584,0.012750653879686234,0.001961639058413326,0.0021795989537926504,0.8290598290598188,10,50,5,25,True,False,True,False,False,False,False,True,False,False,0.0008718395815170984,-0.00010897994768956471,0.0008718395815170984,-0.0011987794245857926,0.000980819529206663,-0.0006538796861377754,0.003160418482999119,0.0004359197907584524,0.006865736704446448,0.006865736704446448,0.012750653879686234,0.010571054925893584
b63d036a0b3821a0102fb703,ETHUSDT,4,2026-02-27T21:55:00Z,2026-02-27T22:00:00Z,1920.31,1920.1,0.0001093573433456246,0.018387656159682523,0.003051590628596491,0.0182782988163369,0.005947323704334089,7,35,10,50,True,False,True,True,True,True,False,False,True,False,0.0013591555530096183,0.0012914581499862098,0.0021871468669121368,0.0014268529560331452,0.0021871468669121368,0.0010779509558352226,0.005316849883612561,0.004051429196327662,0.018387656159682523,-6.248991048326481e-05,0.018387656159682523,0.0001093573433456246
5e6755c191891f0b4ab36285,SUIUSDT,4,2026-02-28T02:55:00Z,2026-02-28T03:00:00Z,0.899,0.8922,0.007563959955506149,0.010789766407119067,0.0006674082313681133,0.0032258064516129175,0.7010309278350515,9,45,3,15,True,False,True,True,False,False,False,True,False,False,0.0011123470522803123,0.0008898776418242747,0.0011123470522803123,0.0007786429365962557,0.0018909899888765681,0.0018909899888765681,0.004004449388209174,0.003670745272524994,0.010789766407119067,0.009010011123470519,0.010789766407119067,0.007563959955506149
16731029ebc587245c3f63bf,BNBUSDT,4,2026-02-28T15:55:00Z,2026-02-28T16:00:00Z,603.86,603.54,0.0005299241546054549,0.0032292253171265616,0.0018216142814560042,0.0026993011625211067,0.16410256410258592,8,40,3,15,True,False,True,True,True,True,False,True,False,False,0.001755373762130393,0.0012420097373563408,0.002268737786904257,-0.0004802437651110582,0.002268737786904257,-0.00011592090881981972,0.002268737786904257,0.00011592090882000798,0.0032292253171265616,-0.0008280064915708939,0.0032292253171265616,0.0005299241546054549
5541a10747044ca46245cece,BTCUSDT,4,2026-02-28T20:55:00Z,2026-02-28T21:00:00Z,66918.6,66684.8,0.003493796941358649,0.008800243878383717,0.0013643441434816083,0.005306446937025068,0.39701137714382656,4,20,8,40,True,False,True,True,True,False,False,False,True,False,0.007736264655865657,0.005992354890867411,0.0084849354290138,0.007178871046316102,0.0084849354290138,0.005674057735816524,0.008800243878383717,0.007208758103128408,0.008800243878383717,0.0016901130627360078,0.008800243878383717,0.003493796941358649
7ba9b9b251e4535e8d2053c1,BNBUSDT,4,2026-02-28T22:55:00Z,2026-02-28T23:00:00Z,618.01,617.14,0.001407744211258725,0.004449766185013188,0.0005339719422016487,0.003042021973754463,0.316363636363638,8,40,1,5,True,False,True,True,True,False,False,True,False,False,0.00161809679455025,0.0010517629164576256,0.00161809679455025,0.0006796006537110388,0.0034141842365010494,0.0026860406789533634,0.0034141842365010494,0.0024433261597708628,0.004449766185013188,0.0026698597110078755,0.004449766185013188,0.001407744211258725
